GKGRECORDID,DATE,SOURCECOMMONNAME,DOCUMENTIDENTIFIER,theme_list,tone_value
20260412101500-0,20260412101500,pakistantoday.com.pk,https://www.pakistantoday.com.pk/2026/04/12/gb-cabinet-approves-police-expansion-ctd-renaming-and-transfer-of-nine-roads-to-nha,"['TAX_FNCACT_PRIME_MINISTER', 'RECRUITMENT', 'RECRUITMENT', 'RECRUITMENT', 'LEGISLATION', 'EPU_POLICY_LAW', 'TAX_FNCACT_MARSHAL', 'TAX_FNCACT_SPOKESPERSON', 'USPEC_POLICY1', 'TAX_FNCACT_CARETAKER', 'TAX_FNCACT_CARETAKER', 'TAX_FNCACT_CARETAKER', 'TAX_FNCACT_CARETAKER', 'TAX_FNCACT_CARETAKER', 'TAX_FNCACT_CARETAKER', 'TAX_FNCACT_CARETAKER', 'WB_696_PUBLIC_SECTOR_MANAGEMENT', 'WB_696_PUBLIC_SECTOR_MANAGEMENT', 'WB_840_JUSTICE', 'WB_840_JUSTICE', 'WB_1948_SUBSIDIES', 'WB_695_POVERTY', 'WB_706_EVIDENCE_BASED_POLICY', 'MEDIA_MSM', 'TAX_FNCACT_CHIEF', 'TAX_FNCACT_CHIEF', 'TAX_FNCACT_CHIEF', 'WB_566_ENVIRONMENT_AND_NATURAL_RESOURCES', 'WB_1777_FORESTS', 'WB_590_ECOSYSTEMS', 'UNGP_FORESTS_RIVERS_OCEANS', 'KILL', 'TAX_FNCACT_LEADER', 'TAX_FNCACT_MINISTER', 'TAX_FNCACT_MINISTER', 'TAX_FNCACT_MINISTER', 'TAX_FNCACT_MINISTER', 'TAX_FNCACT_MINISTER', 'TAX_FNCACT_MINISTER', 'TAX_FNCACT_MINISTER', 'TAX_FNCACT_MINISTER', 'TAX_FNCACT_MINISTER', 'TAX_FNCACT_MINISTER', 'TAX_FNCACT_MINISTER', 'WB_1627_ENERGY_SUBSIDIES', 'WB_1623_PRICE_SUBSIDIES', 'WB_1466_SOCIAL_ASSISTANCE', 'WB_1628_FUEL_SUBSIDIES', 'WB_697_SOCIAL_PROTECTION_AND_LABOR', 'CEASEFIRE', 'CEASEFIRE', 'PROTEST', 'WB_2473_DIPLOMACY_AND_NEGOTIATIONS', 'WB_2470_PEACE_OPERATIONS_AND_CONFLICT_MANAGEMENT', 'WB_2471_PEACEKEEPING', 'MANMADE_DISASTER_IMPLIED', 'WB_168_ROADS_AND_HIGHWAYS', 'WB_135_TRANSPORT', 'WB_1809_HIGHWAYS', 'WB_1803_TRANSPORT_INFRASTRUCTURE', 'SOC_EXPRESSREGRET', 'SECURITY_SERVICES', 'SECURITY_SERVICES', 'TAX_FNCACT_POLICE', 'TAX_FNCACT_POLICE', 'CRISISLEX_C07_SAFETY', 'CRISISLEX_C07_SAFETY', 'ARMEDCONFLICT', 'ECON_TAXATION', 'EPU_POLICY_TAX', 'EPU_CATS_TAXES', 'GENERAL_GOVERNMENT', 'EPU_POLICY_GOVERNMENT', 'WB_2468_CONVENTIONAL_WAR', 'WB_2433_CONFLICT_AND_VIOLENCE', 'WB_2432_FRAGILITY_CONFLICT_AND_VIOLENCE', 'WB_2462_POLITICAL_VIOLENCE_AND_WAR', 'CRISISLEX_CRISISLEXREC', 'LEADER', 'TAX_FNCACT_FIELD_MARSHAL']",0.225733634311513
20260412101500-1,20260412101500,livemint.com,https://www.livemint.com/money/personal-finance/fd-rates-top-five-private-banks-of-india-offer-up-to-7-5-fixed-deposit-interest-rates-hdfc-icici-axis-kotak-mahindra-11775966101756.html,"['WB_1675_GRADUATION', 'WB_855_LABOR_MARKETS', 'WB_1673_PASSIVE_LABOR_MARKETS_POLICIES', 'WB_697_SOCIAL_PROTECTION_AND_LABOR', 'WB_2433_CONFLICT_AND_VIOLENCE', 'WB_2432_FRAGILITY_CONFLICT_AND_VIOLENCE', 'EPU_ECONOMY_HISTORIC', 'EPU_ECONOMY_HISTORIC', 'EPU_ECONOMY_HISTORIC', 'EPU_ECONOMY_HISTORIC', 'EDUCATION', 'SOC_POINTSOFINTEREST_COLLEGE', 'MEDIA_MSM', 'TAX_FNCACT_JOURNALIST', 'MARITIME', 'SOC_POINTSOFINTEREST_UNIVERSITY', 'USPEC_POLICY1', 'EPU_POLICY_POLICY', 'TAX_ETHNICITY_ASIAN']",-0.492610837438423
20260412101500-2,20260412101500,pakistantoday.com.pk,https://www.pakistantoday.com.pk/2026/04/12/police-official-killed-in-attack-on-peshawar-outskirts,"['TAX_FNCACT_AUTHORITIES', 'EPU_POLICY_AUTHORITIES', 'SUICIDE_ATTACK', 'TAX_FNCACT_VICTIMS', 'CRISISLEX_T08_MISSINGFOUNDTRAPPEDPEOPLE', 'TAX_FNCACT_OFFICER', 'KIDNAP', 'ARMEDCONFLICT', 'ARMEDCONFLICT', 'SECURITY_SERVICES', 'SECURITY_SERVICES', 'SECURITY_SERVICES', 'SECURITY_SERVICES', 'SECURITY_SERVICES', 'SECURITY_SERVICES', 'SECURITY_SERVICES', 'SECURITY_SERVICES', 'SECURITY_SERVICES', 'SECURITY_SERVICES', 'SECURITY_SERVICES', 'SECURITY_SERVICES', 'SECURITY_SERVICES', 'TAX_FNCACT_POLICE', 'TAX_FNCACT_POLICE', 'TAX_FNCACT_POLICE', 'TAX_FNCACT_POLICE', 'TAX_FNCACT_POLICE', 'TAX_FNCACT_POLICE', 'TAX_FNCACT_POLICE', 'TAX_FNCACT_POLICE', 'TAX_FNCACT_POLICE', 'TAX_FNCACT_POLICE', 'TAX_FNCACT_POLICE', 'TAX_FNCACT_POLICE', 'TAX_FNCACT_POLICE', 'CRISISLEX_C07_SAFETY', 'CRISISLEX_C07_SAFETY', 'CRISISLEX_C07_SAFETY', 'CRISISLEX_C07_SAFETY', 'CRISISLEX_C07_SAFETY', 'CRISISLEX_C07_SAFETY', 'CRISISLEX_C07_SAFETY', 'CRISISLEX_C07_SAFETY', 'CRISISLEX_C07_SAFETY', 'CRISISLEX_C07_SAFETY', 'CRISISLEX_C07_SAFETY', 'CRISISLEX_C07_SAFETY', 'CRISISLEX_C07_SAFETY', 'SOC_POINTSOFINTEREST_HEADQUARTERS', 'SOC_POINTSOFINTEREST_HEADQUARTERS', 'GENERAL_HEALTH', 'GENERAL_HEALTH', 'MEDICAL', 'MEDICAL', 'SOC_POINTSOFINTEREST_HOSPITAL', 'SOC_POINTSOFINTEREST_HOSPITAL', 'CRISISLEX_C03_WELLBEING_HEALTH', 'CRISISLEX_C03_WELLBEING_HEALTH', 'CRISISLEX_T02_INJURED', 'TAX_FNCACT_POLICE_OFFICER', 'TAX_FNCACT_POLICEMAN', 'TAX_FNCACT_POLICEMAN', 'TAX_FNCACT_POLICEMAN', 'KILL', 'KILL', 'TAX_FNCACT_OFFICIALS', 'TAX_FNCACT_OFFICIALS', 'TAX_FNCACT_OFFICIALS', 'TAX_FNCACT_OFFICIALS', 'TAX_FNCACT_OFFICIAL', 'TAX_FNCACT_OFFICIAL', 'TAX_FNCACT_OFFICIAL', 'TAX_FNCACT_OFFICIAL', 'CRISISLEX_CRISISLEXREC', 'CRISISLEX_T11_UPDATESSYMPATHY', 'TAX_FNCACT_VICTIM', 'CRISISLEX_T03_DEAD', 'CRISISLEX_T03_DEAD', 'CRISISLEX_T03_DEAD']",-5.23255813953488
20260412101500-3,20260412101500,wyomingnewsnow.tv,https://www.wyomingnewsnow.tv/news/national/legendary-indian-singer-asha-bhosle-dies-aged-92/article_4692a69e-45a3-524a-9859-a6166ff62933.html,"['TAX_ETHNICITY_INDIAN', 'TAX_ETHNICITY_INDIAN', 'TAX_ETHNICITY_INDIAN', 'TAX_FNCACT_SINGER', 'TAX_ETHNICITY_ARAB', 'TAX_FNCACT_CHILD', 'TAX_FNCACT_ELDER', 'WB_1609_FOOD_AND_IN_KIND_TRANSFERS', 'WB_1620_ELDERLY', 'WB_1466_SOCIAL_ASSISTANCE', 'WB_1618_FOOD_DISTRIBUTION', 'WB_697_SOCIAL_PROTECTION_AND_LABOR', 'TAX_FNCACT_NOMINEE', 'TAX_FNCACT_FATHER', 'LEADER', 'TAX_FNCACT_PRIME_MINISTER', 'WB_1979_NATURAL_RESOURCE_MANAGEMENT', 'WB_435_AGRICULTURE_AND_FOOD_SECURITY', 'WB_1986_MOUNTAINS', 'KILL', 'KILL', 'CRISISLEX_T03_DEAD', 'CRISISLEX_T03_DEAD', 'CRISISLEX_CRISISLEXREC', 'CRISISLEX_CRISISLEXREC', 'TAX_DISEASE_INFECTION', 'MEDIA_MSM', 'TAX_FNCACT_ARTISTS', 'TAX_FNCACT_MINISTER', 'GENERAL_HEALTH', 'MEDICAL', 'SOC_POINTSOFINTEREST_HOSPITAL', 'CRISISLEX_C03_WELLBEING_HEALTH', 'WB_2670_JOBS', 'WB_696_PUBLIC_SECTOR_MANAGEMENT', 'WB_2048_COMPENSATION_CAREERS_AND_INCENTIVES', 'WB_723_PUBLIC_ADMINISTRATION', 'WB_724_HUMAN_RESOURCES_FOR_PUBLIC_SECTOR']",1.76678445229682
20260412101500-4,20260412101500,news.az,https://news.az/news/china-denies-us-claims-of-imminent-air-defense-shipments-to-iran,"['TAX_FNCACT_VICE_PRESIDENT', 'NEGOTIATIONS', 'WB_696_PUBLIC_SECTOR_MANAGEMENT', 'WB_840_JUSTICE', 'WB_2473_DIPLOMACY_AND_NEGOTIATIONS', 'WB_939_NEGOTIATION', 'WB_2470_PEACE_OPERATIONS_AND_CONFLICT_MANAGEMENT', 'WB_936_ALTERNATIVE_DISPUTE_RESOLUTION', 'WB_843_DISPUTE_RESOLUTION', 'WB_2471_PEACEKEEPING', 'LEADER', 'LEADER', 'LEADER', 'TAX_FNCACT_PRESIDENT', 'TAX_FNCACT_PRESIDENT', 'TAX_FNCACT_PRESIDENT', 'USPEC_POLITICS_GENERAL1', 'USPEC_POLITICS_GENERAL1', 'USPEC_POLITICS_GENERAL1', 'CEASEFIRE', 'EPU_POLICY_WHITE_HOUSE', 'MANMADE_DISASTER_IMPLIED', 'MANMADE_DISASTER_IMPLIED', 'TAX_WEAPONS_AIR_DEFENSE_SYSTEMS', 'TAX_WEAPONS_AIR_DEFENSE_SYSTEMS', 'UNREST_BELLIGERENT', 'TAX_WEAPONS_MANPADS', 'TAX_FNCACT_SPOKESPERSON', 'TAX_FNCACT_SPOKESPERSON', 'TAX_ETHNICITY_CHINESE', 'TAX_WORLDLANGUAGES_CHINESE', 'MEDIA_MSM', 'WB_2433_CONFLICT_AND_VIOLENCE', 'WB_2432_FRAGILITY_CONFLICT_AND_VIOLENCE']",-6.45161290322581
20260412101500-5,20260412101500,el-balad.com,https://www.el-balad.com/16910438,[],-1.51338766006985
20260412101500-6,20260412101500,dailypioneer.com,https://dailypioneer.com/news/100-mapping-of-voters-need-of-hour-maharashtra-ceo,"['TAX_FNCACT_CHIEF', 'ELECTION', 'ELECTION', 'ELECTION', 'TAX_MILITARY_TITLE_OFFICER', 'TAX_FNCACT_OFFICER', 'TRANSPARENCY', 'TRANSPARENCY', 'TRANSPARENCY', 'TAX_FNCACT_CEO', 'TAX_FNCACT_CEO', 'TAX_WORLDLANGUAGES_MAHARASHTRA', 'TAX_WORLDLANGUAGES_MAHARASHTRA', 'TAX_WORLDLANGUAGES_MAHARASHTRA', 'TAX_MILITARY_TITLE_OFFICERS', 'TAX_FNCACT_OFFICERS', 'CRISISLEX_T04_INFRASTRUCTURE', 'TAX_FNCACT_OFFICIALS']",-0.40983606557377
20260412101500-7,20260412101500,fool.com,https://www.fool.com/investing/2026/04/12/gamestops-cash-reserves-hit-9-billion-but-wall-str/?source=iedfolrf0000001,[],-0.354609929078014
20260412101500-8,20260412101500,livelaw.in,https://www.livelaw.in/articles/fractured-world-order-war-beyond-lawlessness-529904,"['CRISISLEX_C07_SAFETY', 'UNGP_FORESTS_RIVERS_OCEANS', 'UNGP_FORESTS_RIVERS_OCEANS', 'UNGP_FORESTS_RIVERS_OCEANS', 'WB_1751_LIQUEFIED_NATURAL_GAS', 'WB_1751_LIQUEFIED_NATURAL_GAS', 'WB_1751_LIQUEFIED_NATURAL_GAS', 'WB_507_ENERGY_AND_EXTRACTIVES', 'WB_507_ENERGY_AND_EXTRACTIVES', 'WB_507_ENERGY_AND_EXTRACTIVES', 'WB_549_OIL_AND_GAS_SYSTEMS', 'WB_549_OIL_AND_GAS_SYSTEMS', 'WB_549_OIL_AND_GAS_SYSTEMS', 'ARMEDCONFLICT', 'WB_2433_CONFLICT_AND_VIOLENCE', 'WB_2432_FRAGILITY_CONFLICT_AND_VIOLENCE', 'WB_2462_POLITICAL_VIOLENCE_AND_WAR', 'EPU_ECONOMY', 'EPU_ECONOMY', 'EPU_ECONOMY', 'EPU_ECONOMY', 'EPU_ECONOMY', 'EPU_ECONOMY', 'EPU_ECONOMY', 'EPU_ECONOMY', 'EPU_ECONOMY', 'EPU_ECONOMY', 'EPU_ECONOMY', 'EPU_ECONOMY_HISTORIC', 'EPU_ECONOMY_HISTORIC', 'EPU_ECONOMY_HISTORIC', 'EPU_ECONOMY_HISTORIC', 'EPU_ECONOMY_HISTORIC', 'EPU_ECONOMY_HISTORIC', 'EPU_ECONOMY_HISTORIC', 'EPU_ECONOMY_HISTORIC', 'EPU_ECONOMY_HISTORIC', 'EPU_ECONOMY_HISTORIC', 'EPU_ECONOMY_HISTORIC', 'CRISISLEX_CRISISLEXREC', 'USPEC_POLICY1', 'USPEC_POLICY1', 'EPU_POLICY_POLICY', 'EPU_POLICY_POLICY', 'EPU_CATS_NATIONAL_SECURITY', 'EPU_CATS_NATIONAL_SECURITY', 'TAX_ECON_PRICE', 'TAX_ECON_PRICE', 'UNREST_BELLIGERENT', 'UNREST_BELLIGERENT', 'EPU_UNCERTAINTY', 'SANCTIONS', 'TAX_ETHNICITY_INDIAN', 'TAX_WORLDLANGUAGES_RUSSIA', 'TAX_DISEASE_PARALYSIS', 'ECON_NATGASPRICE', 'RESIGNATION', 'ENV_OIL', 'ENV_OIL', 'FUELPRICES', 'WB_2492_COUNTER_TERRORISM', 'WB_2470_PEACE_OPERATIONS_AND_CONFLICT_MANAGEMENT', 'WB_2490_NATIONAL_PROTECTION_AND_SECURITY', 'ECON_INFLATION', 'TAX_ETHNICITY_RUSSIAN', 'TAX_WORLDLANGUAGES_RUSSIAN', 'EVACUATION', 'CRISISLEX_T01_CAUTION_ADVICE', 'CRISISLEX_T09_DISPLACEDRELOCATEDEVACUATED', 'TAX_ETHNICITY_ASIAN', 'WB_1160_SHOCKS_AND_VULNERABILITY', 'WB_1160_SHOCKS_AND_VULNERABILITY', 'WB_695_POVERTY', 'WB_695_POVERTY', 'WB_845_LEGAL_AND_REGULATORY_FRAMEWORK', 'WB_845_LEGAL_AND_REGULATORY_FRAMEWORK', 'WB_696_PUBLIC_SECTOR_MANAGEMENT', 'WB_696_PUBLIC_SECTOR_MANAGEMENT', 'WB_962_INTERNATIONAL_LAW', 'WB_962_INTERNATIONAL_LAW', 'ENV_NATURALGAS', 'ENV_NATURALGAS', 'ENV_NATURALGAS', 'WB_135_TRANSPORT', 'WB_1174_WAREHOUSING_AND_STORAGE', 'WB_793_TRANSPORT_AND_LOGISTICS_SERVICES', 'ECON_REMITTANCE', 'WB_775_TRADE_POLICY_AND_INTEGRATION', 'WB_780_TRADE_IN_SERVICES', 'WB_783_TEMPORARY_MOVEMENT_OF_LABOR', 'ALLIANCE', 'BLOCKADE', 'SEIGE', 'LEGISLATION', 'LEGISLATION', 'LEGISLATION', 'LEGISLATION', 'LEGISLATION', 'LEGISLATION', 'EPU_POLICY_LAW', 'EPU_POLICY_LAW', 'EPU_POLICY_LAW', 'EPU_POLICY_LAW', 'EPU_POLICY_LAW', 'EPU_POLICY_LAW', 'WB_2601_TRADE_LINKAGES_SPILLOVERS_AND_CONNECTIVITY', 'WB_2601_TRADE_LINKAGES_SPILLOVERS_AND_CONNECTIVITY', 'WB_772_TRADE_FACILITATION_AND_LOGISTICS', 'WB_772_TRADE_FACILITATION_AND_LOGISTICS', 'WB_699_URBAN_DEVELOPMENT', 'WB_699_URBAN_DEVELOPMENT', 'WB_866_CONNECTIVITY_AND_LAGGING_REGIONS', 'WB_866_CONNECTIVITY_AND_LAGGING_REGIONS', 'WB_698_TRADE', 'WB_698_TRADE', 'WB_797_NATIONAL_URBAN_POLICIES', 'WB_797_NATIONAL_URBAN_POLICIES', 'ECON_OILPRICE', 'WB_1973_FINANCIAL_RISK_REDUCTION', 'WB_435_AGRICULTURE_AND_FOOD_SECURITY', 'WB_337_INSURANCE', 'WB_1967_AGRICULTURAL_RISK_AND_SECURITY', 'TAX_FNCACT_OFFICIAL', 'TAX_DISEASE_FRACTURES', 'EPU_POLICY_POLITICAL', 'EPU_POLICY_POLITICAL', 'EPU_POLICY_POLITICAL', 'WB_2745_JOB_QUALITY_AND_LABOR_MARKET_PERFORMANCE', 'WB_2670_JOBS', 'WB_2689_JOBS_DIAGNOSTICS', 'WB_2748_EMPLOYMENT', 'ENV_COAL']",-8.04859529233106
20260412101500-9,20260412101500,wiltshiretimes.co.uk,https://www.wiltshiretimes.co.uk/news/national/26013983.hungary-polls-key-election-unseat-orban-16-years/,"['GENERAL_GOVERNMENT', 'GENERAL_GOVERNMENT', 'EPU_POLICY_GOVERNMENT', 'EPU_POLICY_GOVERNMENT', 'PROTEST', 'MOVEMENT_GENERAL', 'TAX_FNCACT_ACTIVISTS', 'EPU_CATS_HEALTHCARE', 'UNREST_CRACKDOWN', 'EXTREMISM', 'EXTREMISM', 'CORRUPTION', 'CORRUPTION', 'ELECTION', 'ELECTION', 'ELECTION', 'ELECTION', 'ELECTION', 'ELECTION', 'ELECTION', 'TAX_WORLDLANGUAGES_MAGYAR', 'TAX_WORLDLANGUAGES_MAGYAR', 'TAX_WORLDLANGUAGES_MAGYAR', 'TAX_WORLDLANGUAGES_MAGYAR', 'TAX_WORLDLANGUAGES_MAGYAR', 'TAX_WORLDLANGUAGES_MAGYAR', 'TAX_WORLDLANGUAGES_MAGYAR', 'PROPAGANDA', 'TAX_FNCACT_SUPPORTERS', 'TAX_WORLDLANGUAGES_RUSSIA', 'PIRACY', 'EPU_ECONOMY_HISTORIC', 'WB_1458_HEALTH_PROMOTION_AND_DISEASE_PREVENTION', 'WB_1462_WATER_SANITATION_AND_HYGIENE', 'WB_635_PUBLIC_HEALTH', 'WB_621_HEALTH_NUTRITION_AND_POPULATION', 'VETO', 'USPEC_UNCERTAINTY1', 'TAX_FNCACT_INSIDER', 'TRIAL', 'TAX_ETHNICITY_HUNGARIAN', 'TAX_WORLDLANGUAGES_HUNGARIAN', 'SLFID_RULE_OF_LAW', 'MEDIA_MSM', 'MEDIA_MSM', 'TAX_FNCACT_LEADER', 'TAX_FNCACT_LEADER', 'TAX_FNCACT_LEADER', 'TAX_FNCACT_MINISTER', 'USPEC_POLITICS_GENERAL1', 'USPEC_POLITICS_GENERAL1', 'USPEC_POLITICS_GENERAL1', 'UNGP_FORESTS_RIVERS_OCEANS', 'EPU_POLICY_POLITICAL', 'LEADER', 'TAX_FNCACT_PRIME_MINISTER', 'DEMOCRACY', 'DEMOCRACY', 'UNGP_POLITICAL_FREEDOMS', 'UNGP_POLITICAL_FREEDOMS', 'TAX_FNCACT_CITIZENS', 'WB_678_DIGITAL_GOVERNMENT', 'WB_694_BROADCAST_AND_MEDIA', 'WB_133_INFORMATION_AND_COMMUNICATION_TECHNOLOGIES', 'AFFECT', 'WB_135_TRANSPORT', 'ECON_WORLDCURRENCIES_EURO', 'GENERAL_HEALTH', 'MEDICAL', 'LEGISLATION', 'EPU_POLICY_LAW']",-1.05105105105105
20260412101500-10,20260412101500,scmp.com,https://www.scmp.com/news/world/africa/article/3349796/benin-election-favours-continuity-amid-al-qaeda-attacks-poverty,"['TAX_FNCACT_ANALYST', 'TAX_FNCACT_MAN', 'TAX_FNCACT_LAWMAKERS', 'EPU_POLICY_LAWMAKERS', 'TAX_FNCACT_MINISTER', 'EPU_ECONOMY', 'EPU_ECONOMY_HISTORIC', 'EPU_POLICY_POLITICAL', 'TAX_FNCACT_FINANCE_MINISTER', 'LEADER', 'TAX_FNCACT_PRESIDENT', 'USPEC_POLITICS_GENERAL1', 'ELECTION', 'JIHAD', 'TERROR', 'ARMEDCONFLICT', 'WB_471_ECONOMIC_GROWTH', 'TAX_WORLDLANGUAGES_BENIN']",-2.65957446808511
20260412101500-11,20260412101500,jwire.com.au,https://www.jwire.com.au/on-the-other-hand-378/,"['UNGP_FORESTS_RIVERS_OCEANS', 'UNGP_FORESTS_RIVERS_OCEANS', 'EPU_POLICY_BUDGET', 'USPEC_POLICY1', 'EPU_POLICY_POLICY', 'ARMEDCONFLICT', 'EPU_CATS_NATIONAL_SECURITY', 'WB_1803_TRANSPORT_INFRASTRUCTURE', 'WB_1803_TRANSPORT_INFRASTRUCTURE', 'WB_166_RAILWAYS', 'WB_166_RAILWAYS', 'UNGP_TRANSPORTATION_ROADS', 'INFRASTRUCTURE_BAD_ROADS', 'WB_1458_HEALTH_PROMOTION_AND_DISEASE_PREVENTION', 'WB_1429_ROAD_SAFETY', 'WB_790_TRANSPORT_AND_SUSTAINABLE_DEVELOPMENT', 'WB_635_PUBLIC_HEALTH', 'WB_784_TRAFFIC_AND_ROAD_SAFETY', 'WB_621_HEALTH_NUTRITION_AND_POPULATION', 'WB_1808_TRANSPORT_SAFETY', 'CRISISLEX_CRISISLEXREC', 'PUBLIC_TRANSPORT', 'WB_1817_CONGESTION', 'WB_162_TRANSPORT_ECONOMICS', 'WB_135_TRANSPORT']",2.17391304347826
20260412101500-12,20260412101500,countypress.co.uk,https://www.countypress.co.uk/news/national/26014084.russia-ukraine-trade-blame-violating-orthodox-easter-ceasefire/,"['DRONES', 'DRONES', 'DRONES', 'CRISISLEX_CRISISLEXREC', 'TAX_WORLDLANGUAGES_RUSSIA', 'TAX_WORLDLANGUAGES_RUSSIA', 'TAX_WORLDLANGUAGES_RUSSIA', 'TAX_WORLDLANGUAGES_RUSSIA', 'TAX_WORLDLANGUAGES_RUSSIA', 'TAX_ETHNICITY_UKRAINIAN', 'TAX_ETHNICITY_UKRAINIAN', 'TAX_ETHNICITY_UKRAINIAN', 'TAX_ETHNICITY_UKRAINIAN', 'TAX_ETHNICITY_UKRAINIAN', 'TAX_WORLDLANGUAGES_UKRAINIAN', 'TAX_WORLDLANGUAGES_UKRAINIAN', 'TAX_WORLDLANGUAGES_UKRAINIAN', 'TAX_WORLDLANGUAGES_UKRAINIAN', 'TAX_WORLDLANGUAGES_UKRAINIAN', 'CEASEFIRE', 'CEASEFIRE', 'CEASEFIRE', 'CEASEFIRE', 'CEASEFIRE', 'LEADER', 'LEADER', 'TAX_FNCACT_PRESIDENT', 'TAX_FNCACT_PRESIDENT', 'USPEC_POLITICS_GENERAL1', 'USPEC_POLITICS_GENERAL1', 'TAX_MILITARY_TITLE_OFFICER', 'TAX_FNCACT_OFFICER', 'DISASTER_FIRE', 'CRISISLEX_T04_INFRASTRUCTURE', 'CRISISLEX_O02_RESPONSEAGENCIESATCRISIS', 'TAX_ETHNICITY_RUSSIAN', 'TAX_ETHNICITY_RUSSIAN', 'TAX_ETHNICITY_RUSSIAN', 'TAX_ETHNICITY_RUSSIAN', 'TAX_WORLDLANGUAGES_RUSSIAN', 'TAX_WORLDLANGUAGES_RUSSIAN', 'TAX_WORLDLANGUAGES_RUSSIAN', 'TAX_WORLDLANGUAGES_RUSSIAN', 'TAX_WEAPONS_DRONE_STRIKE', 'TAX_RELIGION_ORTHODOX', 'WOUND', 'CRISISLEX_C03_WELLBEING_HEALTH', 'CRISISLEX_T02_INJURED', 'EPU_CATS_NATIONAL_SECURITY', 'TAX_FOODSTAPLES_BREAD', 'TAX_FOODSTAPLES_BREAD', 'TAX_WEAPONS_BOMBS', 'CRISISLEX_T01_CAUTION_ADVICE', 'ARMEDCONFLICT', 'TAX_FNCACT_MILITARY_OFFICER']",-9.74576271186441
20260412101500-13,20260412101500,wyomingnewsnow.tv,https://www.wyomingnewsnow.tv/news/national/war-in-the-middle-east-latest-developments/article_09173247-3476-5c8e-9438-4cc02cc4796f.html,"['DELAY', 'TAX_ETHNICITY_AMERICAN', 'GENERAL_GOVERNMENT', 'EPU_POLICY_GOVERNMENT', 'TAX_WORLDFISH_SWEEPERS', 'TAX_ETHNICITY_AUSTRALIAN', 'ARMEDCONFLICT', 'ARMEDCONFLICT', 'ARMEDCONFLICT', 'EPU_CATS_NATIONAL_SECURITY', 'EPU_CATS_NATIONAL_SECURITY', 'EPU_CATS_NATIONAL_SECURITY', 'MANMADE_DISASTER_IMPLIED', 'MANMADE_DISASTER_IMPLIED', 'MANMADE_DISASTER_IMPLIED', 'WB_2299_PIPELINES', 'WB_2299_PIPELINES', 'WB_2299_PIPELINES', 'WB_539_OIL_AND_GAS_POLICY_STRATEGY_AND_INSTITUTIONS', 'WB_539_OIL_AND_GAS_POLICY_STRATEGY_AND_INSTITUTIONS', 'WB_539_OIL_AND_GAS_POLICY_STRATEGY_AND_INSTITUTIONS', 'WB_507_ENERGY_AND_EXTRACTIVES', 'WB_507_ENERGY_AND_EXTRACTIVES', 'WB_507_ENERGY_AND_EXTRACTIVES', 'WB_548_PPP_IN_OIL_AND_GAS', 'WB_548_PPP_IN_OIL_AND_GAS', 'WB_548_PPP_IN_OIL_AND_GAS', 'TAX_FNCACT_SPOKESMAN', 'TAX_FNCACT_NAVY', 'TAX_FNCACT_MEDIATOR', 'TAX_FNCACT_FOREIGN_MINISTER', 'TAX_FNCACT_FOREIGN_MINISTER', 'CEASEFIRE', 'CEASEFIRE', 'CEASEFIRE', 'TAX_WEAPONS_WARSHIPS', 'ENV_WATERWAYS', 'WB_1805_WATERWAYS', 'WB_135_TRANSPORT', 'WB_1803_TRANSPORT_INFRASTRUCTURE', 'TAX_FNCACT_VICE_PRESIDENT', 'TAX_FNCACT_VICE_PRESIDENT', 'NEGOTIATIONS', 'NEGOTIATIONS', 'NEGOTIATIONS', 'NEGOTIATIONS', 'WB_696_PUBLIC_SECTOR_MANAGEMENT', 'WB_696_PUBLIC_SECTOR_MANAGEMENT', 'WB_696_PUBLIC_SECTOR_MANAGEMENT', 'WB_696_PUBLIC_SECTOR_MANAGEMENT', 'WB_840_JUSTICE', 'WB_840_JUSTICE', 'WB_840_JUSTICE', 'WB_840_JUSTICE', 'WB_2473_DIPLOMACY_AND_NEGOTIATIONS', 'WB_2473_DIPLOMACY_AND_NEGOTIATIONS', 'WB_2473_DIPLOMACY_AND_NEGOTIATIONS', 'WB_2473_DIPLOMACY_AND_NEGOTIATIONS', 'WB_939_NEGOTIATION', 'WB_939_NEGOTIATION', 'WB_939_NEGOTIATION', 'WB_939_NEGOTIATION', 'WB_2470_PEACE_OPERATIONS_AND_CONFLICT_MANAGEMENT', 'WB_2470_PEACE_OPERATIONS_AND_CONFLICT_MANAGEMENT', 'WB_2470_PEACE_OPERATIONS_AND_CONFLICT_MANAGEMENT', 'WB_2470_PEACE_OPERATIONS_AND_CONFLICT_MANAGEMENT', 'WB_936_ALTERNATIVE_DISPUTE_RESOLUTION', 'WB_936_ALTERNATIVE_DISPUTE_RESOLUTION', 'WB_936_ALTERNATIVE_DISPUTE_RESOLUTION', 'WB_936_ALTERNATIVE_DISPUTE_RESOLUTION', 'WB_2432_FRAGILITY_CONFLICT_AND_VIOLENCE', 'WB_2432_FRAGILITY_CONFLICT_AND_VIOLENCE', 'WB_2432_FRAGILITY_CONFLICT_AND_VIOLENCE', 'WB_2432_FRAGILITY_CONFLICT_AND_VIOLENCE', 'WB_843_DISPUTE_RESOLUTION', 'WB_843_DISPUTE_RESOLUTION', 'WB_843_DISPUTE_RESOLUTION', 'WB_843_DISPUTE_RESOLUTION', 'WB_2471_PEACEKEEPING', 'WB_2471_PEACEKEEPING', 'WB_2471_PEACEKEEPING', 'WB_2471_PEACEKEEPING', 'ENV_OIL', 'ENV_OIL', 'ENV_OIL', 'LEADER', 'LEADER', 'LEADER', 'TAX_FNCACT_PRESIDENT', 'TAX_FNCACT_PRESIDENT', 'TAX_FNCACT_PRESIDENT', 'USPEC_POLITICS_GENERAL1', 'USPEC_POLITICS_GENERAL1', 'USPEC_POLITICS_GENERAL1', 'TAX_POLITICAL_PARTY_REPUBLICAN', 'TAX_FNCACT_MINISTER', 'TAX_FNCACT_MINISTER', 'MEDIA_MSM', 'MEDIA_MSM', 'MEDIA_MSM', 'MILITARY', 'USPEC_UNCERTAINTY1', 'WB_2478_PEACE_PROCESSES_AND_DIALOGUE', 'ENV_MINING', 'TAX_FNCACT_SPOKESPERSON', 'ECON_OILPRICE', 'TAX_ETHNICITY_IRANIAN', 'TAX_ETHNICITY_IRANIAN', 'TAX_ETHNICITY_IRANIAN', 'TAX_ETHNICITY_IRANIAN', 'TAX_ETHNICITY_IRANIAN', 'WB_549_OIL_AND_GAS_SYSTEMS', 'WB_1768_OIL_AND_GAS_PIPELINE', 'WMD', 'WMD', 'TAX_FNCACT_OFFICIAL']",-1.53139356814701
20260412101500-14,20260412101500,registercitizen.com,https://www.registercitizen.com/connecticut/article/ct-oyster-farms-long-island-sound-brutal-winter-22190826.php,"['CRISISLEX_CRISISLEXREC', 'KILL', 'CRISISLEX_T03_DEAD', 'ENV_FISHERY', 'NATURAL_DISASTER_COLD_SNAP', 'NATURAL_DISASTER_COLD_SNAP', 'NATURAL_DISASTER_FRIGID', 'UNGP_FORESTS_RIVERS_OCEANS', 'NATURAL_DISASTER_DEEP_FREEZE', 'GENERAL_HEALTH', 'MEDICAL', 'TAX_FNCACT_NURSES', 'WB_1983_HEALTHY_OCEANS', 'WB_1979_NATURAL_RESOURCE_MANAGEMENT', 'WB_435_AGRICULTURE_AND_FOOD_SECURITY', 'WB_1048_MARINE_PROTECTED_AREAS', 'TAX_WORLDCRUSTACEANS_SHELLFISH', 'TAX_WORLDCRUSTACEANS_SHELLFISH', 'TAX_FNCACT_DIRECTOR', 'TAX_ETHNICITY_INDIAN', 'WB_137_WATER', 'WB_137_WATER', 'WB_137_WATER', 'TAX_FNCACT_INSIDER', 'TAX_FNCACT_BABY', 'NATURAL_DISASTER_BITTER_COLD', 'NATURAL_DISASTER_ICY', 'TAX_FNCACT_KILLER', 'AFFECT', 'AFFECT', 'AFFECT', 'CRISISLEX_C04_LOGISTICS_TRANSPORT', 'CRISISLEX_C04_LOGISTICS_TRANSPORT', 'CRISISLEX_C04_LOGISTICS_TRANSPORT', 'AGRICULTURE', 'AGRICULTURE', 'AGRICULTURE', 'AGRICULTURE', 'AGRICULTURE', 'AGRICULTURE', 'AGRICULTURE', 'NATURAL_DISASTER_ICE', 'NATURAL_DISASTER_ICE', 'NATURAL_DISASTER_ICE', 'NATURAL_DISASTER_ICE', 'NATURAL_DISASTER_ICE', 'NATURAL_DISASTER_ICE', 'NATURAL_DISASTER_ICE', 'NATURAL_DISASTER_ICE', 'NATURAL_DISASTER_ICE', 'NATURAL_DISASTER_ICE', 'NATURAL_DISASTER_ICE', 'NATURAL_DISASTER_ICE', 'NATURAL_DISASTER_ICE', 'NATURAL_DISASTER_ICE', 'NATURAL_DISASTER_ICE', 'NATURAL_DISASTER_ICE', 'NATURAL_DISASTER_ICE', 'NATURAL_DISASTER_ICE', 'NATURAL_DISASTER_ICE', 'NATURAL_DISASTER_ICE', 'NATURAL_DISASTER_ICE', 'NATURAL_DISASTER_ICE', 'TAX_DISEASE_PARASITIC_DISEASE', 'MARITIME_INCIDENT', 'MARITIME_INCIDENT', 'MARITIME_INCIDENT', 'MARITIME_INCIDENT', 'MARITIME_INCIDENT', 'MARITIME_INCIDENT', 'MARITIME', 'MARITIME', 'MARITIME', 'MARITIME', 'MARITIME', 'MARITIME', 'MANMADE_DISASTER_IMPLIED', 'MANMADE_DISASTER_IMPLIED', 'MANMADE_DISASTER_IMPLIED', 'MANMADE_DISASTER_IMPLIED', 'MANMADE_DISASTER_IMPLIED', 'MANMADE_DISASTER_IMPLIED', 'TAX_DISEASE_DISEASE', 'TAX_DISEASE_DISEASE', 'WB_1406_DISEASES', 'WB_1406_DISEASES', 'WB_621_HEALTH_NUTRITION_AND_POPULATION', 'WB_621_HEALTH_NUTRITION_AND_POPULATION', 'UNGP_HEALTHCARE', 'UNGP_HEALTHCARE', 'TAX_FNCACT_FARMERS', 'TAX_FNCACT_FARMERS', 'TAX_FNCACT_FARMERS', 'TAX_FNCACT_FARMERS', 'TAX_FNCACT_FARMERS', 'TAX_FNCACT_FARMERS', 'TAX_FNCACT_FARMERS']",-2.38290879211175
20260412101500-15,20260412101500,limerickleader.ie,https://www.limerickleader.ie/news/politics/2059844/breaking-we-don-t-know-what-s-ahead-of-us-an-organiser-of-protest-at-limerick-port.html,"['GENERAL_GOVERNMENT', 'GENERAL_GOVERNMENT', 'GENERAL_GOVERNMENT', 'GENERAL_GOVERNMENT', 'GENERAL_GOVERNMENT', 'EPU_POLICY_GOVERNMENT', 'EPU_POLICY_GOVERNMENT', 'EPU_POLICY_GOVERNMENT', 'EPU_POLICY_GOVERNMENT', 'EPU_POLICY_GOVERNMENT', 'ECON_TAXATION', 'ECON_TAXATION', 'EPU_POLICY_TAX', 'EPU_POLICY_TAX', 'EPU_CATS_TAXES', 'EPU_CATS_TAXES', 'CRISISLEX_T11_UPDATESSYMPATHY', 'TAX_ETHNICITY_IRISH', 'TAX_WORLDLANGUAGES_IRISH', 'FUELPRICES', 'UNGP_FORESTS_RIVERS_OCEANS', 'UNGP_FORESTS_RIVERS_OCEANS', 'UNGP_FORESTS_RIVERS_OCEANS', 'UNGP_FORESTS_RIVERS_OCEANS', 'ECON_FOREIGNINVEST', 'WB_471_ECONOMIC_GROWTH', 'WB_1078_DETERMINANTS_OF_GROWTH', 'WB_1081_FINANCE_AND_GROWTH', 'WB_863_FDI_SPILLOVERS', 'TAX_FNCACT_COMMISSIONER', 'SOC_RANSOM', 'ENV_OIL', 'WB_539_OIL_AND_GAS_POLICY_STRATEGY_AND_INSTITUTIONS', 'WB_507_ENERGY_AND_EXTRACTIVES', 'WB_548_PPP_IN_OIL_AND_GAS', 'WB_2298_REFINERIES', 'EPU_ECONOMY_HISTORIC', 'WB_137_WATER', 'BLOCKADE', 'BLOCKADE', 'BLOCKADE', 'SEIGE', 'SEIGE', 'SEIGE', 'TAX_ECON_PRICE', 'GENERAL_HEALTH', 'MEDICAL', 'SOC_POINTSOFINTEREST_HOSPITAL', 'CRISISLEX_C03_WELLBEING_HEALTH', 'EDUCATION', 'SOC_POINTSOFINTEREST_UNIVERSITY', 'USPEC_POLITICS_GENERAL1', 'TAX_FNCACT_MINISTER', 'TAX_FNCACT_MINISTER', 'WB_696_PUBLIC_SECTOR_MANAGEMENT', 'WB_696_PUBLIC_SECTOR_MANAGEMENT', 'WB_840_JUSTICE', 'WB_840_JUSTICE', 'PROTEST', 'PROTEST', 'PROTEST', 'PROTEST', 'PROTEST', 'PROTEST', 'TAX_DISEASE_COVID', 'TAX_DISEASE_COVID', 'USPEC_POLICY1', 'USPEC_POLICY1', 'EPU_ECONOMY', 'EPU_ECONOMY', 'WB_135_TRANSPORT', 'WB_135_TRANSPORT', 'WB_1803_TRANSPORT_INFRASTRUCTURE', 'WB_1803_TRANSPORT_INFRASTRUCTURE', 'WB_167_PORTS', 'WB_167_PORTS', 'WATER_SECURITY', 'WB_1199_WATER_SUPPLY_AND_SANITATION', 'WB_2008_WATER_TREATMENT', 'TAX_FNCACT_MUSICIAN', 'ACT_MAKESTATEMENT']",-1.65289256198347
20260412101500-16,20260412101500,aceshowbiz.com,https://www.aceshowbiz.com/news/view/00253442.html,"['TAX_FNCACT_INSIDER', 'LGBT', 'TAX_FNCACT_MAN', 'WB_615_GENDER', 'USPEC_POLITICS_GENERAL1', 'TAX_FNCACT_ACTOR', 'TAX_FNCACT_DESIGNER', 'TAX_FNCACT_DESIGNER', 'UNGP_FREEDOM_FROM_DISCRIMINATION', 'TAX_FNCACT_WOMAN', 'TAX_FNCACT_WOMAN', 'MEDIA_MSM', 'TAX_FNCACT_COSTUME_DESIGNER', 'TAX_FNCACT_COSTUME_DESIGNER', 'EPU_ECONOMY_HISTORIC', 'TAX_FNCACT_KING']",1.41509433962264
20260412101500-17,20260412101500,lebanondemocrat.com,https://www.lebanondemocrat.com/maconcounty/news/national/war-in-the-middle-east-latest-developments/article_18d2a8e6-32bb-5718-a7a7-b3d483895036.html,"['TAX_FNCACT_MEDIATOR', 'TAX_FNCACT_FOREIGN_MINISTER', 'TAX_FNCACT_FOREIGN_MINISTER', 'TAX_FNCACT_NAVY', 'TAX_FNCACT_SPOKESMAN', 'ENV_WATERWAYS', 'WB_1805_WATERWAYS', 'WB_135_TRANSPORT', 'WB_1803_TRANSPORT_INFRASTRUCTURE', 'TAX_FNCACT_VICE_PRESIDENT', 'TAX_FNCACT_VICE_PRESIDENT', 'NEGOTIATIONS', 'NEGOTIATIONS', 'NEGOTIATIONS', 'NEGOTIATIONS', 'WB_696_PUBLIC_SECTOR_MANAGEMENT', 'WB_696_PUBLIC_SECTOR_MANAGEMENT', 'WB_696_PUBLIC_SECTOR_MANAGEMENT', 'WB_696_PUBLIC_SECTOR_MANAGEMENT', 'WB_840_JUSTICE', 'WB_840_JUSTICE', 'WB_840_JUSTICE', 'WB_840_JUSTICE', 'WB_2473_DIPLOMACY_AND_NEGOTIATIONS', 'WB_2473_DIPLOMACY_AND_NEGOTIATIONS', 'WB_2473_DIPLOMACY_AND_NEGOTIATIONS', 'WB_2473_DIPLOMACY_AND_NEGOTIATIONS', 'WB_939_NEGOTIATION', 'WB_939_NEGOTIATION', 'WB_939_NEGOTIATION', 'WB_939_NEGOTIATION', 'WB_2470_PEACE_OPERATIONS_AND_CONFLICT_MANAGEMENT', 'WB_2470_PEACE_OPERATIONS_AND_CONFLICT_MANAGEMENT', 'WB_2470_PEACE_OPERATIONS_AND_CONFLICT_MANAGEMENT', 'WB_2470_PEACE_OPERATIONS_AND_CONFLICT_MANAGEMENT', 'WB_936_ALTERNATIVE_DISPUTE_RESOLUTION', 'WB_936_ALTERNATIVE_DISPUTE_RESOLUTION', 'WB_936_ALTERNATIVE_DISPUTE_RESOLUTION', 'WB_936_ALTERNATIVE_DISPUTE_RESOLUTION', 'WB_2432_FRAGILITY_CONFLICT_AND_VIOLENCE', 'WB_2432_FRAGILITY_CONFLICT_AND_VIOLENCE', 'WB_2432_FRAGILITY_CONFLICT_AND_VIOLENCE', 'WB_2432_FRAGILITY_CONFLICT_AND_VIOLENCE', 'WB_843_DISPUTE_RESOLUTION', 'WB_843_DISPUTE_RESOLUTION', 'WB_843_DISPUTE_RESOLUTION', 'WB_843_DISPUTE_RESOLUTION', 'WB_2471_PEACEKEEPING', 'WB_2471_PEACEKEEPING', 'WB_2471_PEACEKEEPING', 'WB_2471_PEACEKEEPING', 'TAX_POLITICAL_PARTY_REPUBLICAN', 'LEADER', 'LEADER', 'LEADER', 'TAX_FNCACT_PRESIDENT', 'TAX_FNCACT_PRESIDENT', 'TAX_FNCACT_PRESIDENT', 'USPEC_POLITICS_GENERAL1', 'USPEC_POLITICS_GENERAL1', 'USPEC_POLITICS_GENERAL1', 'ENV_OIL', 'ENV_OIL', 'ENV_OIL', 'CEASEFIRE', 'CEASEFIRE', 'CEASEFIRE', 'TAX_WEAPONS_WARSHIPS', 'TAX_ETHNICITY_AMERICAN', 'DELAY', 'ARMEDCONFLICT', 'ARMEDCONFLICT', 'ARMEDCONFLICT', 'EPU_CATS_NATIONAL_SECURITY', 'EPU_CATS_NATIONAL_SECURITY', 'EPU_CATS_NATIONAL_SECURITY', 'MANMADE_DISASTER_IMPLIED', 'MANMADE_DISASTER_IMPLIED', 'MANMADE_DISASTER_IMPLIED', 'WB_2299_PIPELINES', 'WB_2299_PIPELINES', 'WB_2299_PIPELINES', 'WB_539_OIL_AND_GAS_POLICY_STRATEGY_AND_INSTITUTIONS', 'WB_539_OIL_AND_GAS_POLICY_STRATEGY_AND_INSTITUTIONS', 'WB_539_OIL_AND_GAS_POLICY_STRATEGY_AND_INSTITUTIONS', 'WB_507_ENERGY_AND_EXTRACTIVES', 'WB_507_ENERGY_AND_EXTRACTIVES', 'WB_507_ENERGY_AND_EXTRACTIVES', 'WB_548_PPP_IN_OIL_AND_GAS', 'WB_548_PPP_IN_OIL_AND_GAS', 'WB_548_PPP_IN_OIL_AND_GAS', 'TAX_WORLDFISH_SWEEPERS', 'GENERAL_GOVERNMENT', 'EPU_POLICY_GOVERNMENT', 'TAX_ETHNICITY_AUSTRALIAN', 'TAX_ETHNICITY_IRANIAN', 'TAX_ETHNICITY_IRANIAN', 'TAX_ETHNICITY_IRANIAN', 'TAX_ETHNICITY_IRANIAN', 'TAX_ETHNICITY_IRANIAN', 'WB_549_OIL_AND_GAS_SYSTEMS', 'WB_1768_OIL_AND_GAS_PIPELINE', 'ECON_OILPRICE', 'TAX_FNCACT_OFFICIAL', 'WMD', 'WMD', 'MEDIA_MSM', 'MEDIA_MSM', 'MEDIA_MSM', 'TAX_FNCACT_MINISTER', 'TAX_FNCACT_MINISTER', 'USPEC_UNCERTAINTY1', 'MILITARY', 'WB_2478_PEACE_PROCESSES_AND_DIALOGUE', 'ENV_MINING', 'TAX_FNCACT_SPOKESPERSON']",-1.53139356814701
20260412101500-18,20260412101500,indiatimes.com,https://economictimes.indiatimes.com/news/elections/assembly-elections/west-bengal/bjp-struck-rs-1000-cr-deal-to-unseat-tmc-from-power-in-bengal-mamata-banerjee/articleshow/130205339.cms,"['TAX_FNCACT_LEADERS', 'LEGISLATION', 'CORRUPTION', 'EPU_POLICY_GOVERNMENT', 'EPU_POLICY_GOVERNMENT', 'EPU_POLICY_GOVERNMENT', 'TAKE_OFFICE', 'KIDNAP', 'TAX_FNCACT_WOMEN', 'TAX_FNCACT_CHIEF', 'TAX_FNCACT_CHIEF', 'TAX_FNCACT_CHIEF', 'GENERAL_GOVERNMENT', 'USPEC_POLITICS_GENERAL1', 'EPU_POLICY_CONGRESS', 'ELECTION', 'ELECTION', 'TAX_FNCACT_MINISTER']",-3.49462365591398
20260412101500-19,20260412101500,inewsgr.com,https://www.inewsgr.com/35/Two-young-men-were-seriously-injured-by-a-firework-in-Velo-Corinthia.htm,"['WB_1428_INJURY', 'WB_1406_DISEASES', 'WB_621_HEALTH_NUTRITION_AND_POPULATION', 'WB_1427_NON_COMMUNICABLE_DISEASE_AND_INJURY', 'CRISISLEX_CRISISLEXREC', 'CRISISLEX_T02_INJURED']",-6.66666666666667
20260412101500-20,20260412101500,fool.com,https://www.fool.com/investing/2026/04/12/1-wrong-way-to-think-about-the-ai-boom-right-now/?source=iedfolrf0000001,"['TAX_ECON_PRICE', 'TAX_ECON_PRICE', 'TAX_FNCACT_FOOL', 'EPU_CATS_MIGRATION_FEAR_FEAR', 'UNGP_FORESTS_RIVERS_OCEANS', 'ECON_STOCKMARKET', 'ECON_STOCKMARKET', 'ECON_STOCKMARKET', 'ECON_STOCKMARKET', 'ECON_STOCKMARKET', 'ECON_STOCKMARKET', 'ECON_STOCKMARKET', 'ECON_STOCKMARKET', 'ARMEDCONFLICT', 'EPU_CATS_NATIONAL_SECURITY', 'TAX_ETHNICITY_AMERICAN', 'IDEOLOGY', 'WB_2433_CONFLICT_AND_VIOLENCE', 'WB_2432_FRAGILITY_CONFLICT_AND_VIOLENCE', 'EPU_ECONOMY', 'EPU_ECONOMY_HISTORIC', 'WB_1150_VOLATILITY', 'WB_1104_MACROECONOMIC_VULNERABILITY_AND_DEBT', 'USPEC_POLICY1', 'USPEC_POLICY1', 'USPEC_POLICY1', 'EPU_POLICY_SPENDING', 'EPU_POLICY_SPENDING', 'EPU_POLICY_SPENDING', 'TAX_FNCACT_INVESTOR', 'TAX_FNCACT_INVESTOR', 'PROTEST', 'STRIKE', 'USPEC_UNCERTAINTY1', 'TAX_FNCACT_ANALYSTS', 'WB_137_WATER']",-0.892857142857143
20260412101500-21,20260412101500,aol.co.uk,https://www.aol.co.uk/articles/man-charged-boy-9-kept-093135692.html,"['TAX_FNCACT_FATHER', 'TAX_FNCACT_FATHER', 'TAX_FNCACT_FATHER', 'TAX_MILITARY_TITLE_OFFICERS', 'TAX_FNCACT_OFFICERS', 'EDUCATION', 'EDUCATION', 'SOC_POINTSOFINTEREST_SCHOOL', 'SOC_POINTSOFINTEREST_SCHOOL', 'TAX_ETHNICITY_FRENCH', 'TAX_ETHNICITY_FRENCH', 'TAX_WORLDLANGUAGES_FRENCH', 'TAX_WORLDLANGUAGES_FRENCH', 'KIDNAP', 'BORDER', 'TRIAL', 'TAX_FNCACT_PROSECUTORS', 'ARREST', 'SOC_GENERALCRIME', 'FOOD_SECURITY', 'WB_2495_DETENTION_PRISON_AND_CORRECTIONS_REFORM', 'WB_2470_PEACE_OPERATIONS_AND_CONFLICT_MANAGEMENT', 'WB_2432_FRAGILITY_CONFLICT_AND_VIOLENCE', 'WB_2490_NATIONAL_PROTECTION_AND_SECURITY', 'TAX_FNCACT_CHILD', 'TAX_FNCACT_CHILD', 'TAX_FNCACT_CHILD', 'TAX_FNCACT_CHILD', 'TAX_FNCACT_CHILD', 'TAX_FNCACT_CHILD', 'WB_2024_ANTI_CORRUPTION_AUTHORITIES', 'WB_696_PUBLIC_SECTOR_MANAGEMENT', 'WB_840_JUSTICE', 'WB_2025_INVESTIGATION', 'WB_831_GOVERNANCE', 'WB_832_ANTI_CORRUPTION', 'WB_1014_CRIMINAL_JUSTICE', 'SECURITY_SERVICES', 'TAX_FNCACT_POLICE', 'CRISISLEX_C07_SAFETY', 'TAX_FNCACT_MAN', 'AFFECT', 'GENERAL_HEALTH', 'MEDICAL', 'SOC_POINTSOFINTEREST_HOSPITAL', 'CRISISLEX_C03_WELLBEING_HEALTH', 'TAX_FNCACT_PROSECUTOR', 'TAX_FNCACT_PROSECUTOR', 'MANMADE_DISASTER_IMPLIED']",-4.71698113207547
20260412101500-22,20260412101500,pinkvilla.com,https://www.pinkvilla.com/entertainment/box-office/dacoit-worldwide-box-office-collections-adivi-shesh-and-mrunal-thakurs-film-records-muted-growth-on-day-2-grosses-rs-26-crore-in-two-days-globally-1402226,"['TAX_ETHNICITY_TAMIL', 'TAX_ETHNICITY_TAMIL', 'TAX_WORLDLANGUAGES_TAMIL', 'TAX_WORLDLANGUAGES_TAMIL', 'CRISISLEX_C03_WELLBEING_HEALTH', 'CRISISLEX_T02_INJURED', 'TAX_FNCACT_CRIMINAL', 'TAX_WORLDLANGUAGES_HINDI', 'TAX_DISEASE_ANTICIPATION', 'TAX_ETHNICITY_INDIAN', 'TAX_ETHNICITY_INDIAN', 'ARREST', 'RETALIATE', 'WB_2433_CONFLICT_AND_VIOLENCE', 'WB_2432_FRAGILITY_CONFLICT_AND_VIOLENCE', 'TAX_ETHNICITY_TELUGU', 'TAX_WORLDLANGUAGES_TELUGU']",-2.22222222222222
20260412101500-23,20260412101500,wysu.org,https://wysu.org/npr-national-news/2026-04-12/no-deal-u-s-iran-peace-talks-in-islamabad-collapse,"['EPU_UNCERTAINTY', 'TAX_FNCACT_MINISTER', 'TAX_FNCACT_MINISTER', 'TAX_FNCACT_MINISTER', 'TAX_FNCACT_NEGOTIATOR', 'ENV_MINING', 'TAX_FNCACT_SPOKESPERSON', 'NEGOTIATIONS', 'WB_2470_PEACE_OPERATIONS_AND_CONFLICT_MANAGEMENT', 'WB_2478_PEACE_PROCESSES_AND_DIALOGUE', 'WB_2432_FRAGILITY_CONFLICT_AND_VIOLENCE', 'WB_2471_PEACEKEEPING', 'WB_2490_NATIONAL_PROTECTION_AND_SECURITY', 'WB_2490_NATIONAL_PROTECTION_AND_SECURITY', 'WB_678_DIGITAL_GOVERNMENT', 'WB_694_BROADCAST_AND_MEDIA', 'WB_133_INFORMATION_AND_COMMUNICATION_TECHNOLOGIES', 'CRISISLEX_CRISISLEXREC', 'KILL', 'KILL', 'KILL', 'KILL', 'CRISISLEX_T03_DEAD', 'CRISISLEX_T03_DEAD', 'CRISISLEX_T03_DEAD', 'CRISISLEX_T03_DEAD', 'TAX_FNCACT_SECRETARY', 'TAX_ETHNICITY_IRANIAN', 'TAX_ETHNICITY_IRANIAN', 'TAX_ETHNICITY_IRANIAN', 'TAX_ETHNICITY_IRANIAN', 'TAX_MILITARY_TITLE_OFFICERS', 'TAX_MILITARY_TITLE_OFFICERS', 'TAX_FNCACT_OFFICERS', 'TAX_FNCACT_OFFICERS', 'TAX_FNCACT_PRIME_MINISTER', 'TAX_FNCACT_PRIME_MINISTER', 'TAX_ETHNICITY_AMERICAN', 'TAX_RELIGION_ISLAMIC', 'TAX_FNCACT_FOREIGN_MINISTER', 'SANCTIONS', 'TAX_FNCACT_MEDIATOR', 'MILITARY', 'EDUCATION', 'SOC_POINTSOFINTEREST_SCHOOL', 'TAX_WEAPONS_WARSHIPS', 'TAX_WEAPONS_WARSHIPS', 'CEASEFIRE', 'CEASEFIRE', 'CEASEFIRE', 'TAX_FNCACT_OFFICIALS', 'LEADER', 'LEADER', 'LEADER', 'LEADER', 'TAX_FNCACT_PRESIDENT', 'TAX_FNCACT_PRESIDENT', 'TAX_FNCACT_PRESIDENT', 'TAX_FNCACT_PRESIDENT', 'USPEC_POLITICS_GENERAL1', 'USPEC_POLITICS_GENERAL1', 'USPEC_POLITICS_GENERAL1', 'USPEC_POLITICS_GENERAL1', 'USPEC_UNCERTAINTY1', 'TAX_FNCACT_LEADER', 'TAX_ETHNICITY_AMERICANS', 'TAX_FNCACT_TROOPS', 'ACT_YIELD', 'TAX_FNCACT_ANALYSTS', 'WMD', 'WMD', 'MANMADE_DISASTER_IMPLIED', 'TAX_WEAPONS_DESTROYERS', 'PROTEST', 'STRIKE', 'TAX_FNCACT_CHILDREN', 'TAX_FNCACT_OFFICIAL', 'TAX_FNCACT_SECRETARY_OF_STATE', 'CRISISLEX_T11_UPDATESSYMPATHY', 'TAX_TERROR_GROUP_HEZBOLLAH', 'TAX_TERROR_GROUP_HEZBOLLAH', 'TAX_TERROR_GROUP_HEZBOLLAH', 'TAX_TERROR_GROUP_HEZBOLLAH', 'TAX_TERROR_GROUP_HEZBOLLAH', 'TAX_POLITICAL_PARTY_HEZBOLLAH', 'TAX_POLITICAL_PARTY_HEZBOLLAH', 'TAX_POLITICAL_PARTY_HEZBOLLAH', 'TAX_POLITICAL_PARTY_HEZBOLLAH', 'TAX_POLITICAL_PARTY_HEZBOLLAH', 'EPU_ECONOMY_HISTORIC', 'UNGP_FORESTS_RIVERS_OCEANS', 'CRISISLEX_C07_SAFETY', 'CRISISLEX_C07_SAFETY', 'TAX_RELIGION_ORTHODOX', 'TAX_ETHNICITY_IRANIANS', 'TAX_ETHNICITY_IRANIANS', 'ARMEDCONFLICT', 'ARMEDCONFLICT', 'ARMEDCONFLICT', 'ARMEDCONFLICT', 'EPU_CATS_NATIONAL_SECURITY', 'EPU_CATS_NATIONAL_SECURITY', 'EPU_CATS_NATIONAL_SECURITY', 'EPU_CATS_NATIONAL_SECURITY', 'TAX_FNCACT_NAVY', 'WB_2203_HUMAN_RIGHTS', 'WB_2519_RESPONSES_TO_HUMAN_RIGHTS_ABUSES', 'WB_2520_REPARATIONS', 'TAX_FNCACT_AMBASSADORS', 'TAX_FNCACT_WOMAN', 'TAX_FNCACT_WOMAN', 'TAX_WEAPONS_ARTILLERY', 'WB_2433_CONFLICT_AND_VIOLENCE', 'WB_2465_REVOLUTIONARY_VIOLENCE', 'WB_2462_POLITICAL_VIOLENCE_AND_WAR', 'ENV_WATERWAYS', 'WB_1805_WATERWAYS', 'WB_135_TRANSPORT', 'WB_1803_TRANSPORT_INFRASTRUCTURE', 'TAX_FNCACT_VICE_PRESIDENT', 'WB_696_PUBLIC_SECTOR_MANAGEMENT', 'WB_696_PUBLIC_SECTOR_MANAGEMENT', 'WB_696_PUBLIC_SECTOR_MANAGEMENT', 'WB_696_PUBLIC_SECTOR_MANAGEMENT', 'WB_840_JUSTICE', 'WB_840_JUSTICE', 'WB_840_JUSTICE', 'WB_840_JUSTICE', 'WB_2473_DIPLOMACY_AND_NEGOTIATIONS', 'WB_2473_DIPLOMACY_AND_NEGOTIATIONS', 'WB_2473_DIPLOMACY_AND_NEGOTIATIONS', 'WB_2473_DIPLOMACY_AND_NEGOTIATIONS', 'WB_939_NEGOTIATION', 'WB_939_NEGOTIATION', 'WB_939_NEGOTIATION', 'WB_939_NEGOTIATION', 'WB_936_ALTERNATIVE_DISPUTE_RESOLUTION', 'WB_936_ALTERNATIVE_DISPUTE_RESOLUTION', 'WB_936_ALTERNATIVE_DISPUTE_RESOLUTION', 'WB_936_ALTERNATIVE_DISPUTE_RESOLUTION', 'WB_843_DISPUTE_RESOLUTION', 'WB_843_DISPUTE_RESOLUTION', 'WB_843_DISPUTE_RESOLUTION', 'WB_843_DISPUTE_RESOLUTION']",-2.5328330206379
20260412101500-24,20260412101500,fool.com,https://www.fool.com/investing/2026/04/12/history-says-the-best-time-to-buy-stocks-may-be-im/?source=iedfolrf0000001,"['GENERAL_HEALTH', 'HEALTH_PANDEMIC', 'WB_635_PUBLIC_HEALTH', 'WB_2165_HEALTH_EMERGENCIES', 'WB_2166_HEALTH_EMERGENCY_PREPAREDNESS_AND_DISASTER_RESPONSE', 'WB_621_HEALTH_NUTRITION_AND_POPULATION', 'WB_2167_PANDEMICS', 'UNGP_HEALTHCARE', 'AFFECT', 'MANMADE_DISASTER_IMPLIED', 'EPU_ECONOMY_HISTORIC', 'EPU_POLICY_POLITICAL', 'EPU_POLICY_POLITICAL', 'EPU_ECONOMY', 'TAX_FNCACT_ANALYSTS', 'WB_696_PUBLIC_SECTOR_MANAGEMENT', 'WB_696_PUBLIC_SECTOR_MANAGEMENT', 'WB_696_PUBLIC_SECTOR_MANAGEMENT', 'WB_696_PUBLIC_SECTOR_MANAGEMENT', 'WB_696_PUBLIC_SECTOR_MANAGEMENT', 'WB_840_JUSTICE', 'WB_840_JUSTICE', 'WB_840_JUSTICE', 'WB_840_JUSTICE', 'WB_840_JUSTICE', 'WB_1014_CRIMINAL_JUSTICE', 'WB_1014_CRIMINAL_JUSTICE', 'WB_1014_CRIMINAL_JUSTICE', 'WB_1014_CRIMINAL_JUSTICE', 'WB_1014_CRIMINAL_JUSTICE', 'TAX_FNCACT_TRADER', 'USPEC_UNCERTAINTY1', 'TAX_DISEASE_COVID_19', 'EPU_POLICY_SPENDING', 'TAX_FNCACT_INVESTOR', 'LEADER', 'TAX_FNCACT_PRESIDENT', 'USPEC_POLITICS_GENERAL1', 'TAX_FNCACT_PRESIDENTS', 'ECON_STOCKMARKET', 'ECON_STOCKMARKET', 'ECON_STOCKMARKET', 'ECON_STOCKMARKET', 'ECON_STOCKMARKET', 'WB_698_TRADE', 'EPU_POLICY_POLICY', 'ELECTION', 'ELECTION', 'ELECTION', 'CRISISLEX_T11_UPDATESSYMPATHY', 'EPU_CATS_MIGRATION_FEAR_FEAR', 'TAX_FNCACT_FOOL', 'USPEC_POLICY1', 'USPEC_POLICY1', 'EPU_UNCERTAINTY', 'EPU_UNCERTAINTY', 'WB_775_TRADE_POLICY_AND_INTEGRATION', 'WB_776_TRADE_POLICY', 'WB_2575_TRADE_POLICY_AND_INVESTMENT_AGREEMENTS', 'EPU_CATS_TRADE_POLICY', 'CRISISLEX_C03_WELLBEING_HEALTH', 'GENERAL_GOVERNMENT', 'EPU_POLICY_CONGRESS']",0.522875816993464
20260412101500-25,20260412101500,aceshowbiz.com,https://www.aceshowbiz.com/news/view/00253456.html,['EDUCATION'],0.813008130081301
20260412101500-26,20260412101500,kpbs.org,https://www.kpbs.org/news/2026/04/09/independent-lens-backside-the-unseen-hands-of-horse-racing,[],0.693481276005548
20260412101500-27,20260412101500,kashmirreader.com,https://kashmirreader.com/2026/04/12/wasim-hanif-elected-psajk-district-pulwama-president/,"['TAX_FNCACT_REGISTRAR', 'EDUCATION', 'EDUCATION', 'SOC_POINTSOFINTEREST_SCHOOL', 'SOC_POINTSOFINTEREST_SCHOOL', 'LEADER', 'LEADER', 'LEADER', 'LEADER', 'TAX_FNCACT_PRESIDENT', 'TAX_FNCACT_PRESIDENT', 'TAX_FNCACT_PRESIDENT', 'TAX_FNCACT_PRESIDENT', 'USPEC_POLITICS_GENERAL1', 'USPEC_POLITICS_GENERAL1', 'USPEC_POLITICS_GENERAL1', 'USPEC_POLITICS_GENERAL1', 'TAX_FNCACT_COORDINATOR', 'TAX_FNCACT_COORDINATOR', 'TAX_RELIGION_ISLAM', 'WB_566_ENVIRONMENT_AND_NATURAL_RESOURCES', 'WB_590_ECOSYSTEMS', 'UNGP_FORESTS_RIVERS_OCEANS', 'TRANSPARENCY', 'USPEC_POLICY1', 'EPU_POLICY_BUDGET', 'ELECTION', 'ELECTION', 'ELECTION', 'ELECTION', 'ELECTION', 'SOC_POINTSOFINTEREST_UNIVERSITY', 'TAX_FNCACT_CHAIRMAN', 'WB_498_EDUCATION_FINANCE', 'WB_1540_ECONOMICS_OF_EDUCATION', 'WB_1490_PRIVATE_EDUCATION', 'WB_470_EDUCATION', 'SOC_POINTSOFINTEREST_SCHOOLS', 'SOC_POINTSOFINTEREST_SCHOOLS', 'TAX_FNCACT_REPRESENTATIVES', 'WB_2670_JOBS', 'WB_2815_SKILLS_AND_EDUCATION', 'WB_2769_JOBS_STRATEGIES', 'WB_2817_TRAINING_PROGRAMS']",3.90070921985816
20260412101500-28,20260412101500,nbcconnecticut.com,https://www.nbcconnecticut.com/news/national-international/what-do-kids-mean-when-they-say-you-the-birthday/3724616/,"['CRISISLEX_T03_DEAD', 'TAX_ETHNICITY_ENGLISH', 'TAX_WORLDLANGUAGES_ENGLISH', 'TAX_FNCACT_CANDIDATE', 'TAX_ETHNICITY_BLACK', 'LITERACY', 'UNGP_EDUCATION', 'WB_678_DIGITAL_GOVERNMENT', 'WB_694_BROADCAST_AND_MEDIA', 'WB_133_INFORMATION_AND_COMMUNICATION_TECHNOLOGIES', 'TAX_ETHNICITY_AMERICAN', 'TAX_FNCACT_CLOWN', 'MEDIA_SOCIAL', 'WB_652_ICT_APPLICATIONS', 'WB_662_SOCIAL_MEDIA', 'WB_658_ENTERPRISE_APPLICATIONS']",4.52830188679245
20260412101500-29,20260412101500,channelnewsasia.com,https://www.channelnewsasia.com/asia/asha-bhosle-indian-playback-singer-bollywood-dies-age-92-6051626,"['TAX_ETHNICITY_INDIAN', 'TAX_ETHNICITY_INDIAN', 'TAX_ETHNICITY_INDIAN', 'TAX_FNCACT_SINGER', 'TAX_FNCACT_CHILD', 'TAX_ETHNICITY_ARAB', 'TAX_FNCACT_ELDER', 'WB_1609_FOOD_AND_IN_KIND_TRANSFERS', 'WB_1620_ELDERLY', 'WB_1466_SOCIAL_ASSISTANCE', 'WB_1618_FOOD_DISTRIBUTION', 'WB_697_SOCIAL_PROTECTION_AND_LABOR', 'TAX_FNCACT_FATHER', 'TAX_FNCACT_NOMINEE', 'WB_1979_NATURAL_RESOURCE_MANAGEMENT', 'WB_435_AGRICULTURE_AND_FOOD_SECURITY', 'WB_1986_MOUNTAINS', 'LEADER', 'TAX_FNCACT_PRIME_MINISTER', 'TAX_DISEASE_INFECTION', 'KILL', 'KILL', 'CRISISLEX_T03_DEAD', 'CRISISLEX_T03_DEAD', 'CRISISLEX_CRISISLEXREC', 'CRISISLEX_CRISISLEXREC', 'TAX_FNCACT_MINISTER', 'MEDIA_MSM', 'TAX_FNCACT_ARTISTS', 'GENERAL_HEALTH', 'MEDICAL', 'SOC_POINTSOFINTEREST_HOSPITAL', 'CRISISLEX_C03_WELLBEING_HEALTH', 'WB_2670_JOBS', 'WB_696_PUBLIC_SECTOR_MANAGEMENT', 'WB_2048_COMPENSATION_CAREERS_AND_INCENTIVES', 'WB_723_PUBLIC_ADMINISTRATION', 'WB_724_HUMAN_RESOURCES_FOR_PUBLIC_SECTOR']",1.78571428571429
20260412101500-30,20260412101500,boredpanda.com,https://www.boredpanda.com/pareidolia-faces-in-things/?cexp_id=150847&cexp_var=5&_f=homepage_featured,"['MEDIA_SOCIAL', 'MEDIA_SOCIAL']",-1.04166666666667
20260412101500-31,20260412101500,suncommercial.com,https://www.suncommercial.com/news/national/article_f55ab8fc-649b-5c9a-9b6c-1b9254fa1909.html,"['ECON_OILPRICE', 'WB_549_OIL_AND_GAS_SYSTEMS', 'WB_1768_OIL_AND_GAS_PIPELINE', 'TAX_ETHNICITY_IRANIAN', 'TAX_ETHNICITY_IRANIAN', 'TAX_ETHNICITY_IRANIAN', 'TAX_ETHNICITY_IRANIAN', 'TAX_ETHNICITY_IRANIAN', 'WMD', 'WMD', 'TAX_FNCACT_OFFICIAL', 'USPEC_UNCERTAINTY1', 'MILITARY', 'TAX_FNCACT_MINISTER', 'TAX_FNCACT_MINISTER', 'MEDIA_MSM', 'MEDIA_MSM', 'MEDIA_MSM', 'TAX_FNCACT_SPOKESPERSON', 'ENV_MINING', 'WB_2478_PEACE_PROCESSES_AND_DIALOGUE', 'TAX_FNCACT_NAVY', 'TAX_FNCACT_SPOKESMAN', 'TAX_FNCACT_FOREIGN_MINISTER', 'TAX_FNCACT_FOREIGN_MINISTER', 'TAX_FNCACT_MEDIATOR', 'CEASEFIRE', 'CEASEFIRE', 'CEASEFIRE', 'TAX_WEAPONS_WARSHIPS', 'LEADER', 'LEADER', 'LEADER', 'TAX_FNCACT_PRESIDENT', 'TAX_FNCACT_PRESIDENT', 'TAX_FNCACT_PRESIDENT', 'USPEC_POLITICS_GENERAL1', 'USPEC_POLITICS_GENERAL1', 'USPEC_POLITICS_GENERAL1', 'ENV_OIL', 'ENV_OIL', 'ENV_OIL', 'TAX_POLITICAL_PARTY_REPUBLICAN', 'TAX_FNCACT_VICE_PRESIDENT', 'TAX_FNCACT_VICE_PRESIDENT', 'ENV_WATERWAYS', 'WB_1805_WATERWAYS', 'WB_135_TRANSPORT', 'WB_1803_TRANSPORT_INFRASTRUCTURE', 'NEGOTIATIONS', 'NEGOTIATIONS', 'NEGOTIATIONS', 'NEGOTIATIONS', 'WB_696_PUBLIC_SECTOR_MANAGEMENT', 'WB_696_PUBLIC_SECTOR_MANAGEMENT', 'WB_696_PUBLIC_SECTOR_MANAGEMENT', 'WB_696_PUBLIC_SECTOR_MANAGEMENT', 'WB_840_JUSTICE', 'WB_840_JUSTICE', 'WB_840_JUSTICE', 'WB_840_JUSTICE', 'WB_2473_DIPLOMACY_AND_NEGOTIATIONS', 'WB_2473_DIPLOMACY_AND_NEGOTIATIONS', 'WB_2473_DIPLOMACY_AND_NEGOTIATIONS', 'WB_2473_DIPLOMACY_AND_NEGOTIATIONS', 'WB_939_NEGOTIATION', 'WB_939_NEGOTIATION', 'WB_939_NEGOTIATION', 'WB_939_NEGOTIATION', 'WB_2470_PEACE_OPERATIONS_AND_CONFLICT_MANAGEMENT', 'WB_2470_PEACE_OPERATIONS_AND_CONFLICT_MANAGEMENT', 'WB_2470_PEACE_OPERATIONS_AND_CONFLICT_MANAGEMENT', 'WB_2470_PEACE_OPERATIONS_AND_CONFLICT_MANAGEMENT', 'WB_936_ALTERNATIVE_DISPUTE_RESOLUTION', 'WB_936_ALTERNATIVE_DISPUTE_RESOLUTION', 'WB_936_ALTERNATIVE_DISPUTE_RESOLUTION', 'WB_936_ALTERNATIVE_DISPUTE_RESOLUTION', 'WB_2432_FRAGILITY_CONFLICT_AND_VIOLENCE', 'WB_2432_FRAGILITY_CONFLICT_AND_VIOLENCE', 'WB_2432_FRAGILITY_CONFLICT_AND_VIOLENCE', 'WB_2432_FRAGILITY_CONFLICT_AND_VIOLENCE', 'WB_843_DISPUTE_RESOLUTION', 'WB_843_DISPUTE_RESOLUTION', 'WB_843_DISPUTE_RESOLUTION', 'WB_843_DISPUTE_RESOLUTION', 'WB_2471_PEACEKEEPING', 'WB_2471_PEACEKEEPING', 'WB_2471_PEACEKEEPING', 'WB_2471_PEACEKEEPING', 'DELAY', 'TAX_ETHNICITY_AMERICAN', 'TAX_ETHNICITY_AUSTRALIAN', 'GENERAL_GOVERNMENT', 'EPU_POLICY_GOVERNMENT', 'TAX_WORLDFISH_SWEEPERS', 'MANMADE_DISASTER_IMPLIED', 'MANMADE_DISASTER_IMPLIED', 'MANMADE_DISASTER_IMPLIED', 'WB_2299_PIPELINES', 'WB_2299_PIPELINES', 'WB_2299_PIPELINES', 'WB_539_OIL_AND_GAS_POLICY_STRATEGY_AND_INSTITUTIONS', 'WB_539_OIL_AND_GAS_POLICY_STRATEGY_AND_INSTITUTIONS', 'WB_539_OIL_AND_GAS_POLICY_STRATEGY_AND_INSTITUTIONS', 'WB_507_ENERGY_AND_EXTRACTIVES', 'WB_507_ENERGY_AND_EXTRACTIVES', 'WB_507_ENERGY_AND_EXTRACTIVES', 'WB_548_PPP_IN_OIL_AND_GAS', 'WB_548_PPP_IN_OIL_AND_GAS', 'WB_548_PPP_IN_OIL_AND_GAS', 'ARMEDCONFLICT', 'ARMEDCONFLICT', 'ARMEDCONFLICT', 'EPU_CATS_NATIONAL_SECURITY', 'EPU_CATS_NATIONAL_SECURITY', 'EPU_CATS_NATIONAL_SECURITY']",-1.53139356814701
20260412101500-32,20260412101500,advocate-news.com,https://www.advocate-news.com/2026/04/12/today-in-history-april-12-euro-disney-opens-in-paris/,"['TAX_FNCACT_VOLUNTEERS', 'TAX_DISEASE_HEMORRHAGE', 'TAX_ETHNICITY_AMERICAN', 'REBELLION', 'WB_739_POLITICAL_VIOLENCE_AND_CIVIL_WAR', 'WB_738_SOCIAL_COHESION', 'WB_134_SOCIAL_DEVELOPMENT', 'SELF_IDENTIFIED_HUMAN_RIGHTS', 'UNGP_POLITICAL_FREEDOMS', 'ELECTION', 'TAX_FNCACT_DIRECTOR', 'TAX_FNCACT_DIRECTOR', 'WB_1921_PRIVATE_SECTOR_DEVELOPMENT', 'WB_405_BUSINESS_CLIMATE', 'WB_2531_INSPECTIONS_LICENSING_AND_PERMITS', 'WB_2530_BUSINESS_ENVIRONMENT', 'TAX_FNCACT_CHILD', 'ARREST', 'ARREST', 'SOC_GENERALCRIME', 'SOC_GENERALCRIME', 'CRISISLEX_C07_SAFETY', 'CRISISLEX_C07_SAFETY', 'MANMADE_DISASTER_IMPLIED', 'MANMADE_DISASTER_IMPLIED', 'MANMADE_DISASTER_IMPLIED', 'MANMADE_DISASTER_IMPLIED', 'MANMADE_DISASTER_IMPLIED', 'MANMADE_DISASTER_IMPLIED', 'MANMADE_DISASTER_IMPLIED', 'LEADER', 'LEADER', 'LEADER', 'TAX_FNCACT_PRESIDENT', 'TAX_FNCACT_PRESIDENT', 'TAX_FNCACT_PRESIDENT', 'USPEC_POLITICS_GENERAL1', 'USPEC_POLITICS_GENERAL1', 'USPEC_POLITICS_GENERAL1', 'TAX_POLITICAL_PARTY_REPUBLICAN', 'TAX_POLITICAL_PARTY_REPUBLICAN', 'TAX_FNCACT_ACTOR', 'TAX_FNCACT_ACTOR', 'TAX_FNCACT_ACTOR', 'TAX_FNCACT_ACTOR', 'TAX_FNCACT_ACTOR', 'TAX_FNCACT_CHAIRMAN', 'TAX_DISEASE_POLIO', 'TAX_DISEASE_POLIO', 'TAX_FNCACT_COSMONAUT', 'TAX_FNCACT_MUSICIAN', 'TAX_FNCACT_MUSICIAN', 'TAX_FNCACT_MUSICIAN', 'TAX_FNCACT_SECRETARY', 'TAX_FNCACT_ELECTED_OFFICIAL', 'TAX_ETHNICITY_SOVIET', 'TAX_FNCACT_KING', 'TAX_FNCACT_KING', 'SOC_POINTSOFINTEREST_PRISON', 'WB_2495_DETENTION_PRISON_AND_CORRECTIONS_REFORM', 'WB_2470_PEACE_OPERATIONS_AND_CONFLICT_MANAGEMENT', 'WB_2490_NATIONAL_PROTECTION_AND_SECURITY', 'PUBLIC_TRANSPORT', 'MEDIA_MSM', 'USPEC_POLICY1', 'EPU_POLICY_BUDGET', 'TAX_FNCACT_GLAZER', 'EPU_CATS_NATIONAL_SECURITY', 'TAX_FNCACT_MAN', 'SOC_POINTSOFINTEREST_JAIL', 'TAX_FNCACT_VICE_PRESIDENT', 'TAX_WORLDMAMMALS_HUMAN', 'TAX_FNCACT_LEADER', 'TAX_FNCACT_AUTHOR', 'WOUND', 'GENERAL_HEALTH', 'HEALTH_VACCINATION', 'WB_642_CHILD_HEALTH', 'WB_1459_IMMUNIZATIONS', 'WB_621_HEALTH_NUTRITION_AND_POPULATION', 'WB_639_REPRODUCTIVE_MATERNAL_AND_CHILD_HEALTH', 'UNGP_HEALTHCARE', 'TAX_WORLDMAMMALS_MOUSE', 'KILL', 'CRISISLEX_T03_DEAD', 'TAX_DISEASE_CEREBRAL_HEMORRHAGE', 'TAX_FNCACT_LADY', 'ECON_WORLDCURRENCIES_EURO', 'TRIAL', 'TERROR', 'WB_2467_TERRORISM', 'WB_2433_CONFLICT_AND_VIOLENCE', 'WB_2432_FRAGILITY_CONFLICT_AND_VIOLENCE', 'WB_2462_POLITICAL_VIOLENCE_AND_WAR', 'DEMOCRACY', 'TAX_WORLDLANGUAGES_WARM_SPRINGS', 'TAX_FNCACT_SECRETARY_OF_STATE', 'TAX_FNCACT_OFFICIAL']",-1.67364016736402
20260412101500-33,20260412101500,eadt.co.uk,https://www.eadt.co.uk/news/26013549.ipswich-town-fans-react-norwich-city-derby-double-win/,[],5.60344827586207
20260412101500-34,20260412101500,moneycontrol.com,https://www.moneycontrol.com/entertainment/asha-bhosle-passes-away-a-r-rahman-akshay-kumar-karan-johar-pay-emotional-tributes-article-13886703.html,"['TAX_ETHNICITY_INDIAN', 'TAX_ETHNICITY_INDIAN', 'TAX_FNCACT_COMEDIAN', 'TAX_FNCACT_SINGER', 'TAX_FNCACT_SINGER', 'TAX_FNCACT_SINGER', 'WB_652_ICT_APPLICATIONS', 'WB_662_SOCIAL_MEDIA', 'WB_658_ENTERPRISE_APPLICATIONS', 'WB_678_DIGITAL_GOVERNMENT', 'WB_694_BROADCAST_AND_MEDIA', 'WB_133_INFORMATION_AND_COMMUNICATION_TECHNOLOGIES', 'TAX_DISEASE_MULTIPLE_ORGAN_FAILURE', 'TAX_DISEASE_MULTIPLE_ORGAN_FAILURE', 'TAX_FNCACT_ARTIST', 'TAX_FNCACT_OFFICIAL', 'EPU_ECONOMY_HISTORIC', 'EPU_ECONOMY_HISTORIC', 'CRISISLEX_T11_UPDATESSYMPATHY', 'CRISISLEX_T11_UPDATESSYMPATHY', 'MEDIA_MSM', 'MEDIA_MSM', 'CRISISLEX_CRISISLEXREC', 'TAX_FNCACT_ACTOR', 'MEDIA_SOCIAL', 'MEDIA_SOCIAL', 'MEDIA_SOCIAL', 'MEDIA_SOCIAL', 'TAX_FNCACT_ACTRESS', 'TAX_FNCACT_ACTRESS', 'SOC_GENERALCRIME', 'UNGP_FORESTS_RIVERS_OCEANS', 'UNGP_FORESTS_RIVERS_OCEANS', 'UNGP_FORESTS_RIVERS_OCEANS', 'UNGP_FORESTS_RIVERS_OCEANS']",3.45622119815668
20260412101500-35,20260412101500,aol.co.uk,https://www.aol.co.uk/articles/bbc-star-confirms-celebrity-traitors-093241953.html,"['TAX_FNCACT_PRESENTER', 'MEDIA_MSM']",3.52941176470588
20260412101500-36,20260412101500,theyeshivaworld.com,https://www.theyeshivaworld.com/news/israel-news/2534335/husband-arriving-at-ben-gurion-with-wifes-coffin-arrested-for-draft-dodging.html,"['TAX_FNCACT_AUTHORITIES', 'EPU_POLICY_AUTHORITIES', 'GENERAL_HEALTH', 'CRISISLEX_CRISISLEXREC', 'ARREST', 'CRISISLEX_C07_SAFETY', 'TRIAL', 'TAX_FNCACT_ATTORNEY', 'MEDICAL', 'CRISISLEX_C03_WELLBEING_HEALTH']",-7.23684210526316
20260412101500-37,20260412101500,pakistantoday.com.pk,https://www.pakistantoday.com.pk/2026/04/12/backlash-prompts-sabrina-carpenter-apology-over-zaghrouta-remarks-at-coachella,"['TAX_FNCACT_CARPENTER', 'TAX_FNCACT_CARPENTER', 'TAX_FNCACT_CARPENTER', 'TAX_FNCACT_CARPENTER', 'TAX_FNCACT_ARTISTS', 'TAX_ETHNICITY_ARAB', 'TAX_WORLDLANGUAGES_ARABIC', 'TAX_FNCACT_SINGER']",-0.502512562814071
20260412101500-38,20260412101500,aceshowbiz.com,https://www.aceshowbiz.com/news/view/00253454.html,"['TAX_FNCACT_ACTOR', 'MEDIA_SOCIAL', 'TAX_WORLDMAMMALS_RAT', 'TAX_WORLDMAMMALS_HORSE', 'KILL', 'CRISISLEX_CRISISLEXREC', 'CRISISLEX_T02_INJURED', 'CRISISLEX_T03_DEAD', 'MANMADE_DISASTER_IMPLIED']",2.91828793774319
20260412101500-39,20260412101500,athens-times.com,https://athens-times.com/piraeus-teens-throw-firecracker-into-moving-bus-15-year-old-arrested-by-ariadne-police-unit/,"['SOC_GENERALCRIME', 'TAX_MILITARY_TITLE_OFFICERS', 'TAX_MILITARY_TITLE_OFFICERS', 'TAX_FNCACT_OFFICERS', 'TAX_FNCACT_OFFICERS', 'SEIZE', 'TAX_RELIGION_CHURCHES', 'ARREST', 'CRISISLEX_CRISISLEXREC', 'TAX_FNCACT_AUTHORITIES', 'EPU_POLICY_AUTHORITIES', 'MANMADE_DISASTER_IMPLIED', 'MANMADE_DISASTER_IMPLIED', 'MANMADE_DISASTER_IMPLIED', 'PUBLIC_TRANSPORT', 'PUBLIC_TRANSPORT', 'PUBLIC_TRANSPORT', 'URBAN', 'ARMEDCONFLICT', 'EPU_CATS_NATIONAL_SECURITY', 'TAX_WEAPONS_EXPLOSIVES', 'SECURITY_SERVICES', 'SECURITY_SERVICES', 'TAX_FNCACT_POLICE', 'TAX_FNCACT_POLICE', 'CRISISLEX_C07_SAFETY', 'CRISISLEX_C07_SAFETY', 'ACT_FORCEPOSTURE']",-4.41988950276243
20260412101500-40,20260412101500,dailypioneer.com,https://dailypioneer.com/news/rekha-gupta-slams-mamata-over-lawlessness-in-bengal,"['ORGANIZED_CRIME', 'EDUCATION', 'EPU_POLICY_POLITICAL', 'TAX_FNCACT_WOMAN', 'WB_2745_JOB_QUALITY_AND_LABOR_MARKET_PERFORMANCE', 'WB_2689_JOBS_DIAGNOSTICS', 'WB_2748_EMPLOYMENT', 'ENV_COAL', 'TAX_FNCACT_WOMEN', 'TAX_FNCACT_WOMEN', 'TAX_FNCACT_WOMEN', 'TAX_FNCACT_WOMEN', 'TAX_FNCACT_WOMEN', 'TAX_FNCACT_WOMEN', 'WB_2670_JOBS', 'WB_1467_EDUCATION_FOR_ALL', 'WB_470_EDUCATION', 'WB_2131_EMPLOYABILITY_SKILLS_AND_JOBS', 'WB_1484_EDUCATION_SKILLS_DEVELOPMENT_AND_LABOR_MARKET', 'TAX_FNCACT_WORKER', 'TAX_FNCACT_CANDIDATES', 'TAX_FNCACT_CANDIDATES', 'MEDICAL', 'CORRUPTION', 'CORRUPTION', 'ELECTION', 'ELECTION', 'WB_696_PUBLIC_SECTOR_MANAGEMENT', 'WB_831_GOVERNANCE', 'ENV_MINING', 'GENERAL_GOVERNMENT', 'GENERAL_GOVERNMENT', 'GENERAL_GOVERNMENT', 'GENERAL_GOVERNMENT', 'EPU_POLICY_GOVERNMENT', 'EPU_POLICY_GOVERNMENT', 'EPU_POLICY_GOVERNMENT', 'EPU_POLICY_GOVERNMENT', 'SOC_GENERALCRIME', 'EPU_CATS_MIGRATION_FEAR_FEAR', 'TAX_FNCACT_CHIEF', 'TAX_FNCACT_CHIEF', 'TAX_FNCACT_CHIEF', 'TAX_FNCACT_CHIEF', 'TAX_FNCACT_CHIEF', 'TAX_FNCACT_MINISTER', 'TAX_FNCACT_MINISTER', 'TAX_FNCACT_MINISTER', 'TAX_FNCACT_MINISTER', 'TAX_FNCACT_MINISTER', 'TAX_WORLDLANGUAGES_BANGLA']",-2.94985250737463
20260412101500-41,20260412101500,bilkulonline.com,https://bilkulonline.com/2026/04/12/navy-to-hold-commanders-conference-from-april-14-review-strategy-as-energy-security-takes-centre-stage/,"['IDEOLOGY', 'IDEOLOGY', 'WB_772_TRADE_FACILITATION_AND_LOGISTICS', 'WB_2598_HUMAN_RESOURCE_MANAGEMENT', 'WB_2595_ANTI_CORRUPTION_IN_CUSTOMS_ADMINISTRATION', 'WB_698_TRADE', 'WB_774_CUSTOMS_AND_BORDER_MANAGEMENT', 'TAX_FNCACT_OFFICIAL', 'ARMEDCONFLICT', 'TAX_MILITARY_TITLE_COMMANDER', 'TAX_FNCACT_COMMANDER', 'WB_2470_PEACE_OPERATIONS_AND_CONFLICT_MANAGEMENT', 'WB_2490_NATIONAL_PROTECTION_AND_SECURITY', 'EPU_CATS_NATIONAL_SECURITY', 'WB_2745_JOB_QUALITY_AND_LABOR_MARKET_PERFORMANCE', 'WB_2670_JOBS', 'WB_2689_JOBS_DIAGNOSTICS', 'WB_2748_EMPLOYMENT', 'WB_678_DIGITAL_GOVERNMENT', 'WB_653_ENTERPRISE_ARCHITECTURE', 'WB_657_INTEROPERABILITY', 'WB_2375_ICT_METHODS_AND_PROCEDURES', 'WB_133_INFORMATION_AND_COMMUNICATION_TECHNOLOGIES', 'TAX_FNCACT_COMMANDERS', 'TAX_FNCACT_SECRETARY', 'UNGP_FORESTS_RIVERS_OCEANS', 'UNGP_FORESTS_RIVERS_OCEANS', 'MARITIME', 'WB_2378_SECURITY_ARCHITECTURE', 'SCIENCE', 'SOC_INNOVATION', 'TAX_FNCACT_CHIEF', 'TAX_FNCACT_CHIEF', 'WB_566_ENVIRONMENT_AND_NATURAL_RESOURCES', 'WB_598_ENVIRONMENTAL_MANAGEMENT', 'WB_2433_CONFLICT_AND_VIOLENCE', 'WB_2433_CONFLICT_AND_VIOLENCE', 'WB_2432_FRAGILITY_CONFLICT_AND_VIOLENCE', 'WB_2432_FRAGILITY_CONFLICT_AND_VIOLENCE', 'MARITIME_PIRACY', 'MARITIME_PIRACY', 'MARITIME_PIRACY', 'EPU_CATS_MIGRATION_FEAR_FEAR', 'TAX_FNCACT_LEADERS', 'TAX_WORLDMAMMALS_HUMAN', 'TAX_FNCACT_OFFICIALS', 'ENV_OIL', 'TAX_ETHNICITY_INDIAN', 'TAX_ETHNICITY_INDIAN', 'TAX_ETHNICITY_INDIAN', 'TAX_ETHNICITY_INDIAN', 'TAX_ETHNICITY_INDIAN', 'TAX_ETHNICITY_INDIAN', 'TAX_ETHNICITY_INDIAN', 'TAX_ETHNICITY_INDIAN', 'MILITARY', 'MILITARY', 'MILITARY', 'MILITARY', 'MILITARY', 'MILITARY', 'MILITARY', 'MILITARY', 'TAX_FNCACT_NAVY', 'TAX_FNCACT_NAVY', 'TAX_FNCACT_NAVY', 'TAX_FNCACT_NAVY', 'TAX_FNCACT_NAVY', 'TAX_FNCACT_NAVY', 'TAX_FNCACT_NAVY', 'TAX_FNCACT_NAVY', 'WB_841_JUSTICE_SYSTEM_ADMINISTRATION', 'WB_696_PUBLIC_SECTOR_MANAGEMENT', 'WB_840_JUSTICE', 'WB_1211_HUMAN_RESOURCES', 'TAX_MILITARY_TITLE_ADMIRAL', 'TAX_FNCACT_ADMIRAL', 'GENERAL_GOVERNMENT', 'EPU_POLICY_GOVERNMENT', 'CRISISLEX_C07_SAFETY', 'CRISISLEX_C07_SAFETY', 'CRISISLEX_C07_SAFETY', 'CRISISLEX_C07_SAFETY', 'CRISISLEX_C07_SAFETY', 'CRISISLEX_C07_SAFETY']",1.64271047227926
20260412101500-42,20260412101500,thehindu.com,https://www.thehindu.com/news/national/tamil-nadu/elephant-strays-into-doddabetta-peak-tourist-attraction-closed/article70853506.ece,"['TOURISM', 'TOURISM', 'TAX_FNCACT_TOURIST', 'TAX_FNCACT_TOURIST', 'TAX_FNCACT_OFFICIALS', 'WB_566_ENVIRONMENT_AND_NATURAL_RESOURCES', 'WB_1777_FORESTS', 'WB_590_ECOSYSTEMS', 'UNGP_FORESTS_RIVERS_OCEANS', 'CLOSURE']",2.85714285714286
20260412101500-43,20260412101500,kashmirreader.com,https://kashmirreader.com/2026/04/12/sir-phase-2-voters-list-of-12-states-uts-pruned-by-over-10/,"['ELECTION', 'ELECTION', 'ELECTION', 'TAX_WORLDLANGUAGES_NICOBAR', 'TAX_ETHNICITY_TAMIL', 'TAX_ETHNICITY_TAMIL', 'TAX_WORLDLANGUAGES_TAMIL', 'TAX_WORLDLANGUAGES_TAMIL', 'TAX_FNCACT_OFFICIALS', 'EPU_POLICY_POLITICAL', 'KILL', 'CRISISLEX_CRISISLEXREC', 'CRISISLEX_T02_INJURED', 'CRISISLEX_T03_DEAD', 'TAX_WORLDLANGUAGES_NAGAR', 'MEDIA_MSM', 'TAX_WORLDLANGUAGES_MAHARASHTRA', 'TAX_WORLDLANGUAGES_ANDHRA']",-1.05540897097625
20260412101500-44,20260412101500,aceshowbiz.com,https://www.aceshowbiz.com/news/view/00253448.html,"['TAX_FNCACT_INVESTOR', 'WB_2203_HUMAN_RIGHTS', 'WB_2482_RECONCILIATION', 'WB_2519_RESPONSES_TO_HUMAN_RIGHTS_ABUSES', 'WB_2432_FRAGILITY_CONFLICT_AND_VIOLENCE', 'UNGP_FORESTS_RIVERS_OCEANS', 'TAX_FNCACT_BEST_MAN', 'EPU_ECONOMY_HISTORIC', 'EPU_ECONOMY_HISTORIC', 'EPU_ECONOMY_HISTORIC', 'EPU_ECONOMY_HISTORIC', 'EPU_ECONOMY_HISTORIC', 'MEDIA_SOCIAL', 'WB_652_ICT_APPLICATIONS', 'WB_662_SOCIAL_MEDIA', 'WB_658_ENTERPRISE_APPLICATIONS', 'WB_678_DIGITAL_GOVERNMENT', 'WB_694_BROADCAST_AND_MEDIA', 'WB_133_INFORMATION_AND_COMMUNICATION_TECHNOLOGIES', 'TAX_FNCACT_CREATIVE_DIRECTOR', 'TAX_FNCACT_DIRECTOR', 'TAX_FNCACT_MAN', 'TAX_WORLDMAMMALS_ASS', 'WB_2670_JOBS', 'WB_696_PUBLIC_SECTOR_MANAGEMENT', 'WB_2048_COMPENSATION_CAREERS_AND_INCENTIVES', 'WB_723_PUBLIC_ADMINISTRATION', 'WB_724_HUMAN_RESOURCES_FOR_PUBLIC_SECTOR', 'MEDIA_MSM', 'WB_2433_CONFLICT_AND_VIOLENCE']",4.05679513184584
20260412101500-45,20260412101500,mauinews.com,https://www.mauinews.com/news/local-news/2026/04/nws-flood-watch-extended-to-6-a-m-monday/,"['NATURAL_DISASTER_LANDSLIDES', 'WB_1458_HEALTH_PROMOTION_AND_DISEASE_PREVENTION', 'WB_1462_WATER_SANITATION_AND_HYGIENE', 'WB_635_PUBLIC_HEALTH', 'WB_621_HEALTH_NUTRITION_AND_POPULATION', 'WB_137_WATER', 'WB_137_WATER', 'WB_137_WATER', 'WB_137_WATER', 'TAX_AIDGROUPS_AMERICAN_RED_CROSS', 'TAX_AIDGROUPS_RED_CROSS', 'CRISISLEX_C03_WELLBEING_HEALTH', 'CRISISLEX_O02_RESPONSEAGENCIESATCRISIS', 'WB_1797_SOLID_WASTE', 'WB_601_POLLUTION_MANAGEMENT', 'TAX_FNCACT_OFFICIALS', 'NATURAL_DISASTER_FLOODING', 'NATURAL_DISASTER_FLOODING', 'NATURAL_DISASTER_FLOODING', 'CRISISLEX_C06_WATER_SANITATION', 'CRISISLEX_C06_WATER_SANITATION', 'CRISISLEX_C06_WATER_SANITATION', 'CRISISLEX_T01_CAUTION_ADVICE', 'CRISISLEX_T01_CAUTION_ADVICE', 'EMERG_EMERGSHELTER', 'CRISISLEX_O01_WEATHER', 'CRISISLEX_CRISISLEXREC', 'CRISISLEX_CRISISLEXREC', 'TAX_ETHNICITY_AMERICAN', 'NATURAL_DISASTER_HEAVY_RAIN', 'NATURAL_DISASTER_HEAVY_RAIN', 'WB_566_ENVIRONMENT_AND_NATURAL_RESOURCES', 'WB_598_ENVIRONMENTAL_MANAGEMENT', 'NATURAL_DISASTER_FLOOD', 'NATURAL_DISASTER_FLOOD', 'UNGP_FORESTS_RIVERS_OCEANS']",-5.34351145038168
20260412101500-46,20260412101500,sydneysun.com,http://www.sydneysun.com/news/278978602/team-liquid-1st-team-to-2-0-at-lcs-spring,[],1.74825174825175
20260412101500-47,20260412101500,livemint.com,https://www.livemint.com/money/personal-finance/take-home-salary-calculation-labour-laws-how-much-will-your-in-hand-pay-change-if-you-have-a-30-lakh-ctc-check-here-11775976543109.html,"['EPU_ECONOMY_HISTORIC', 'EPU_ECONOMY_HISTORIC', 'EPU_ECONOMY_HISTORIC', 'EPU_ECONOMY_HISTORIC', 'EPU_ECONOMY_HISTORIC', 'MEDIA_MSM', 'WB_678_DIGITAL_GOVERNMENT', 'WB_694_BROADCAST_AND_MEDIA', 'WB_133_INFORMATION_AND_COMMUNICATION_TECHNOLOGIES', 'TAX_ETHNICITY_ASIAN', 'REL_ANTISEMITISM', 'REL_ANTISEMITISM', 'REL_ANTISEMITISM', 'REL_ANTISEMITISM', 'REL_ANTISEMITISM', 'EDUCATION', 'SOC_POINTSOFINTEREST_COLLEGE', 'ECON_BITCOIN', 'ECON_TAXATION', 'ECON_TAXATION', 'USPEC_POLICY1', 'USPEC_POLICY1', 'EPU_POLICY_TAX', 'EPU_POLICY_TAX', 'EPU_CATS_TAXES', 'EPU_CATS_TAXES', 'EPU_POLICY_BUDGET', 'MEDIA_SOCIAL', 'TAX_FNCACT_PRODUCER', 'TAX_FNCACT_PRODUCER', 'EPU_ECONOMY']",-2.76497695852535
20260412101500-48,20260412101500,el-balad.com,https://www.el-balad.com/16910447,"['TAX_FNCACT_CRIMINALS', 'SEIZE', 'TAX_ETHNICITY_ARAB', 'TAX_ETHNICITY_ARAB', 'TAX_ETHNICITY_ARAB', 'TAX_ETHNICITY_ARAB', 'WB_2024_ANTI_CORRUPTION_AUTHORITIES', 'WB_2024_ANTI_CORRUPTION_AUTHORITIES', 'WB_696_PUBLIC_SECTOR_MANAGEMENT', 'WB_696_PUBLIC_SECTOR_MANAGEMENT', 'WB_840_JUSTICE', 'WB_840_JUSTICE', 'WB_2025_INVESTIGATION', 'WB_2025_INVESTIGATION', 'WB_831_GOVERNANCE', 'WB_831_GOVERNANCE', 'WB_832_ANTI_CORRUPTION', 'WB_832_ANTI_CORRUPTION', 'WB_1014_CRIMINAL_JUSTICE', 'WB_1014_CRIMINAL_JUSTICE', 'TAX_FNCACT_GUARD', 'TAX_FNCACT_GUARD', 'TAX_FNCACT_DETECTIVES', 'KILL', 'CRISISLEX_T03_DEAD', 'UNGP_CRIME_VIOLENCE', 'UNGP_CRIME_VIOLENCE', 'TAX_FNCACT_SHERIFF', 'TAX_FNCACT_CRIMINAL', 'TAX_FNCACT_CRIMINAL', 'TAX_FNCACT_CRIMINAL', 'TAX_FNCACT_CRIMINAL', 'DRUG_TRADE', 'WB_1331_HEALTH_TECHNOLOGIES', 'WB_2453_ORGANIZED_CRIME', 'WB_1350_PHARMACEUTICALS', 'WB_2433_CONFLICT_AND_VIOLENCE', 'WB_621_HEALTH_NUTRITION_AND_POPULATION', 'WB_2432_FRAGILITY_CONFLICT_AND_VIOLENCE', 'WB_2456_DRUGS_AND_NARCOTICS', 'ORGANIZED_CRIME', 'ORGANIZED_CRIME', 'ORGANIZED_CRIME', 'WB_2452_GANGS', 'WB_2452_GANGS', 'WB_2452_GANGS', 'WB_2445_NON_STATE_SECURITY_ACTORS', 'WB_2445_NON_STATE_SECURITY_ACTORS', 'WB_2445_NON_STATE_SECURITY_ACTORS', 'WB_2495_DETENTION_PRISON_AND_CORRECTIONS_REFORM', 'WB_2470_PEACE_OPERATIONS_AND_CONFLICT_MANAGEMENT', 'WB_2490_NATIONAL_PROTECTION_AND_SECURITY', 'TAX_FNCACT_POLICE_OFFICER', 'TAX_FNCACT_MAN', 'TAX_DISEASE_DECAPITATION', 'SECURITY_SERVICES', 'SECURITY_SERVICES', 'SECURITY_SERVICES', 'SECURITY_SERVICES', 'SECURITY_SERVICES', 'SECURITY_SERVICES', 'SECURITY_SERVICES', 'TAX_FNCACT_POLICE', 'TAX_FNCACT_POLICE', 'TAX_FNCACT_POLICE', 'TAX_FNCACT_POLICE', 'TAX_FNCACT_POLICE', 'TAX_FNCACT_POLICE', 'TAX_FNCACT_POLICE', 'CRISISLEX_C07_SAFETY', 'CRISISLEX_C07_SAFETY', 'CRISISLEX_C07_SAFETY', 'CRISISLEX_C07_SAFETY', 'CRISISLEX_C07_SAFETY', 'CRISISLEX_C07_SAFETY', 'CRISISLEX_C07_SAFETY', 'SOC_GENERALCRIME', 'SOC_GENERALCRIME', 'EPU_CATS_MIGRATION_FEAR_FEAR', 'EPU_CATS_MIGRATION_FEAR_FEAR', 'ECON_BITCOIN', 'ECON_BITCOIN', 'TAX_FNCACT_AUTHORITIES', 'EPU_POLICY_AUTHORITIES', 'MOVEMENT_GENERAL', 'ARREST', 'ARREST', 'ARREST', 'ARREST', 'ARREST', 'ARREST', 'ARREST', 'ARREST', 'CRISISLEX_CRISISLEXREC', 'CRISISLEX_CRISISLEXREC', 'CRISISLEX_CRISISLEXREC', 'CRISISLEX_CRISISLEXREC', 'CRISISLEX_CRISISLEXREC', 'CRISISLEX_CRISISLEXREC', 'CRISISLEX_CRISISLEXREC', 'CRISISLEX_CRISISLEXREC', 'TAX_FNCACT_OFFICER', 'CRISISLEX_T01_CAUTION_ADVICE', 'TAX_DISEASE_SEIZURES']",-6.41509433962264
20260412101500-49,20260412101500,manilatimes.net,https://www.manilatimes.net/2026/04/12/news/agri-group-to-hold-asia-pacific-cooperatives-summit-in-makati/2318608,"['WB_471_ECONOMIC_GROWTH', 'WB_471_ECONOMIC_GROWTH', 'WB_1078_DETERMINANTS_OF_GROWTH', 'WB_1078_DETERMINANTS_OF_GROWTH', 'WB_1081_FINANCE_AND_GROWTH', 'WB_1081_FINANCE_AND_GROWTH', 'WB_863_FDI_SPILLOVERS', 'WB_863_FDI_SPILLOVERS', 'AGRICULTURE', 'WB_1160_SHOCKS_AND_VULNERABILITY', 'WB_695_POVERTY', 'TAX_FNCACT_ORGANIZERS', 'AFFECT', 'UNGP_FORESTS_RIVERS_OCEANS', 'TAX_FNCACT_COORDINATOR', 'TAX_FNCACT_LEADERS', 'WB_1973_FINANCIAL_RISK_REDUCTION', 'WB_1976_COOPERATIVE_DEVELOPMENT', 'WB_435_AGRICULTURE_AND_FOOD_SECURITY', 'WB_1967_AGRICULTURAL_RISK_AND_SECURITY', 'WB_2433_CONFLICT_AND_VIOLENCE', 'WB_2432_FRAGILITY_CONFLICT_AND_VIOLENCE', 'WB_2601_TRADE_LINKAGES_SPILLOVERS_AND_CONNECTIVITY', 'WB_772_TRADE_FACILITATION_AND_LOGISTICS', 'WB_698_TRADE', 'WB_698_TRADE', 'USPEC_POLICY1', 'EPU_POLICY_POLICY']",3.15315315315315
20260412101500-50,20260412101500,somersetcountygazette.co.uk,https://www.somersetcountygazette.co.uk/news/national/26014009.dublin-fuel-protesters-ambushed-late-night-garda-operation-spokesman-says/,"['TAX_MILITARY_TITLE_OFFICERS', 'TAX_FNCACT_OFFICERS', 'BLOCKADE', 'BLOCKADE', 'BLOCKADE', 'BLOCKADE', 'BLOCKADE', 'SEIGE', 'SEIGE', 'SEIGE', 'SEIGE', 'SEIGE', 'WB_678_DIGITAL_GOVERNMENT', 'WB_694_BROADCAST_AND_MEDIA', 'WB_133_INFORMATION_AND_COMMUNICATION_TECHNOLOGIES', 'ALLIANCE', 'ALLIANCE', 'PROTEST', 'PROTEST', 'PROTEST', 'PROTEST', 'PROTEST', 'PROTEST', 'PROTEST', 'WB_135_TRANSPORT', 'WB_135_TRANSPORT', 'TAX_FNCACT_STREET_CLEANERS', 'SOC_RANSOM', 'LEADER', 'TAX_FNCACT_PRESIDENT', 'USPEC_POLITICS_GENERAL1', 'ENV_OIL', 'ENV_OIL', 'ENV_OIL', 'AFFECT', 'ARMEDCONFLICT', 'TAX_FNCACT_SPOKESMAN', 'SHORTAGE', 'TAX_ETHNICITY_IRISH', 'TAX_ETHNICITY_IRISH', 'TAX_ETHNICITY_IRISH', 'TAX_WORLDLANGUAGES_IRISH', 'TAX_WORLDLANGUAGES_IRISH', 'TAX_WORLDLANGUAGES_IRISH', 'SECURITY_SERVICES', 'SECURITY_SERVICES', 'SECURITY_SERVICES', 'TAX_FNCACT_POLICE', 'TAX_FNCACT_POLICE', 'TAX_FNCACT_POLICE', 'CRISISLEX_C07_SAFETY', 'CRISISLEX_C07_SAFETY', 'CRISISLEX_C07_SAFETY', 'MEDICAL', 'SOC_POINTSOFINTEREST_HOSPITALS', 'AGRICULTURE', 'TAX_FNCACT_SUPPORTERS', 'KILL', 'DISASTER_FIRE', 'CRISISLEX_T01_CAUTION_ADVICE', 'ARREST', 'LEGISLATION', 'EPU_POLICY_LAW', 'TAX_FNCACT_EXECUTIVE', 'TAX_FNCACT_REPRESENTATIVE', 'MILITARY', 'CRISISLEX_O01_WEATHER', 'GENERAL_HEALTH', 'WB_635_PUBLIC_HEALTH', 'WB_2165_HEALTH_EMERGENCIES', 'WB_621_HEALTH_NUTRITION_AND_POPULATION', 'WB_1324_EMERGENCY_MEDICAL_SERVICES', 'TAX_FNCACT_WORKERS', 'EDUCATION', 'SOC_POINTSOFINTEREST_SCHOOLS', 'TAX_FNCACT_CHIEF', 'RURAL', 'TAX_FNCACT_CHIEF_EXECUTIVE', 'TAX_FNCACT_COMMISSIONER', 'TAX_FNCACT_COMMISSIONER', 'TAX_FNCACT_SPOKESWOMAN', 'MEDIA_SOCIAL', 'WB_652_ICT_APPLICATIONS', 'WB_662_SOCIAL_MEDIA', 'WB_658_ENTERPRISE_APPLICATIONS', 'EPU_ECONOMY_HISTORIC', 'UNGP_CRIME_VIOLENCE', 'MANMADE_DISASTER_IMPLIED', 'MANMADE_DISASTER_IMPLIED', 'MANMADE_DISASTER_IMPLIED', 'WB_539_OIL_AND_GAS_POLICY_STRATEGY_AND_INSTITUTIONS', 'WB_539_OIL_AND_GAS_POLICY_STRATEGY_AND_INSTITUTIONS', 'WB_539_OIL_AND_GAS_POLICY_STRATEGY_AND_INSTITUTIONS', 'WB_507_ENERGY_AND_EXTRACTIVES', 'WB_507_ENERGY_AND_EXTRACTIVES', 'WB_507_ENERGY_AND_EXTRACTIVES', 'WB_548_PPP_IN_OIL_AND_GAS', 'WB_548_PPP_IN_OIL_AND_GAS', 'WB_548_PPP_IN_OIL_AND_GAS', 'WB_2298_REFINERIES', 'WB_2298_REFINERIES', 'WB_2298_REFINERIES', 'TAX_ECON_PRICE', 'TAX_ECON_PRICE', 'TAX_ECON_PRICE', 'GENERAL_GOVERNMENT', 'GENERAL_GOVERNMENT', 'GENERAL_GOVERNMENT', 'GENERAL_GOVERNMENT', 'GENERAL_GOVERNMENT', 'GENERAL_GOVERNMENT', 'EPU_POLICY_GOVERNMENT', 'EPU_POLICY_GOVERNMENT', 'EPU_POLICY_GOVERNMENT', 'EPU_POLICY_GOVERNMENT', 'EPU_POLICY_GOVERNMENT', 'EPU_POLICY_GOVERNMENT', 'UNGP_FORESTS_RIVERS_OCEANS', 'UNGP_FORESTS_RIVERS_OCEANS', 'UNGP_FORESTS_RIVERS_OCEANS', 'CRISISLEX_O02_RESPONSEAGENCIESATCRISIS', 'CRISISLEX_CRISISLEXREC', 'CRISISLEX_CRISISLEXREC', 'TAX_FNCACT_SPOKESMEN', 'TAX_FNCACT_MINISTERS']",-5.9449866903283
20260412101500-51,20260412101500,athens-times.com,https://athens-times.com/easter-night-crackdown-14-arrests-in-attica-for-molotovs-flares-and-firecrackers/,"['WB_696_PUBLIC_SECTOR_MANAGEMENT', 'WB_840_JUSTICE', 'WB_1920_FINANCIAL_SECTOR_DEVELOPMENT', 'WB_328_FINANCIAL_INTEGRITY', 'WB_1014_CRIMINAL_JUSTICE', 'WB_2082_LAW_ENFORCEMENT', 'LEGISLATION', 'EPU_POLICY_LAW', 'VIOLENT_UNREST', 'VIOLENT_UNREST', 'TAX_WEAPONS_MOLOTOV_COCKTAILS', 'TAX_WEAPONS_MOLOTOV_COCKTAILS', 'UNREST_MOLOTOVCOCKTAIL', 'UNREST_MOLOTOVCOCKTAIL', 'ARREST', 'SOC_GENERALCRIME', 'TAX_RELIGION_CHURCHES', 'TAX_FNCACT_CHILDREN', 'MANMADE_DISASTER_IMPLIED', 'TAX_MILITARY_TITLE_OFFICERS', 'TAX_FNCACT_OFFICERS', 'MARITIME_INCIDENT', 'MARITIME', 'MARITIME_PIRACY', 'TAX_ETHNICITY_GREEK', 'TAX_ETHNICITY_GREEK', 'TAX_WORLDLANGUAGES_GREEK', 'TAX_WORLDLANGUAGES_GREEK', 'WB_738_SOCIAL_COHESION', 'WB_134_SOCIAL_DEVELOPMENT', 'TAX_DISEASE_SEIZURES', 'TAX_FNCACT_CITIZEN', 'TAX_RELIGION_CHURCH', 'TAX_FNCACT_AUTHORITIES', 'CRISISLEX_CRISISLEXREC', 'EPU_POLICY_AUTHORITIES', 'RELIGION', 'TAX_WEAPONS_INCENDIARY_DEVICES', 'CONFISCATION', 'SECURITY_SERVICES', 'SECURITY_SERVICES', 'TAX_FNCACT_POLICE', 'TAX_FNCACT_POLICE', 'CRISISLEX_C07_SAFETY', 'CRISISLEX_C07_SAFETY', 'TAX_WEAPONS_EXPLOSIVES', 'EPU_CATS_MIGRATION_FEAR_FEAR']",-1.05820105820106
20260412101500-52,20260412101500,smh.com.au,https://www.smh.com.au/national/victoria/missing-momo-fest-that-would-have-been-a-no-no-for-dumpling-lovers-20260316-p5oawr.html,"['TAX_ETHNICITY_AUSTRALIAN', 'TAX_ETHNICITY_NEPALESE', 'TAX_ETHNICITY_NEPALESE', 'TAX_ETHNICITY_NEPALESE', 'TAX_ETHNICITY_NEPALESE', 'TAX_ETHNICITY_NEPALESE', 'TAX_ETHNICITY_NEPALESE', 'TAX_ETHNICITY_NEPALESE', 'TAX_WORLDLANGUAGES_NEPALESE', 'TAX_WORLDLANGUAGES_NEPALESE', 'TAX_WORLDLANGUAGES_NEPALESE', 'TAX_WORLDLANGUAGES_NEPALESE', 'TAX_WORLDLANGUAGES_NEPALESE', 'TAX_WORLDLANGUAGES_NEPALESE', 'TAX_WORLDLANGUAGES_NEPALESE', 'UNGP_FORESTS_RIVERS_OCEANS', 'CRISISLEX_T11_UPDATESSYMPATHY', 'TAX_WORLDMAMMALS_GOAT', 'TAX_FNCACT_PUNTERS', 'TAX_FNCACT_PUNTERS', 'DELAY', 'TAX_FOODSTAPLES_MILK', 'MEDIA_MSM', 'TAX_FNCACT_REPORTER', 'GENERAL_HEALTH', 'HEALTH_PANDEMIC', 'WB_635_PUBLIC_HEALTH', 'WB_2165_HEALTH_EMERGENCIES', 'WB_2166_HEALTH_EMERGENCY_PREPAREDNESS_AND_DISASTER_RESPONSE', 'WB_621_HEALTH_NUTRITION_AND_POPULATION', 'WB_2167_PANDEMICS', 'UNGP_HEALTHCARE', 'MEDICAL', 'TAX_FNCACT_DOCTORS', 'CRISISLEX_C03_WELLBEING_HEALTH', 'TAX_FNCACT_CHILDREN', 'TAX_FNCACT_FATHER', 'AFFECT', 'EPU_ECONOMY_HISTORIC', 'TAX_ETHNICITY_INDIAN', 'TAX_ETHNICITY_TIBETAN', 'TAX_WORLDLANGUAGES_TIBETAN']",1.12570356472796
20260412101500-53,20260412101500,el-balad.com,https://www.el-balad.com/16910454,[],2.82776349614396
20260412101500-54,20260412101500,aceshowbiz.com,https://www.aceshowbiz.com/news/view/00253447.html,"['PROTEST', 'MEDIA_MSM', 'WB_2670_JOBS', 'WB_2670_JOBS', 'WB_696_PUBLIC_SECTOR_MANAGEMENT', 'WB_696_PUBLIC_SECTOR_MANAGEMENT', 'WB_2048_COMPENSATION_CAREERS_AND_INCENTIVES', 'WB_2048_COMPENSATION_CAREERS_AND_INCENTIVES', 'WB_723_PUBLIC_ADMINISTRATION', 'WB_723_PUBLIC_ADMINISTRATION', 'WB_724_HUMAN_RESOURCES_FOR_PUBLIC_SECTOR', 'WB_724_HUMAN_RESOURCES_FOR_PUBLIC_SECTOR', 'CRISISLEX_T11_UPDATESSYMPATHY', 'USPEC_POLICY1', 'EPU_UNCERTAINTY', 'TAX_FNCACT_DEMONSTRATORS', 'TAX_FNCACT_ARTIST', 'TAX_FNCACT_ARTIST', 'TAX_FNCACT_ARTIST', 'SOC_POINTSOFINTEREST_HEADQUARTERS', 'TAX_FNCACT_OFFICIAL']",3.65535248041776
20260412101500-55,20260412101500,kashmirreader.com,https://kashmirreader.com/2026/04/12/neet-jee-and-the-1-success-rate-indias-education-system-needs-interdisciplinary-reform/,"['TAX_FNCACT_CHILDREN', 'WB_1331_HEALTH_TECHNOLOGIES', 'WB_1350_PHARMACEUTICALS', 'WB_621_HEALTH_NUTRITION_AND_POPULATION', 'EPU_ECONOMY', 'WB_2943_SWITCHES', 'WB_667_ICT_INFRASTRUCTURE', 'WB_672_NETWORK_MANAGEMENT', 'SOC_POINTSOFINTEREST_UNIVERSITIES', 'SOC_POINTSOFINTEREST_UNIVERSITIES', 'CYBER_ATTACK', 'WB_678_DIGITAL_GOVERNMENT', 'WB_670_ICT_SECURITY', 'WB_133_INFORMATION_AND_COMMUNICATION_TECHNOLOGIES', 'WB_2133_QUALIFICATION_FRAMEWORKS', 'WB_483_VOCATIONAL_EDUCATION_AND_TRAINING', 'WB_484_LIFELONG_LEARNING', 'WB_2822_LIFELONG_EDUCATION', 'WB_478_LEVELS_OF_EDUCATION', 'WB_1084_TECHNOLOGY_TRANSFER_AND_DIFFUSION', 'WB_471_ECONOMIC_GROWTH', 'WB_1078_DETERMINANTS_OF_GROWTH', 'TAX_FNCACT_ANALYSTS', 'WB_491_QUALITY_OF_EDUCATION', 'WB_1556_CURRICULUM_DEVELOPMENT', 'WB_831_GOVERNANCE', 'MANMADE_DISASTER_IMPLIED', 'TECH_AUTOMATION', 'TAX_FNCACT_ENGINEER', 'TAX_FNCACT_STUDENT', 'TAX_FNCACT_STUDENT', 'TAX_FNCACT_STUDENT', 'SCIENCE', 'SCIENCE', 'SCIENCE', 'SOC_INNOVATION', 'SOC_INNOVATION', 'SOC_INNOVATION', 'WB_1532_TEACHER_TRAINING', 'WB_1523_TEACHERS_MANAGEMENT', 'WB_1497_EDUCATION_MANAGEMENT_AND_ADMINISTRATION', 'EDUCATION', 'EDUCATION', 'EDUCATION', 'EDUCATION', 'EDUCATION', 'EDUCATION', 'EDUCATION', 'EDUCATION', 'WB_470_EDUCATION', 'WB_470_EDUCATION', 'WB_470_EDUCATION', 'WB_470_EDUCATION', 'WB_470_EDUCATION', 'WB_470_EDUCATION', 'WB_470_EDUCATION', 'WB_470_EDUCATION', 'TAX_FNCACT_EDUCATORS', 'TAX_FNCACT_EDUCATORS', 'EPU_POLICY_POLICYMAKERS', 'RURAL', 'SOC_EMERGINGTECH', 'TAX_FNCACT_TEACHER', 'LITERACY', 'UNGP_EDUCATION', 'TAX_FNCACT_STUDENTS', 'TAX_FNCACT_STUDENTS', 'TAX_FNCACT_STUDENTS', 'TAX_FNCACT_STUDENTS', 'TAX_FNCACT_STUDENTS', 'TAX_FNCACT_STUDENTS', 'TAX_FNCACT_STUDENTS', 'TAX_FNCACT_STUDENTS', 'TAX_FNCACT_STUDENTS', 'TAX_FNCACT_STUDENTS', 'TAX_FNCACT_STUDENTS', 'TAX_FNCACT_STUDENTS', 'TAX_FNCACT_STUDENTS', 'TAX_FNCACT_STUDENTS', 'TAX_FNCACT_STUDENTS', 'TAX_FNCACT_STUDENTS', 'TAX_FNCACT_STUDENTS', 'TAX_FNCACT_STUDENTS', 'WB_2670_JOBS', 'WB_2670_JOBS', 'WB_2670_JOBS', 'AGRICULTURE', 'WB_1513_EDUCATION_POLICY_AND_PLANNING', 'UNGP_FORESTS_RIVERS_OCEANS', 'UNGP_FORESTS_RIVERS_OCEANS', 'TAX_ECON_PRICE', 'WB_696_PUBLIC_SECTOR_MANAGEMENT', 'WB_2048_COMPENSATION_CAREERS_AND_INCENTIVES', 'WB_723_PUBLIC_ADMINISTRATION', 'WB_724_HUMAN_RESOURCES_FOR_PUBLIC_SECTOR', 'WB_2089_ETHICS_AND_CODES_OF_CONDUCT', 'USPEC_POLICY1', 'USPEC_POLICY1', 'USPEC_POLICY1', 'USPEC_POLICY1', 'EPU_POLICY_POLICY', 'EPU_POLICY_POLICY', 'EPU_POLICY_POLICY', 'EPU_POLICY_POLICY', 'TAX_DISEASE_CONVENTIONAL', 'TAX_DISEASE_CONVENTIONAL', 'ENV_CLIMATECHANGE', 'WB_567_CLIMATE_CHANGE', 'CRISISLEX_CRISISLEXREC', 'UNGP_CLIMATE_CHANGE_ACTION', 'WB_2769_JOBS_STRATEGIES', 'WB_2840_INTEGRATION', 'WB_2836_MIGRATION_POLICIES_AND_JOBS', 'GENERAL_GOVERNMENT', 'GENERAL_GOVERNMENT', 'EPU_POLICY_GOVERNMENT', 'EPU_POLICY_GOVERNMENT', 'TAX_FNCACT_ENGINEERS', 'EPU_POLICY_REFORM', 'EPU_POLICY_REFORM', 'WB_1467_EDUCATION_FOR_ALL', 'WB_1467_EDUCATION_FOR_ALL', 'WB_1467_EDUCATION_FOR_ALL', 'WB_2131_EMPLOYABILITY_SKILLS_AND_JOBS', 'WB_2131_EMPLOYABILITY_SKILLS_AND_JOBS', 'WB_2131_EMPLOYABILITY_SKILLS_AND_JOBS', 'WB_1484_EDUCATION_SKILLS_DEVELOPMENT_AND_LABOR_MARKET', 'WB_1484_EDUCATION_SKILLS_DEVELOPMENT_AND_LABOR_MARKET', 'WB_1484_EDUCATION_SKILLS_DEVELOPMENT_AND_LABOR_MARKET', 'URBAN', 'EPU_ECONOMY_HISTORIC', 'EPU_ECONOMY_HISTORIC', 'GENERAL_HEALTH', 'MEDICAL', 'TAX_FNCACT_DOCTOR']",1.64744645799012
20260412101500-56,20260412101500,aol.co.uk,https://www.aol.co.uk/articles/marie-louise-eta-becomes-first-083623576.html,[],0.471698113207547
20260412101500-57,20260412101500,theage.com.au,https://www.theage.com.au/national/child-among-those-injured-in-melbourne-crash-20260412-p5znab.html,"['UNGP_FORESTS_RIVERS_OCEANS', 'WOUND', 'CRISISLEX_CRISISLEXREC', 'CRISISLEX_C03_WELLBEING_HEALTH', 'CRISISLEX_T02_INJURED', 'GENERAL_HEALTH', 'MEDICAL', 'SOC_POINTSOFINTEREST_HOSPITAL', 'TAX_FNCACT_CHILD', 'TAX_FNCACT_CHILD']",-12.8205128205128
20260412101500-58,20260412101500,wiltsglosstandard.co.uk,https://www.wiltsglosstandard.co.uk/news/national/26014070.eamonn-holmes-doing-okay-following-stroke-says-son/,"['TAX_FNCACT_CHIEF', 'TAX_FNCACT_PRESENTER', 'WB_2670_JOBS', 'WB_696_PUBLIC_SECTOR_MANAGEMENT', 'WB_2048_COMPENSATION_CAREERS_AND_INCENTIVES', 'WB_723_PUBLIC_ADMINISTRATION', 'WB_724_HUMAN_RESOURCES_FOR_PUBLIC_SECTOR', 'SOC_POINTSOFINTEREST_HOSPITAL', 'SOC_POINTSOFINTEREST_HOSPITAL', 'TAX_FNCACT_SPOKESPERSON', 'MANMADE_DISASTER_IMPLIED', 'TAX_DISEASE_STROKE', 'TAX_DISEASE_STROKE', 'LEGISLATION', 'EPU_POLICY_LAW', 'WB_1160_SHOCKS_AND_VULNERABILITY', 'WB_1160_SHOCKS_AND_VULNERABILITY', 'WB_695_POVERTY', 'WB_695_POVERTY', 'TAX_FNCACT_EXECUTIVE', 'TAX_FNCACT_CHIEF_EXECUTIVE', 'GENERAL_HEALTH', 'MEDICAL', 'CRISISLEX_C03_WELLBEING_HEALTH', 'TAX_FNCACT_FATHER', 'AFFECT']",0.87719298245614
20260412101500-59,20260412101500,sydneysun.com,http://www.sydneysun.com/news/278978361/jd-vance-says-iran-talks-have-ended-without-reaching-agreement,"['TAX_TERROR_GROUP_HEZBOLLAH', 'TAX_POLITICAL_PARTY_HEZBOLLAH', 'TAX_FNCACT_REPRESENTATIVES', 'GENERAL_GOVERNMENT', 'EPU_POLICY_GOVERNMENT', 'TAX_MILITARY_TITLE_ADMIRAL', 'TAX_FNCACT_ADMIRAL', 'ARMEDCONFLICT', 'ARMEDCONFLICT', 'ARMEDCONFLICT', 'EPU_CATS_NATIONAL_SECURITY', 'EPU_CATS_NATIONAL_SECURITY', 'EPU_CATS_NATIONAL_SECURITY', 'TAX_ECON_PRICE', 'WMD', 'WMD', 'NEGOTIATIONS', 'CRISISLEX_CRISISLEXREC', 'WB_2433_CONFLICT_AND_VIOLENCE', 'WB_2465_REVOLUTIONARY_VIOLENCE', 'WB_2432_FRAGILITY_CONFLICT_AND_VIOLENCE', 'WB_2462_POLITICAL_VIOLENCE_AND_WAR', 'TAX_FNCACT_VICE_PRESIDENT', 'ENV_OIL', 'TAX_FNCACT_OFFICIALS', 'TAX_FNCACT_OFFICIALS', 'TAX_FNCACT_OFFICIALS', 'LEADER', 'LEADER', 'TAX_FNCACT_PRESIDENT', 'TAX_FNCACT_PRESIDENT', 'USPEC_POLITICS_GENERAL1', 'USPEC_POLITICS_GENERAL1', 'WB_696_PUBLIC_SECTOR_MANAGEMENT', 'WB_713_PUBLIC_FINANCE', 'WB_1045_TREASURY', 'UNGP_FORESTS_RIVERS_OCEANS', 'USPEC_UNCERTAINTY1', 'USPEC_UNCERTAINTY1', 'CRISISLEX_C04_LOGISTICS_TRANSPORT', 'WB_678_DIGITAL_GOVERNMENT', 'WB_678_DIGITAL_GOVERNMENT', 'WB_694_BROADCAST_AND_MEDIA', 'WB_694_BROADCAST_AND_MEDIA', 'WB_133_INFORMATION_AND_COMMUNICATION_TECHNOLOGIES', 'WB_133_INFORMATION_AND_COMMUNICATION_TECHNOLOGIES', 'FUELPRICES', 'WB_2048_COMPENSATION_CAREERS_AND_INCENTIVES', 'WB_723_PUBLIC_ADMINISTRATION', 'WB_724_HUMAN_RESOURCES_FOR_PUBLIC_SECTOR', 'TAX_FNCACT_SECRETARY', 'TAX_FNCACT_SECRETARY', 'TAX_ETHNICITY_IRANIAN', 'TAX_ETHNICITY_IRANIAN', 'TAX_ETHNICITY_IRANIAN', 'KILL', 'KILL', 'CRISISLEX_T03_DEAD', 'CRISISLEX_T03_DEAD', 'CEASEFIRE', 'WB_539_OIL_AND_GAS_POLICY_STRATEGY_AND_INSTITUTIONS', 'WB_507_ENERGY_AND_EXTRACTIVES', 'WB_2290_OIL_AND_GAS_EXPORT', 'WB_544_MID_AND_DOWNSTREAM_OIL_AND_GAS', 'TAX_FNCACT_SECRETARY_OF_STATE']",-2.94695481335953
20260412101500-60,20260412101500,cairnspost.com.au,https://www.cairnspost.com.au/entertainment/celebrity-life/royals/heart-is-heavy-queen-mary-of-denmarks-father-84-dies-in-hobart/news-story/696e69dd0fa6fa0a07ec25596afbfa88?nk=2163ed35d4041f1a5ecf85a207ae555f-1775988090,"['GENERAL_HEALTH', 'GENERAL_HEALTH', 'MEDICAL', 'MEDICAL', 'TAX_WORLDLANGUAGES_DANISH', 'TAX_WORLDLANGUAGES_DANISH', 'KILL', 'KILL', 'CRISISLEX_T03_DEAD', 'CRISISLEX_T03_DEAD', 'CRISISLEX_CRISISLEXREC', 'CRISISLEX_T11_UPDATESSYMPATHY', 'EDUCATION', 'EDUCATION', 'EDUCATION', 'TAX_FNCACT_PROFESSOR', 'TAX_FNCACT_PROFESSOR', 'TAX_FNCACT_PROFESSOR', 'TAX_FNCACT_QUEEN', 'TAX_FNCACT_QUEEN', 'TAX_FNCACT_QUEEN', 'TAX_FNCACT_QUEEN', 'TAX_FNCACT_QUEEN', 'TAX_FNCACT_QUEEN', 'TAX_FNCACT_QUEEN', 'TAX_FNCACT_QUEEN', 'TAX_FNCACT_FATHER', 'TAX_FNCACT_FATHER', 'TAX_FNCACT_FATHER', 'TAX_FNCACT_FATHER', 'TAX_FNCACT_FATHER', 'TAX_FNCACT_FATHER', 'TAX_FNCACT_FATHER', 'TAX_FNCACT_FATHER', 'AFFECT']",0.0
20260412101500-61,20260412101500,mangalorean.com,https://www.mangalorean.com/doctor-reveals-asha-bhosle-passed-away-due-to-multi-organ-failure/,"['TAX_WORLDLANGUAGES_BAL', 'KILL', 'CRISISLEX_T03_DEAD', 'TAX_DISEASE_INFECTION', 'TAX_DISEASE_INFECTION', 'GENERAL_HEALTH', 'GENERAL_HEALTH', 'MEDICAL', 'MEDICAL', 'TAX_FNCACT_DOCTOR', 'TAX_FNCACT_DOCTOR', 'TAX_FNCACT_MINISTER', 'TAX_ETHNICITY_MARATHI', 'TAX_WORLDLANGUAGES_MARATHI', 'SOC_POINTSOFINTEREST_HOSPITAL', 'SOC_POINTSOFINTEREST_HOSPITAL', 'SOC_POINTSOFINTEREST_HOSPITAL', 'SOC_POINTSOFINTEREST_HOSPITAL', 'CRISISLEX_C03_WELLBEING_HEALTH', 'CRISISLEX_C03_WELLBEING_HEALTH', 'CRISISLEX_C03_WELLBEING_HEALTH', 'CRISISLEX_C03_WELLBEING_HEALTH', 'TAX_WORLDLANGUAGES_HINDI', 'TAX_WORLDLANGUAGES_MAHARASHTRA', 'TAX_FNCACT_SINGER', 'TAX_FNCACT_SINGER', 'TAX_FNCACT_SINGER', 'TAX_FNCACT_SINGER', 'TAX_DISEASE_MULTIPLE_ORGAN_FAILURE', 'CRISISLEX_T02_INJURED', 'CRISISLEX_T02_INJURED', 'CRISISLEX_T02_INJURED', 'TAX_FNCACT_OFFICIAL', 'MEDIA_MSM', 'LEADER']",-2.64705882352941
20260412101500-62,20260412101500,boredpanda.com,https://www.boredpanda.com/most-expensive-history-mistakes/?cexp_id=150768&cexp_var=3&_f=homepage_featured,"['TAX_WORLDMAMMALS_HUMAN', 'TAX_WORLDMAMMALS_PANDA', 'TAX_ECON_PRICE']",-5.60747663551402
20260412101500-63,20260412101500,registercitizen.com,https://www.registercitizen.com/connecticut/article/ct-ai-employment-job-law-artificial-intelligence-22195190.php,"['TAX_FNCACT_FACULTY', 'TAX_FNCACT_FACULTY', 'LEADER', 'LEADER', 'LEADER', 'WB_2670_JOBS', 'WB_2670_JOBS', 'EDUCATION', 'SOC_POINTSOFINTEREST_COLLEGE', 'TAX_FNCACT_STUDENTS', 'TAX_FNCACT_STUDENTS', 'TAX_FNCACT_STUDENTS', 'TAX_FNCACT_STUDENTS']",-0.691699604743083
20260412101500-64,20260412101500,herefordtimes.com,https://www.herefordtimes.com/news/26014019.madley-car-boot-sale-herefordshire-cancelled-sunday-april-12/,['TAX_WORLDLANGUAGES_STONEY'],1.0989010989011
20260412101500-65,20260412101500,aol.co.uk,https://www.aol.co.uk/articles/us-iran-talks-collapse-iran-073709852.html,"['USPEC_UNCERTAINTY1', 'TAX_FNCACT_CABINET_MINISTER', 'TAX_FNCACT_SPOKESPERSON', 'TAX_FNCACT_SPOKESPERSON', 'NEGOTIATIONS', 'NEGOTIATIONS', 'WB_2470_PEACE_OPERATIONS_AND_CONFLICT_MANAGEMENT', 'WB_2470_PEACE_OPERATIONS_AND_CONFLICT_MANAGEMENT', 'WB_2478_PEACE_PROCESSES_AND_DIALOGUE', 'WB_2478_PEACE_PROCESSES_AND_DIALOGUE', 'WB_2432_FRAGILITY_CONFLICT_AND_VIOLENCE', 'WB_2432_FRAGILITY_CONFLICT_AND_VIOLENCE', 'WB_2471_PEACEKEEPING', 'WB_2471_PEACEKEEPING', 'AFFECT', 'CRISISLEX_C04_LOGISTICS_TRANSPORT', 'TAX_FNCACT_VENDOR', 'MEDIA_MSM', 'MEDIA_MSM', 'TAX_FNCACT_MINISTER', 'TAX_FNCACT_MINISTER', 'TAX_FNCACT_MINISTER', 'TAX_FNCACT_OFFICIAL', 'CRISISLEX_T11_UPDATESSYMPATHY', 'ECON_OILPRICE', 'TAX_FNCACT_ENVOY', 'TAX_ETHNICITY_IRANIAN', 'TAX_ETHNICITY_IRANIAN', 'KILL', 'CRISISLEX_T03_DEAD', 'BORDER', 'WB_678_DIGITAL_GOVERNMENT', 'WB_694_BROADCAST_AND_MEDIA', 'WB_133_INFORMATION_AND_COMMUNICATION_TECHNOLOGIES', 'TAX_ETHNICITY_BLACK', 'TAX_WEAPONS_BOMB', 'EPU_CATS_MIGRATION_FEAR_FEAR', 'ARMEDCONFLICT', 'ARMEDCONFLICT', 'EPU_CATS_NATIONAL_SECURITY', 'EPU_CATS_NATIONAL_SECURITY', 'WMD', 'TAX_ECON_PRICE', 'TAX_ETHNICITY_IRANIANS', 'CRISISLEX_C07_SAFETY', 'TAX_ETHNICITY_AMERICAN', 'MOVEMENT_GENERAL', 'UNGP_FORESTS_RIVERS_OCEANS', 'TAX_TERROR_GROUP_HEZBOLLAH', 'TAX_TERROR_GROUP_HEZBOLLAH', 'TAX_POLITICAL_PARTY_HEZBOLLAH', 'TAX_POLITICAL_PARTY_HEZBOLLAH', 'WB_2433_CONFLICT_AND_VIOLENCE', 'WB_2465_REVOLUTIONARY_VIOLENCE', 'WB_2462_POLITICAL_VIOLENCE_AND_WAR', 'TAX_FNCACT_VICE_PRESIDENT', 'ENV_WATERWAYS', 'WB_1805_WATERWAYS', 'WB_135_TRANSPORT', 'WB_1803_TRANSPORT_INFRASTRUCTURE', 'WB_696_PUBLIC_SECTOR_MANAGEMENT', 'WB_696_PUBLIC_SECTOR_MANAGEMENT', 'WB_696_PUBLIC_SECTOR_MANAGEMENT', 'WB_696_PUBLIC_SECTOR_MANAGEMENT', 'WB_696_PUBLIC_SECTOR_MANAGEMENT', 'WB_840_JUSTICE', 'WB_840_JUSTICE', 'WB_840_JUSTICE', 'WB_840_JUSTICE', 'WB_840_JUSTICE', 'WB_2473_DIPLOMACY_AND_NEGOTIATIONS', 'WB_2473_DIPLOMACY_AND_NEGOTIATIONS', 'WB_2473_DIPLOMACY_AND_NEGOTIATIONS', 'WB_2473_DIPLOMACY_AND_NEGOTIATIONS', 'WB_2473_DIPLOMACY_AND_NEGOTIATIONS', 'WB_939_NEGOTIATION', 'WB_939_NEGOTIATION', 'WB_939_NEGOTIATION', 'WB_939_NEGOTIATION', 'WB_939_NEGOTIATION', 'WB_936_ALTERNATIVE_DISPUTE_RESOLUTION', 'WB_936_ALTERNATIVE_DISPUTE_RESOLUTION', 'WB_936_ALTERNATIVE_DISPUTE_RESOLUTION', 'WB_936_ALTERNATIVE_DISPUTE_RESOLUTION', 'WB_936_ALTERNATIVE_DISPUTE_RESOLUTION', 'WB_843_DISPUTE_RESOLUTION', 'WB_843_DISPUTE_RESOLUTION', 'WB_843_DISPUTE_RESOLUTION', 'WB_843_DISPUTE_RESOLUTION', 'WB_843_DISPUTE_RESOLUTION', 'LEADER', 'LEADER', 'TAX_FNCACT_PRESIDENT', 'TAX_FNCACT_PRESIDENT', 'USPEC_POLITICS_GENERAL1', 'USPEC_POLITICS_GENERAL1', 'ENV_OIL', 'CEASEFIRE', 'CEASEFIRE', 'CEASEFIRE', 'CEASEFIRE', 'CEASEFIRE', 'CEASEFIRE', 'TAX_FNCACT_SPEAKER', 'MARITIME_INCIDENT', 'MARITIME', 'TAX_FNCACT_FOREIGN_MINISTER', 'TAX_FNCACT_FOREIGN_MINISTER', 'MANMADE_DISASTER_IMPLIED', 'MANMADE_DISASTER_IMPLIED', 'TAX_RELIGION_ISLAMIC', 'WB_2203_HUMAN_RIGHTS', 'WB_2519_RESPONSES_TO_HUMAN_RIGHTS_ABUSES', 'WB_2520_REPARATIONS']",-2.56410256410256
20260412101500-66,20260412101500,rediff.com,https://www.rediff.com/news/report/kunki-chowdhury-summoned-ajp-alleges-political-motive/20260412.htm,"['TAX_FNCACT_CANDIDATE', 'TAX_FNCACT_CANDIDATE', 'TAX_FNCACT_CANDIDATE', 'TAX_FNCACT_CANDIDATE', 'TAX_FNCACT_CANDIDATE', 'HARASSMENT', 'UNGP_CRIME_VIOLENCE', 'LEADER', 'TAX_FNCACT_PRESIDENT', 'SOC_POINTSOFINTEREST_POLICE_STATION', 'SOC_POINTSOFINTEREST_POLICE_STATION', 'SOC_GENERALCRIME', 'SOC_GENERALCRIME', 'MEDIA_SOCIAL', 'WB_652_ICT_APPLICATIONS', 'WB_662_SOCIAL_MEDIA', 'WB_658_ENTERPRISE_APPLICATIONS', 'ELECTION', 'SECURITY_SERVICES', 'SECURITY_SERVICES', 'SECURITY_SERVICES', 'SECURITY_SERVICES', 'SECURITY_SERVICES', 'SECURITY_SERVICES', 'SECURITY_SERVICES', 'SECURITY_SERVICES', 'SECURITY_SERVICES', 'SECURITY_SERVICES', 'SECURITY_SERVICES', 'TAX_FNCACT_POLICE', 'TAX_FNCACT_POLICE', 'TAX_FNCACT_POLICE', 'TAX_FNCACT_POLICE', 'TAX_FNCACT_POLICE', 'TAX_FNCACT_POLICE', 'TAX_FNCACT_POLICE', 'TAX_FNCACT_POLICE', 'TAX_FNCACT_POLICE', 'TAX_FNCACT_POLICE', 'TAX_FNCACT_POLICE', 'CRISISLEX_C07_SAFETY', 'CRISISLEX_C07_SAFETY', 'CRISISLEX_C07_SAFETY', 'CRISISLEX_C07_SAFETY', 'CRISISLEX_C07_SAFETY', 'CRISISLEX_C07_SAFETY', 'CRISISLEX_C07_SAFETY', 'CRISISLEX_C07_SAFETY', 'CRISISLEX_C07_SAFETY', 'CRISISLEX_C07_SAFETY', 'CRISISLEX_C07_SAFETY', 'GENERAL_GOVERNMENT', 'EPU_POLICY_GOVERNMENT', 'ARREST', 'CRISISLEX_CRISISLEXREC', 'TAX_FNCACT_SUPPORTERS', 'TAX_DISEASE_ABDOMEN', 'DEMOCRACY', 'DEMOCRACY', 'DEMOCRACY', 'UNGP_POLITICAL_FREEDOMS', 'UNGP_POLITICAL_FREEDOMS', 'UNGP_POLITICAL_FREEDOMS', 'TAX_FNCACT_MANAGER', 'EPU_POLICY_POLITICAL', 'EPU_POLICY_POLITICAL', 'EPU_POLICY_POLITICAL', 'EPU_POLICY_POLITICAL', 'EPU_POLICY_POLITICAL', 'TAX_FNCACT_WOMEN', 'TAX_FNCACT_SECRETARY', 'WB_678_DIGITAL_GOVERNMENT', 'WB_694_BROADCAST_AND_MEDIA', 'WB_133_INFORMATION_AND_COMMUNICATION_TECHNOLOGIES', 'SOC_FASCISM', 'USPEC_POLITICS_GENERAL1', 'USPEC_POLITICS_GENERAL1', 'WB_696_PUBLIC_SECTOR_MANAGEMENT', 'WB_696_PUBLIC_SECTOR_MANAGEMENT', 'WB_696_PUBLIC_SECTOR_MANAGEMENT', 'WB_2048_COMPENSATION_CAREERS_AND_INCENTIVES', 'WB_2048_COMPENSATION_CAREERS_AND_INCENTIVES', 'WB_2048_COMPENSATION_CAREERS_AND_INCENTIVES', 'WB_723_PUBLIC_ADMINISTRATION', 'WB_723_PUBLIC_ADMINISTRATION', 'WB_723_PUBLIC_ADMINISTRATION', 'WB_724_HUMAN_RESOURCES_FOR_PUBLIC_SECTOR', 'WB_724_HUMAN_RESOURCES_FOR_PUBLIC_SECTOR', 'WB_724_HUMAN_RESOURCES_FOR_PUBLIC_SECTOR', 'WB_2089_ETHICS_AND_CODES_OF_CONDUCT', 'WB_2089_ETHICS_AND_CODES_OF_CONDUCT', 'WB_2089_ETHICS_AND_CODES_OF_CONDUCT', 'PROTEST', 'MOVEMENT_GENERAL', 'TAX_FNCACT_ACTIVIST', 'TAX_FNCACT_VETERAN', 'MEDIA_MSM', 'TAX_FNCACT_CHIEF', 'TAX_FNCACT_CHIEF', 'TAX_FNCACT_CHIEF', 'TAX_FNCACT_CHIEF', 'TAX_FNCACT_MINISTER', 'TAX_FNCACT_MINISTER', 'TAX_FNCACT_MINISTER']",-6.00907029478458
20260412101500-67,20260412101500,pinkvilla.com,https://www.pinkvilla.com/cinema/asha-bhosle-passes-away-at-92-pm-narendra-modi-ar-rahman-akshay-kumar-karan-johar-kajol-jr-ntr-pay-tribute-1402231,"['GENERAL_HEALTH', 'MEDICAL', 'SOC_POINTSOFINTEREST_HOSPITAL', 'CRISISLEX_C03_WELLBEING_HEALTH', 'TAX_WORLDLANGUAGES_MAHARASHTRA', 'TAX_FNCACT_SINGERS', 'TAX_ETHNICITY_ARAB', 'WB_678_DIGITAL_GOVERNMENT', 'WB_694_BROADCAST_AND_MEDIA', 'WB_133_INFORMATION_AND_COMMUNICATION_TECHNOLOGIES', 'TAX_ETHNICITY_INDIAN', 'TAX_ETHNICITY_INDIAN', 'MEDIA_SOCIAL', 'WB_652_ICT_APPLICATIONS', 'WB_662_SOCIAL_MEDIA', 'WB_658_ENTERPRISE_APPLICATIONS', 'TAX_FNCACT_SINGER', 'TAX_FNCACT_SINGER', 'AFFECT', 'CRISISLEX_T11_UPDATESSYMPATHY', 'EPU_ECONOMY_HISTORIC']",3.43980343980344
20260412101500-68,20260412101500,bilkulonline.com,https://bilkulonline.com/2026/04/12/light-refreshing-summer-dinners-salad-bowl-and-simple-khichdi/,"['TAX_FOODSTAPLES_RICE', 'TAX_FOODSTAPLES_RICE', 'TAX_FOODSTAPLES_OLIVE_OIL']",4.76190476190476
20260412101500-69,20260412101500,moneycontrol.com,https://www.moneycontrol.com/city/bank-employee-arrested-in-delhi-for-aiding-cyber-fraud-via-fake-account-article-13886744.html,"['TAX_FNCACT_EMPLOYEE', 'TAX_FNCACT_EMPLOYEE', 'TAX_FNCACT_EMPLOYEE', 'SECURITY_SERVICES', 'SECURITY_SERVICES', 'SECURITY_SERVICES', 'SECURITY_SERVICES', 'SECURITY_SERVICES', 'SECURITY_SERVICES', 'TAX_FNCACT_POLICE', 'TAX_FNCACT_POLICE', 'TAX_FNCACT_POLICE', 'TAX_FNCACT_POLICE', 'TAX_FNCACT_POLICE', 'TAX_FNCACT_POLICE', 'TRIAL', 'WB_2024_ANTI_CORRUPTION_AUTHORITIES', 'WB_840_JUSTICE', 'WB_2025_INVESTIGATION', 'WB_1014_CRIMINAL_JUSTICE', 'CORRUPTION', 'CORRUPTION', 'CORRUPTION', 'CORRUPTION', 'WB_2019_ANTI_CORRUPTION_LEGISLATION', 'WB_2019_ANTI_CORRUPTION_LEGISLATION', 'WB_2019_ANTI_CORRUPTION_LEGISLATION', 'WB_2019_ANTI_CORRUPTION_LEGISLATION', 'WB_696_PUBLIC_SECTOR_MANAGEMENT', 'WB_696_PUBLIC_SECTOR_MANAGEMENT', 'WB_696_PUBLIC_SECTOR_MANAGEMENT', 'WB_696_PUBLIC_SECTOR_MANAGEMENT', 'WB_831_GOVERNANCE', 'WB_831_GOVERNANCE', 'WB_831_GOVERNANCE', 'WB_831_GOVERNANCE', 'WB_832_ANTI_CORRUPTION', 'WB_832_ANTI_CORRUPTION', 'WB_832_ANTI_CORRUPTION', 'WB_832_ANTI_CORRUPTION', 'WB_2020_BRIBERY_FRAUD_AND_COLLUSION', 'WB_2020_BRIBERY_FRAUD_AND_COLLUSION', 'WB_2020_BRIBERY_FRAUD_AND_COLLUSION', 'WB_2020_BRIBERY_FRAUD_AND_COLLUSION', 'TAX_FNCACT_OFFICER', 'TAX_FNCACT_OFFICER', 'TAX_FNCACT_OFFICER', 'TAX_FNCACT_VICTIMS', 'CRISISLEX_T08_MISSINGFOUNDTRAPPEDPEOPLE', 'TAX_FNCACT_OFFICIAL', 'WB_678_DIGITAL_GOVERNMENT', 'WB_670_ICT_SECURITY', 'WB_2372_AUTHENTICATION_AND_AUTHORIZATION', 'WB_133_INFORMATION_AND_COMMUNICATION_TECHNOLOGIES', 'WB_694_BROADCAST_AND_MEDIA', 'TAX_FNCACT_POLICE_OFFICER', 'TAX_FNCACT_POLICE_OFFICER', 'CRISISLEX_CRISISLEXREC', 'CRISISLEX_CRISISLEXREC', 'ARREST', 'ARREST', 'ARREST', 'ARREST', 'SOC_GENERALCRIME', 'SOC_GENERALCRIME', 'SOC_GENERALCRIME', 'SOC_GENERALCRIME', 'CRISISLEX_C07_SAFETY', 'CRISISLEX_C07_SAFETY', 'CRISISLEX_C07_SAFETY', 'CRISISLEX_C07_SAFETY', 'MEDIA_SOCIAL', 'WB_652_ICT_APPLICATIONS', 'WB_662_SOCIAL_MEDIA', 'WB_658_ENTERPRISE_APPLICATIONS']",-9.21052631578947
20260412101500-70,20260412101500,newjerseytelegraph.com,http://www.newjerseytelegraph.com/news/278978579/nhl-roundup-jack-eichel-ot-goal-sends-knights-to-playoffs,[],2.17129071170084
20260412101500-71,20260412101500,kashmirreader.com,https://kashmirreader.com/2026/04/12/div-com-kashmir-chairs-mdc-meeting-on-traffic-management/,"['USPEC_POLITICS_GENERAL1', 'WB_135_TRANSPORT', 'WB_135_TRANSPORT', 'WB_1817_CONGESTION', 'WB_1817_CONGESTION', 'WB_162_TRANSPORT_ECONOMICS', 'WB_162_TRANSPORT_ECONOMICS', 'TAX_FNCACT_CHIEF_EXECUTIVE', 'TAX_FNCACT_COMMISSIONER', 'TAX_FNCACT_COMMISSIONER', 'TAX_FNCACT_COMMISSIONER', 'TAX_FNCACT_COMMISSIONER', 'TAX_FNCACT_COMMISSIONER', 'SOC_POINTSOFINTEREST_SCHOOL', 'SOC_POINTSOFINTEREST_SCHOOL', 'TAX_FNCACT_CHAIRPERSONS', 'EDUCATION', 'WB_470_EDUCATION', 'TAX_FNCACT_DEPUTY', 'TAX_MILITARY_TITLE_SUPERINTENDENT', 'TAX_FNCACT_SUPERINTENDENT', 'TAX_MILITARY_TITLE_OFFICER', 'TAX_FNCACT_OFFICER', 'TRAFFIC', 'TRAFFIC', 'TRAFFIC', 'TRAFFIC', 'TRAFFIC', 'TRAFFIC', 'TRAFFIC', 'CRISISLEX_CRISISLEXREC', 'CRISISLEX_CRISISLEXREC', 'UNGP_FORESTS_RIVERS_OCEANS', 'TAX_FNCACT_CHIEF_EXECUTIVE_OFFICER', 'CRISISLEX_T11_UPDATESSYMPATHY', 'SECURITY_SERVICES', 'TAX_FNCACT_POLICE', 'CRISISLEX_C07_SAFETY', 'TAX_FNCACT_EXECUTIVE_OFFICER', 'TAX_FNCACT_EXECUTIVE', 'USPEC_POLICY1', 'EPU_POLICY_REGULATION', 'EPU_CATS_REGULATION', 'TAX_MILITARY_TITLE_OFFICERS', 'TAX_MILITARY_TITLE_OFFICERS', 'TAX_FNCACT_OFFICERS', 'TAX_FNCACT_OFFICERS', 'WB_1810_TRAFFIC_CONTROL_AND_MONITORING', 'WB_1803_TRANSPORT_INFRASTRUCTURE', 'TAX_FNCACT_CHIEF', 'PUBLIC_TRANSPORT', 'WB_872_SMART_CITIES', 'WB_872_SMART_CITIES', 'WB_813_URBAN_GOVERNANCE_AND_CITY_SYSTEMS', 'WB_813_URBAN_GOVERNANCE_AND_CITY_SYSTEMS', 'WB_699_URBAN_DEVELOPMENT', 'WB_699_URBAN_DEVELOPMENT']",-2.80701754385965
20260412101500-72,20260412101500,kashmirreader.com,https://kashmirreader.com/2026/04/12/2027-census-nations-growth-blueprint-sagar/,"['TAX_FNCACT_WORKERS', 'TAX_FNCACT_WORKERS', 'TAX_FNCACT_WORKERS', 'TAX_FNCACT_FUNCTIONARIES', 'TAX_FNCACT_CITIZENS', 'USPEC_POLITICS_GENERAL1', 'USPEC_POLITICS_GENERAL1', 'USPEC_POLICY1', 'EPU_POLICY_POLICY', 'TAX_FNCACT_AMBASSADORS', 'MOVEMENT_GENERAL', 'WB_477_INCLUSIVE_GROWTH', 'WB_471_ECONOMIC_GROWTH', 'TAX_FNCACT_SECRETARY']",4.81283422459893
20260412101500-73,20260412101500,adn.com,https://www.adn.com/alaska-life/advice/2026/04/12/dear-annie-how-do-we-tell-our-son-to-slow-down-his-relationship-without-offending-him/,"['SOC_POINTSOFINTEREST_HIGH_SCHOOL', 'UNGP_FORESTS_RIVERS_OCEANS', 'SOC_POINTSOFINTEREST_COLLEGE', 'SOC_POINTSOFINTEREST_COLLEGE', 'SOC_POINTSOFINTEREST_COLLEGE', 'EDUCATION', 'MANMADE_DISASTER_IMPLIED', 'SOC_POINTSOFINTEREST_SCHOOL', 'TAX_FNCACT_CHILDREN', 'TAX_FNCACT_MAN', 'EPU_CATS_MIGRATION_FEAR_FEAR']",2.84005979073244
20260412101500-74,20260412101500,liverpoolfc.com,https://www.liverpoolfc.com/news/liverpool-2-0-fulham-watch-extended-highlights-and-full-match,[],7.14285714285714
20260412101500-75,20260412101500,smh.com.au,https://www.smh.com.au/national/convicted-rapist-found-after-detention-escape-20260412-p5znaa.html,"['IMMIGRATION', 'WB_2670_JOBS', 'WB_2769_JOBS_STRATEGIES', 'WB_2837_IMMIGRATION', 'WB_2836_MIGRATION_POLICIES_AND_JOBS', 'EPU_CATS_MIGRATION_FEAR_MIGRATION', 'RAPE', 'RAPE', 'ORGANIZED_CRIME', 'WB_2433_CONFLICT_AND_VIOLENCE', 'WB_2452_GANGS', 'WB_2445_NON_STATE_SECURITY_ACTORS', 'WB_696_PUBLIC_SECTOR_MANAGEMENT', 'WB_696_PUBLIC_SECTOR_MANAGEMENT', 'WB_840_JUSTICE', 'WB_840_JUSTICE', 'WB_2495_DETENTION_PRISON_AND_CORRECTIONS_REFORM', 'WB_2495_DETENTION_PRISON_AND_CORRECTIONS_REFORM', 'WB_2470_PEACE_OPERATIONS_AND_CONFLICT_MANAGEMENT', 'WB_2470_PEACE_OPERATIONS_AND_CONFLICT_MANAGEMENT', 'WB_2432_FRAGILITY_CONFLICT_AND_VIOLENCE', 'WB_2432_FRAGILITY_CONFLICT_AND_VIOLENCE', 'WB_1014_CRIMINAL_JUSTICE', 'WB_1014_CRIMINAL_JUSTICE', 'WB_2490_NATIONAL_PROTECTION_AND_SECURITY', 'WB_2490_NATIONAL_PROTECTION_AND_SECURITY']",-14.2857142857143
20260412101500-76,20260412101500,rediff.com,https://www.rediff.com/news/report/gym-trainer-arrested-for-stolen-luxury-cars/20260412.htm,"['TAX_FNCACT_OFFICER', 'TAX_FNCACT_OFFICER', 'ARREST', 'ARREST', 'ARREST', 'SOC_GENERALCRIME', 'SOC_GENERALCRIME', 'SOC_GENERALCRIME', 'CRISISLEX_C07_SAFETY', 'CRISISLEX_C07_SAFETY', 'CRISISLEX_C07_SAFETY', 'TAX_FNCACT_POLICE_OFFICER', 'CRISISLEX_CRISISLEXREC', 'TAX_WORLDLANGUAGES_NAGAR', 'TAX_WORLDLANGUAGES_NAGAR', 'TAX_FNCACT_TRAINER', 'TAX_FNCACT_TRAINER', 'TAX_FNCACT_TRAINER', 'TAX_FNCACT_TRAINER', 'TAX_FNCACT_TRAINER', 'SECURITY_SERVICES', 'SECURITY_SERVICES', 'SECURITY_SERVICES', 'SECURITY_SERVICES', 'TAX_FNCACT_POLICE', 'TAX_FNCACT_POLICE', 'TAX_FNCACT_POLICE', 'TAX_FNCACT_POLICE', 'WB_2024_ANTI_CORRUPTION_AUTHORITIES', 'WB_696_PUBLIC_SECTOR_MANAGEMENT', 'WB_840_JUSTICE', 'WB_2025_INVESTIGATION', 'WB_831_GOVERNANCE', 'WB_832_ANTI_CORRUPTION', 'WB_1014_CRIMINAL_JUSTICE', 'TAX_ECON_PRICE', 'TAX_ECON_PRICE']",-4.62962962962963
20260412101500-77,20260412101500,cointelegraph.com,https://cointelegraph.com/news/polymarket-google-news-removed-error-report,"['TAX_FNCACT_OFFICIAL', 'MEDIA_SOCIAL', 'WB_652_ICT_APPLICATIONS', 'WB_662_SOCIAL_MEDIA', 'WB_658_ENTERPRISE_APPLICATIONS', 'TAX_FNCACT_SPOKESPERSON', 'TAX_FNCACT_SPOKESPERSON', 'TAX_FNCACT_TRADERS', 'TAX_FNCACT_TRADERS', 'TAX_FNCACT_TRADERS', 'TAX_FNCACT_TRADERS', 'TAX_FNCACT_TRADERS', 'CEASEFIRE', 'WB_678_DIGITAL_GOVERNMENT', 'WB_678_DIGITAL_GOVERNMENT', 'WB_694_BROADCAST_AND_MEDIA', 'WB_694_BROADCAST_AND_MEDIA', 'WB_133_INFORMATION_AND_COMMUNICATION_TECHNOLOGIES', 'WB_133_INFORMATION_AND_COMMUNICATION_TECHNOLOGIES', 'MARITIME', 'TAX_FNCACT_ANALYST']",0.0
20260412101500-78,20260412101500,iranherald.com,http://www.iranherald.com/news/278978676/iran-in-no-hurry-to-negotiate-with-us,"['AFFECT', 'TAX_ETHNICITY_AMERICAN', 'WB_566_ENVIRONMENT_AND_NATURAL_RESOURCES', 'WB_901_ENVIRONMENTAL_SAFEGUARDS', 'WB_1790_INTERNATIONAL_WATERWAYS', 'TRAFFIC', 'TAX_FNCACT_LAWMAKER', 'MEDIA_SOCIAL', 'MEDIA_SOCIAL', 'MEDIA_SOCIAL', 'MEDIA_SOCIAL', 'MEDIA_SOCIAL', 'MEDIA_SOCIAL', 'MEDIA_SOCIAL', 'MEDIA_SOCIAL', 'MEDIA_SOCIAL', 'MEDIA_SOCIAL', 'TAX_FNCACT_OFFICIALS', 'TAX_FNCACT_OFFICIALS', 'TAX_FNCACT_OFFICIALS', 'TAX_FNCACT_OFFICIALS', 'TAX_FNCACT_OFFICIALS', 'TAX_FNCACT_OFFICIALS', 'TAX_FNCACT_OFFICIALS', 'TAX_FNCACT_OFFICIALS', 'ENV_OIL', 'LEADER', 'LEADER', 'LEADER', 'LEADER', 'LEADER', 'LEADER', 'LEADER', 'LEADER', 'LEADER', 'LEADER', 'LEADER', 'LEADER', 'TAX_FNCACT_PRESIDENT', 'TAX_FNCACT_PRESIDENT', 'TAX_FNCACT_PRESIDENT', 'TAX_FNCACT_PRESIDENT', 'TAX_FNCACT_PRESIDENT', 'TAX_FNCACT_PRESIDENT', 'TAX_FNCACT_PRESIDENT', 'TAX_FNCACT_PRESIDENT', 'TAX_FNCACT_PRESIDENT', 'TAX_FNCACT_PRESIDENT', 'TAX_FNCACT_PRESIDENT', 'TAX_FNCACT_PRESIDENT', 'USPEC_POLITICS_GENERAL1', 'USPEC_POLITICS_GENERAL1', 'USPEC_POLITICS_GENERAL1', 'USPEC_POLITICS_GENERAL1', 'USPEC_POLITICS_GENERAL1', 'USPEC_POLITICS_GENERAL1', 'USPEC_POLITICS_GENERAL1', 'USPEC_POLITICS_GENERAL1', 'USPEC_POLITICS_GENERAL1', 'USPEC_POLITICS_GENERAL1', 'USPEC_POLITICS_GENERAL1', 'USPEC_POLITICS_GENERAL1', 'EPU_ECONOMY_HISTORIC', 'TAX_FNCACT_LEADERS', 'TAX_FNCACT_LEADERS', 'TAX_FNCACT_LEADERS', 'TAX_FNCACT_LEADERS', 'TERROR', 'MARITIME_INCIDENT', 'MARITIME_INCIDENT', 'MARITIME_INCIDENT', 'MARITIME', 'MARITIME', 'MARITIME', 'TAX_RELIGION_ISLAMIC', 'TAX_RELIGION_ISLAMIC', 'TAX_RELIGION_ISLAMIC', 'TAX_RELIGION_ISLAMIC', 'TAX_FNCACT_SPOKESMAN', 'ENV_MINING', 'ENV_MINING', 'ENV_MINING', 'NEGOTIATIONS', 'NEGOTIATIONS', 'NEGOTIATIONS', 'WB_2470_PEACE_OPERATIONS_AND_CONFLICT_MANAGEMENT', 'WB_2470_PEACE_OPERATIONS_AND_CONFLICT_MANAGEMENT', 'WB_2470_PEACE_OPERATIONS_AND_CONFLICT_MANAGEMENT', 'WB_2478_PEACE_PROCESSES_AND_DIALOGUE', 'WB_2478_PEACE_PROCESSES_AND_DIALOGUE', 'WB_2478_PEACE_PROCESSES_AND_DIALOGUE', 'WB_2432_FRAGILITY_CONFLICT_AND_VIOLENCE', 'WB_2432_FRAGILITY_CONFLICT_AND_VIOLENCE', 'WB_2432_FRAGILITY_CONFLICT_AND_VIOLENCE', 'WB_2471_PEACEKEEPING', 'WB_2471_PEACEKEEPING', 'WB_2471_PEACEKEEPING', 'KILL', 'KILL', 'CRISISLEX_CRISISLEXREC', 'CRISISLEX_CRISISLEXREC', 'CRISISLEX_T02_INJURED', 'CRISISLEX_T02_INJURED', 'CRISISLEX_T03_DEAD', 'CRISISLEX_T03_DEAD', 'PROTEST', 'WB_2433_CONFLICT_AND_VIOLENCE', 'WB_2433_CONFLICT_AND_VIOLENCE', 'TAX_FNCACT_MINISTER', 'TAX_FNCACT_MINISTER', 'MEDIA_MSM', 'MEDIA_MSM', 'MEDIA_MSM', 'MEDIA_MSM', 'MEDIA_MSM', 'MEDIA_MSM', 'TAX_MILITARY_TITLE_COMMANDER', 'TAX_FNCACT_COMMANDER', 'GOV_LOCALGOV', 'TAX_FNCACT_PRIME_MINISTER', 'TAX_FNCACT_PRIME_MINISTER', 'TAX_FNCACT_ENVOY', 'TAX_FNCACT_ENVOY', 'TAX_FNCACT_ENVOY', 'TAX_ETHNICITY_PERSIAN', 'TAX_WORLDLANGUAGES_PERSIAN', 'WB_938_MEDIATION', 'WB_938_MEDIATION', 'USPEC_UNCERTAINTY1', 'USPEC_UNCERTAINTY1', 'CEASEFIRE', 'CEASEFIRE', 'TAX_ETHNICITY_IRANIAN', 'TAX_ETHNICITY_IRANIAN', 'TAX_ETHNICITY_IRANIAN', 'TAX_ETHNICITY_IRANIAN', 'TAX_ETHNICITY_IRANIAN', 'TAX_ETHNICITY_IRANIAN', 'TAX_ETHNICITY_IRANIAN', 'TAX_ETHNICITY_IRANIAN', 'TAX_ETHNICITY_IRANIAN', 'TAX_ETHNICITY_IRANIAN', 'TAX_ETHNICITY_IRANIAN', 'TAX_ETHNICITY_IRANIAN', 'TAX_ETHNICITY_IRANIAN', 'TAX_ETHNICITY_IRANIAN', 'TAX_ETHNICITY_IRANIAN', 'TAX_ETHNICITY_IRANIAN', 'WB_678_DIGITAL_GOVERNMENT', 'WB_678_DIGITAL_GOVERNMENT', 'WB_678_DIGITAL_GOVERNMENT', 'WB_678_DIGITAL_GOVERNMENT', 'WB_678_DIGITAL_GOVERNMENT', 'WB_678_DIGITAL_GOVERNMENT', 'WB_678_DIGITAL_GOVERNMENT', 'WB_694_BROADCAST_AND_MEDIA', 'WB_694_BROADCAST_AND_MEDIA', 'WB_694_BROADCAST_AND_MEDIA', 'WB_694_BROADCAST_AND_MEDIA', 'WB_694_BROADCAST_AND_MEDIA', 'WB_694_BROADCAST_AND_MEDIA', 'WB_694_BROADCAST_AND_MEDIA', 'WB_133_INFORMATION_AND_COMMUNICATION_TECHNOLOGIES', 'WB_133_INFORMATION_AND_COMMUNICATION_TECHNOLOGIES', 'WB_133_INFORMATION_AND_COMMUNICATION_TECHNOLOGIES', 'WB_133_INFORMATION_AND_COMMUNICATION_TECHNOLOGIES', 'WB_133_INFORMATION_AND_COMMUNICATION_TECHNOLOGIES', 'WB_133_INFORMATION_AND_COMMUNICATION_TECHNOLOGIES', 'WB_133_INFORMATION_AND_COMMUNICATION_TECHNOLOGIES', 'DRONES', 'ARMEDCONFLICT', 'ARMEDCONFLICT', 'ARMEDCONFLICT', 'ARMEDCONFLICT', 'ARMEDCONFLICT', 'EPU_CATS_NATIONAL_SECURITY', 'EPU_CATS_NATIONAL_SECURITY', 'EPU_CATS_NATIONAL_SECURITY', 'EPU_CATS_NATIONAL_SECURITY', 'EPU_CATS_NATIONAL_SECURITY', 'TAX_ETHNICITY_IRANIANS', 'TAX_ETHNICITY_IRANIANS', 'TAX_ETHNICITY_IRANIANS', 'GENERAL_GOVERNMENT', 'GENERAL_GOVERNMENT', 'GENERAL_GOVERNMENT', 'GENERAL_GOVERNMENT', 'GENERAL_GOVERNMENT', 'EPU_POLICY_GOVERNMENT', 'EPU_POLICY_GOVERNMENT', 'EPU_POLICY_GOVERNMENT', 'EPU_POLICY_GOVERNMENT', 'EPU_POLICY_GOVERNMENT', 'CRISISLEX_C07_SAFETY', 'TAX_TERROR_GROUP_HEZBOLLAH', 'TAX_TERROR_GROUP_HEZBOLLAH', 'TAX_TERROR_GROUP_HEZBOLLAH', 'TAX_TERROR_GROUP_HEZBOLLAH', 'TAX_TERROR_GROUP_HEZBOLLAH', 'TAX_TERROR_GROUP_HEZBOLLAH', 'TAX_TERROR_GROUP_HEZBOLLAH', 'TAX_POLITICAL_PARTY_HEZBOLLAH', 'TAX_POLITICAL_PARTY_HEZBOLLAH', 'TAX_POLITICAL_PARTY_HEZBOLLAH', 'TAX_POLITICAL_PARTY_HEZBOLLAH', 'TAX_POLITICAL_PARTY_HEZBOLLAH', 'TAX_POLITICAL_PARTY_HEZBOLLAH', 'TAX_POLITICAL_PARTY_HEZBOLLAH', 'ENV_WATERWAYS', 'ENV_WATERWAYS', 'ENV_WATERWAYS', 'WB_1805_WATERWAYS', 'WB_1805_WATERWAYS', 'WB_1805_WATERWAYS', 'WB_135_TRANSPORT', 'WB_135_TRANSPORT', 'WB_135_TRANSPORT', 'WB_1803_TRANSPORT_INFRASTRUCTURE', 'WB_1803_TRANSPORT_INFRASTRUCTURE', 'WB_1803_TRANSPORT_INFRASTRUCTURE', 'WB_696_PUBLIC_SECTOR_MANAGEMENT', 'WB_696_PUBLIC_SECTOR_MANAGEMENT', 'WB_696_PUBLIC_SECTOR_MANAGEMENT', 'WB_696_PUBLIC_SECTOR_MANAGEMENT', 'WB_696_PUBLIC_SECTOR_MANAGEMENT', 'WB_696_PUBLIC_SECTOR_MANAGEMENT', 'WB_696_PUBLIC_SECTOR_MANAGEMENT', 'WB_696_PUBLIC_SECTOR_MANAGEMENT', 'WB_696_PUBLIC_SECTOR_MANAGEMENT', 'WB_696_PUBLIC_SECTOR_MANAGEMENT', 'WB_840_JUSTICE', 'WB_840_JUSTICE', 'WB_840_JUSTICE', 'WB_840_JUSTICE', 'WB_840_JUSTICE', 'WB_840_JUSTICE', 'WB_840_JUSTICE', 'WB_840_JUSTICE', 'WB_840_JUSTICE', 'WB_840_JUSTICE', 'WB_2473_DIPLOMACY_AND_NEGOTIATIONS', 'WB_2473_DIPLOMACY_AND_NEGOTIATIONS', 'WB_2473_DIPLOMACY_AND_NEGOTIATIONS', 'WB_2473_DIPLOMACY_AND_NEGOTIATIONS', 'WB_2473_DIPLOMACY_AND_NEGOTIATIONS', 'WB_2473_DIPLOMACY_AND_NEGOTIATIONS', 'WB_2473_DIPLOMACY_AND_NEGOTIATIONS', 'WB_2473_DIPLOMACY_AND_NEGOTIATIONS', 'WB_2473_DIPLOMACY_AND_NEGOTIATIONS', 'WB_2473_DIPLOMACY_AND_NEGOTIATIONS', 'WB_939_NEGOTIATION', 'WB_939_NEGOTIATION', 'WB_939_NEGOTIATION', 'WB_939_NEGOTIATION', 'WB_939_NEGOTIATION', 'WB_939_NEGOTIATION', 'WB_939_NEGOTIATION', 'WB_939_NEGOTIATION', 'WB_939_NEGOTIATION', 'WB_939_NEGOTIATION', 'WB_936_ALTERNATIVE_DISPUTE_RESOLUTION', 'WB_936_ALTERNATIVE_DISPUTE_RESOLUTION', 'WB_936_ALTERNATIVE_DISPUTE_RESOLUTION', 'WB_936_ALTERNATIVE_DISPUTE_RESOLUTION', 'WB_936_ALTERNATIVE_DISPUTE_RESOLUTION', 'WB_936_ALTERNATIVE_DISPUTE_RESOLUTION', 'WB_936_ALTERNATIVE_DISPUTE_RESOLUTION', 'WB_936_ALTERNATIVE_DISPUTE_RESOLUTION', 'WB_936_ALTERNATIVE_DISPUTE_RESOLUTION', 'WB_936_ALTERNATIVE_DISPUTE_RESOLUTION', 'WB_843_DISPUTE_RESOLUTION', 'WB_843_DISPUTE_RESOLUTION', 'WB_843_DISPUTE_RESOLUTION', 'WB_843_DISPUTE_RESOLUTION', 'WB_843_DISPUTE_RESOLUTION', 'WB_843_DISPUTE_RESOLUTION', 'WB_843_DISPUTE_RESOLUTION', 'WB_843_DISPUTE_RESOLUTION', 'WB_843_DISPUTE_RESOLUTION', 'WB_843_DISPUTE_RESOLUTION', 'TAX_FNCACT_VICE_PRESIDENT', 'TAX_FNCACT_VICE_PRESIDENT', 'TAX_FNCACT_VICE_PRESIDENT', 'TAX_FNCACT_VICE_PRESIDENT', 'TAX_FNCACT_VICE_PRESIDENT', 'TAX_FNCACT_VICE_PRESIDENT', 'TAX_FNCACT_VICE_PRESIDENT', 'WB_2465_REVOLUTIONARY_VIOLENCE', 'WB_2465_REVOLUTIONARY_VIOLENCE', 'WB_2462_POLITICAL_VIOLENCE_AND_WAR', 'WB_2462_POLITICAL_VIOLENCE_AND_WAR', 'EPU_POLICY_WHITE_HOUSE', 'EPU_POLICY_WHITE_HOUSE', 'EPU_POLICY_WHITE_HOUSE', 'EPU_POLICY_WHITE_HOUSE', 'EPU_POLICY_WHITE_HOUSE', 'EPU_POLICY_WHITE_HOUSE', 'EPU_POLICY_WHITE_HOUSE', 'EPU_POLICY_WHITE_HOUSE', 'EPU_POLICY_WHITE_HOUSE', 'EPU_POLICY_WHITE_HOUSE', 'EPU_POLICY_WHITE_HOUSE', 'MANMADE_DISASTER_IMPLIED', 'MANMADE_DISASTER_IMPLIED', 'MANMADE_DISASTER_IMPLIED', 'MANMADE_DISASTER_IMPLIED', 'MANMADE_DISASTER_IMPLIED', 'MANMADE_DISASTER_IMPLIED', 'MANMADE_DISASTER_IMPLIED', 'WB_652_ICT_APPLICATIONS', 'WB_652_ICT_APPLICATIONS', 'WB_652_ICT_APPLICATIONS', 'WB_662_SOCIAL_MEDIA', 'WB_662_SOCIAL_MEDIA', 'WB_662_SOCIAL_MEDIA', 'WB_658_ENTERPRISE_APPLICATIONS', 'WB_658_ENTERPRISE_APPLICATIONS', 'WB_658_ENTERPRISE_APPLICATIONS', 'WB_2203_HUMAN_RIGHTS', 'WB_2519_RESPONSES_TO_HUMAN_RIGHTS_ABUSES', 'WB_2520_REPARATIONS', 'MILITARY', 'MILITARY', 'TAX_FNCACT_NAVY', 'TAX_FNCACT_NAVY', 'ENV_NUCLEARPOWER', 'WB_508_POWER_SYSTEMS', 'WB_509_NUCLEAR_ENERGY', 'WB_507_ENERGY_AND_EXTRACTIVES', 'DELAY', 'TAX_ETHNICITY_AMERICANS', 'UNGP_FORESTS_RIVERS_OCEANS', 'UNGP_FORESTS_RIVERS_OCEANS', 'MARITIME_PIRACY', 'TAX_WEAPONS_DESTROYERS', 'TAX_FNCACT_OFFICIAL', 'TAX_FNCACT_OFFICIAL', 'TAX_FNCACT_OFFICIAL', 'TAX_FNCACT_OFFICIAL', 'TAX_FNCACT_OFFICIAL', 'TAX_FNCACT_OFFICIAL', 'TAX_FNCACT_OFFICIAL', 'WMD', 'WMD', 'WMD', 'LEGISLATION', 'EPU_POLICY_LAW']",-1.31628431741256
20260412101500-79,20260412101500,yahoo.com,https://finance.yahoo.com/sectors/energy/articles/ovo-energy-sues-talktalk-over-080000819.html,"['USPEC_POLICY1', 'EPU_UNCERTAINTY', 'TAX_FNCACT_CHAIRMAN', 'TAX_ECON_PRICE', 'TAX_ECON_PRICE', 'ECON_DEBT', 'WB_1104_MACROECONOMIC_VULNERABILITY_AND_DEBT', 'WB_450_DEBT', 'CRISISLEX_CRISISLEXREC', 'TAX_FNCACT_REGULATOR', 'APPOINTMENT', 'TAX_FNCACT_FOUNDER', 'WB_1921_PRIVATE_SECTOR_DEVELOPMENT', 'WB_405_BUSINESS_CLIMATE', 'WB_2531_INSPECTIONS_LICENSING_AND_PERMITS', 'WB_2530_BUSINESS_ENVIRONMENT', 'TRIAL', 'EPU_ECONOMY_HISTORIC', 'EPU_ECONOMY_HISTORIC', 'EPU_ECONOMY_HISTORIC', 'EPU_ECONOMY_HISTORIC', 'TAX_FNCACT_EXECUTIVE']",-2.37580993520518
20260412101500-80,20260412101500,wimbledonguardian.co.uk,https://www.wimbledonguardian.co.uk/news/national/26014009.dublin-fuel-protesters-ambushed-late-night-garda-operation-spokesman-says/,"['ALLIANCE', 'ALLIANCE', 'TAX_FNCACT_STREET_CLEANERS', 'PROTEST', 'PROTEST', 'PROTEST', 'PROTEST', 'PROTEST', 'PROTEST', 'PROTEST', 'WB_135_TRANSPORT', 'WB_135_TRANSPORT', 'TAX_MILITARY_TITLE_OFFICERS', 'TAX_FNCACT_OFFICERS', 'BLOCKADE', 'BLOCKADE', 'BLOCKADE', 'BLOCKADE', 'BLOCKADE', 'SEIGE', 'SEIGE', 'SEIGE', 'SEIGE', 'SEIGE', 'WB_678_DIGITAL_GOVERNMENT', 'WB_694_BROADCAST_AND_MEDIA', 'WB_133_INFORMATION_AND_COMMUNICATION_TECHNOLOGIES', 'SECURITY_SERVICES', 'SECURITY_SERVICES', 'SECURITY_SERVICES', 'TAX_FNCACT_POLICE', 'TAX_FNCACT_POLICE', 'TAX_FNCACT_POLICE', 'CRISISLEX_C07_SAFETY', 'CRISISLEX_C07_SAFETY', 'CRISISLEX_C07_SAFETY', 'TAX_ETHNICITY_IRISH', 'TAX_ETHNICITY_IRISH', 'TAX_ETHNICITY_IRISH', 'TAX_WORLDLANGUAGES_IRISH', 'TAX_WORLDLANGUAGES_IRISH', 'TAX_WORLDLANGUAGES_IRISH', 'SHORTAGE', 'AGRICULTURE', 'MEDICAL', 'SOC_POINTSOFINTEREST_HOSPITALS', 'TAX_FNCACT_SUPPORTERS', 'KILL', 'ENV_OIL', 'ENV_OIL', 'ENV_OIL', 'LEADER', 'TAX_FNCACT_PRESIDENT', 'USPEC_POLITICS_GENERAL1', 'SOC_RANSOM', 'AFFECT', 'ARMEDCONFLICT', 'TAX_FNCACT_SPOKESMAN', 'MILITARY', 'TAX_FNCACT_WORKERS', 'GENERAL_HEALTH', 'WB_635_PUBLIC_HEALTH', 'WB_2165_HEALTH_EMERGENCIES', 'WB_621_HEALTH_NUTRITION_AND_POPULATION', 'WB_1324_EMERGENCY_MEDICAL_SERVICES', 'CRISISLEX_O01_WEATHER', 'EDUCATION', 'SOC_POINTSOFINTEREST_SCHOOLS', 'TAX_FNCACT_CHIEF', 'DISASTER_FIRE', 'CRISISLEX_T01_CAUTION_ADVICE', 'ARREST', 'TAX_FNCACT_EXECUTIVE', 'LEGISLATION', 'EPU_POLICY_LAW', 'TAX_FNCACT_REPRESENTATIVE', 'TAX_ECON_PRICE', 'TAX_ECON_PRICE', 'TAX_ECON_PRICE', 'GENERAL_GOVERNMENT', 'GENERAL_GOVERNMENT', 'GENERAL_GOVERNMENT', 'GENERAL_GOVERNMENT', 'GENERAL_GOVERNMENT', 'GENERAL_GOVERNMENT', 'EPU_POLICY_GOVERNMENT', 'EPU_POLICY_GOVERNMENT', 'EPU_POLICY_GOVERNMENT', 'EPU_POLICY_GOVERNMENT', 'EPU_POLICY_GOVERNMENT', 'EPU_POLICY_GOVERNMENT', 'UNGP_FORESTS_RIVERS_OCEANS', 'UNGP_FORESTS_RIVERS_OCEANS', 'UNGP_FORESTS_RIVERS_OCEANS', 'TAX_FNCACT_MINISTERS', 'TAX_FNCACT_SPOKESMEN', 'CRISISLEX_O02_RESPONSEAGENCIESATCRISIS', 'CRISISLEX_CRISISLEXREC', 'CRISISLEX_CRISISLEXREC', 'RURAL', 'TAX_FNCACT_CHIEF_EXECUTIVE', 'TAX_FNCACT_COMMISSIONER', 'TAX_FNCACT_COMMISSIONER', 'UNGP_CRIME_VIOLENCE', 'EPU_ECONOMY_HISTORIC', 'TAX_FNCACT_SPOKESWOMAN', 'MEDIA_SOCIAL', 'WB_652_ICT_APPLICATIONS', 'WB_662_SOCIAL_MEDIA', 'WB_658_ENTERPRISE_APPLICATIONS', 'MANMADE_DISASTER_IMPLIED', 'MANMADE_DISASTER_IMPLIED', 'MANMADE_DISASTER_IMPLIED', 'WB_539_OIL_AND_GAS_POLICY_STRATEGY_AND_INSTITUTIONS', 'WB_539_OIL_AND_GAS_POLICY_STRATEGY_AND_INSTITUTIONS', 'WB_539_OIL_AND_GAS_POLICY_STRATEGY_AND_INSTITUTIONS', 'WB_507_ENERGY_AND_EXTRACTIVES', 'WB_507_ENERGY_AND_EXTRACTIVES', 'WB_507_ENERGY_AND_EXTRACTIVES', 'WB_548_PPP_IN_OIL_AND_GAS', 'WB_548_PPP_IN_OIL_AND_GAS', 'WB_548_PPP_IN_OIL_AND_GAS', 'WB_2298_REFINERIES', 'WB_2298_REFINERIES', 'WB_2298_REFINERIES']",-5.9449866903283
20260412101500-81,20260412101500,indiatimes.com,https://economictimes.indiatimes.com/news/india/sweet-voice-unparalleled-talent-amit-shah-pays-tribute-to-asha-bhosle/articleshow/130205560.cms,"['TAX_FNCACT_MINISTER', 'TAX_FNCACT_VETERAN', 'CRISISLEX_CRISISLEXREC', 'TAX_ETHNICITY_INDIAN', 'TAX_ETHNICITY_INDIAN', 'TAX_ETHNICITY_INDIAN', 'TAX_FNCACT_SINGER', 'TAX_FNCACT_SINGER', 'TAX_FNCACT_SINGER', 'CRISISLEX_T03_DEAD', 'GENERAL_HEALTH', 'MEDICAL', 'SOC_POINTSOFINTEREST_HOSPITAL', 'CRISISLEX_C03_WELLBEING_HEALTH', 'TAX_WORLDLANGUAGES_HINDI', 'TAX_WORLDLANGUAGES_HINDI', 'CRISISLEX_T11_UPDATESSYMPATHY']",5.36277602523659
20260412101500-82,20260412101500,smh.com.au,https://www.smh.com.au/national/nsw/the-mutual-back-scratching-to-be-seen-in-pm-s-singapore-fuel-deal-20260412-p5zn6j.html,"['RETIREMENT', 'SLFID_RULE_OF_LAW', 'ENV_MINING', 'WB_1921_PRIVATE_SECTOR_DEVELOPMENT', 'WB_346_COMPETITIVE_INDUSTRIES', 'WB_818_INDUSTRY_POLICY_AND_REAL_SECTORS', 'WB_1281_MANUFACTURING', 'ALLIANCE', 'TAX_FNCACT_MINISTER', 'TAX_FNCACT_MINISTER', 'TAX_FNCACT_MINISTER', 'TAX_FNCACT_MINISTER', 'TAX_FNCACT_MINISTER', 'TAX_FNCACT_MINISTER', 'TAX_FNCACT_MINISTER', 'WB_696_PUBLIC_SECTOR_MANAGEMENT', 'WB_831_GOVERNANCE', 'WB_838_PUBLIC_ACCOUNTABILITY_MECHANISMS', 'TAX_FNCACT_ACOLYTES', 'LEADER', 'LEADER', 'TAX_FNCACT_PRIME_MINISTER', 'TAX_FNCACT_PRIME_MINISTER', 'DEMOCRACY', 'UNGP_POLITICAL_FREEDOMS', 'CRISISLEX_C04_LOGISTICS_TRANSPORT', 'TAX_FNCACT_CITIZENS', 'TAX_FNCACT_CITIZENS', 'TAX_FNCACT_CITIZENS', 'SELF_IDENTIFIED_ATROCITY', 'WB_2507_HUMAN_RIGHTS_ABUSES_AND_VIOLATIONS', 'WB_2203_HUMAN_RIGHTS', 'WB_2510_WAR_CRIMES', 'WB_2432_FRAGILITY_CONFLICT_AND_VIOLENCE', 'TAX_FNCACT_HUNTERS', 'SLFID_DICTATORSHIP', 'TAX_FNCACT_MUSICIAN', 'MARITIME_INCIDENT', 'MARITIME_INCIDENT', 'MARITIME_INCIDENT', 'MARITIME', 'MARITIME', 'MARITIME', 'SECURITY_SERVICES', 'SECURITY_SERVICES', 'SECURITY_SERVICES', 'TAX_FNCACT_POLICE', 'TAX_FNCACT_POLICE', 'TAX_FNCACT_POLICE', 'CRISISLEX_C07_SAFETY', 'CRISISLEX_C07_SAFETY', 'CRISISLEX_C07_SAFETY', 'TAX_ETHNICITY_ASIANS', 'TAX_ETHNICITY_AUSTRALIAN', 'SOC_GENERALCRIME', 'EPU_CATS_MIGRATION_FEAR_FEAR', 'ENV_CLIMATECHANGE', 'WB_567_CLIMATE_CHANGE', 'UNGP_CLIMATE_CHANGE_ACTION', 'TAX_FNCACT_CORRESPONDENTS', 'ARREST', 'TAX_ETHNICITY_AMERICAN', 'TAX_FNCACT_WALKER', 'TRAFFIC', 'TRAFFIC', 'TAX_FNCACT_CRIMINAL', 'WB_1979_NATURAL_RESOURCE_MANAGEMENT', 'WB_1979_NATURAL_RESOURCE_MANAGEMENT', 'WB_435_AGRICULTURE_AND_FOOD_SECURITY', 'WB_435_AGRICULTURE_AND_FOOD_SECURITY', 'WB_1986_MOUNTAINS', 'WB_1986_MOUNTAINS', 'MANMADE_DISASTER_IMPLIED', 'TRANSPARENCY', 'ENV_OIL', 'ENV_OIL', 'ENV_OIL', 'ENV_GREEN', 'WB_525_RENEWABLE_ENERGY', 'UNGP_FORESTS_RIVERS_OCEANS', 'TAX_FNCACT_PRIVATE_CITIZENS', 'WB_137_WATER', 'SCANDAL', 'MILITARY', 'TAX_MILITARY_TITLE_SOLDIER', 'TAX_FNCACT_SOLDIER', 'TAX_WORLDLANGUAGES_KATH', 'USPEC_POLITICS_GENERAL1', 'TAX_FNCACT_BUTLER', 'MOVEMENT_GENERAL', 'NATURAL_DISASTER_ICE', 'KILL', 'TAX_FNCACT_AUTHOR', 'TAX_FNCACT_LEADER', 'TAX_FNCACT_LEADER', 'TAX_FNCACT_YOUNGSTERS', 'GENERAL_GOVERNMENT', 'SOC_POINTSOFINTEREST_AIRPORT', 'WB_1804_AIRPORTS', 'TAX_FNCACT_OFFICIAL', 'TOURISM', 'WB_825_TOURISM', 'WB_539_OIL_AND_GAS_POLICY_STRATEGY_AND_INSTITUTIONS', 'WB_507_ENERGY_AND_EXTRACTIVES', 'WB_2290_OIL_AND_GAS_EXPORT', 'WB_544_MID_AND_DOWNSTREAM_OIL_AND_GAS', 'TAX_FNCACT_WOMEN', 'LEGISLATION', 'EPU_POLICY_LAW', 'GENERAL_HEALTH', 'MEDICAL', 'ARMEDCONFLICT', 'ARMEDCONFLICT', 'EPU_CATS_NATIONAL_SECURITY', 'EPU_CATS_NATIONAL_SECURITY', 'TAX_FNCACT_MAN', 'TAX_FNCACT_ENGINEERS', 'TAX_FNCACT_ENGINEERS', 'EPU_POLICY_GOVERNMENT', 'EPU_POLICY_GOVERNMENT', 'EPU_POLICY_GOVERNMENT', 'EPU_POLICY_GOVERNMENT', 'ECON_TAXATION', 'ECON_TAXATION', 'USPEC_POLICY1', 'USPEC_POLICY1', 'EPU_POLICY_TAX', 'EPU_POLICY_TAX', 'EPU_CATS_TAXES', 'EPU_CATS_TAXES', 'PUBLIC_TRANSPORT', 'PUBLIC_TRANSPORT', 'PUBLIC_TRANSPORT', 'PUBLIC_TRANSPORT', 'TAX_FNCACT_WRITER', 'TAX_FNCACT_WRITER', 'CRISISLEX_CRISISLEXREC', 'CRISISLEX_CRISISLEXREC', 'CLOSURE', 'CLOSURE', 'TAX_FNCACT_POLITICIANS', 'TAX_ETHNICITY_AUSTRALIANS', 'TAX_WORLDMAMMALS_HUMAN', 'NEGOTIATIONS', 'SANITATION', 'TAX_FNCACT_COMMISSIONER', 'CRISISLEX_C03_WELLBEING_HEALTH', 'CRISISLEX_T02_INJURED', 'CRISISLEX_T11_UPDATESSYMPATHY', 'EPU_ECONOMY_HISTORIC', 'EPU_ECONOMY_HISTORIC', 'EPU_ECONOMY_HISTORIC', 'EPU_ECONOMY_HISTORIC', 'TAX_FNCACT_TRADERS', 'WB_168_ROADS_AND_HIGHWAYS', 'WB_168_ROADS_AND_HIGHWAYS', 'WB_168_ROADS_AND_HIGHWAYS', 'WB_135_TRANSPORT', 'WB_135_TRANSPORT', 'WB_135_TRANSPORT', 'WB_1809_HIGHWAYS', 'WB_1809_HIGHWAYS', 'WB_1809_HIGHWAYS', 'WB_1803_TRANSPORT_INFRASTRUCTURE', 'WB_1803_TRANSPORT_INFRASTRUCTURE', 'WB_1803_TRANSPORT_INFRASTRUCTURE']",0.267260579064588
20260412101500-83,20260412101500,pinkvilla.com,https://www.pinkvilla.com/entertainment/exclusives/exclusive-varun-dhawan-starrer-hai-jawani-toh-ishq-hona-hai-first-look-teaser-out-on-april-13-1402223,"['TAX_FNCACT_ENTERTAINERS', 'TAX_FNCACT_ACTRESSES', 'TAX_FNCACT_ENTERTAINER']",4.64135021097046
20260412101500-84,20260412101500,dailypioneer.com,https://dailypioneer.com/news/vedanta-aluminium-signs-mou-for-aluminium-park-in-jharsuguda,"['WB_1226_INDUSTRIAL_CLUSTERS_AND_VALUE_CHAINS', 'TAX_FNCACT_SECRETARY', 'ECON_MOU', 'WB_566_ENVIRONMENT_AND_NATURAL_RESOURCES', 'WB_590_ECOSYSTEMS', 'UNGP_FORESTS_RIVERS_OCEANS', 'LEADER', 'EPU_ECONOMY_HISTORIC', 'EPU_ECONOMY_HISTORIC', 'EPU_ECONOMY_HISTORIC', 'EPU_ECONOMY_HISTORIC', 'EPU_ECONOMY_HISTORIC', 'EPU_ECONOMY_HISTORIC', 'WB_2745_JOB_QUALITY_AND_LABOR_MARKET_PERFORMANCE', 'WB_2745_JOB_QUALITY_AND_LABOR_MARKET_PERFORMANCE', 'WB_2670_JOBS', 'WB_2670_JOBS', 'WB_2689_JOBS_DIAGNOSTICS', 'WB_2689_JOBS_DIAGNOSTICS', 'WB_2748_EMPLOYMENT', 'WB_2748_EMPLOYMENT', 'EDUCATION', 'WB_1921_PRIVATE_SECTOR_DEVELOPMENT', 'WB_1921_PRIVATE_SECTOR_DEVELOPMENT', 'WB_1921_PRIVATE_SECTOR_DEVELOPMENT', 'WB_1921_PRIVATE_SECTOR_DEVELOPMENT', 'WB_346_COMPETITIVE_INDUSTRIES', 'WB_346_COMPETITIVE_INDUSTRIES', 'WB_346_COMPETITIVE_INDUSTRIES', 'WB_346_COMPETITIVE_INDUSTRIES', 'WB_818_INDUSTRY_POLICY_AND_REAL_SECTORS', 'WB_818_INDUSTRY_POLICY_AND_REAL_SECTORS', 'WB_818_INDUSTRY_POLICY_AND_REAL_SECTORS', 'WB_818_INDUSTRY_POLICY_AND_REAL_SECTORS', 'WB_1281_MANUFACTURING', 'WB_1281_MANUFACTURING', 'WB_1281_MANUFACTURING', 'WB_1281_MANUFACTURING', 'TAX_FNCACT_OFFICIALS', 'TAX_FNCACT_MINISTER', 'WB_1467_EDUCATION_FOR_ALL', 'WB_470_EDUCATION', 'WB_2131_EMPLOYABILITY_SKILLS_AND_JOBS', 'WB_1484_EDUCATION_SKILLS_DEVELOPMENT_AND_LABOR_MARKET', 'TAX_FNCACT_CHIEF', 'GENERAL_GOVERNMENT', 'GENERAL_GOVERNMENT', 'EPU_POLICY_GOVERNMENT', 'EPU_POLICY_GOVERNMENT', 'TAX_ETHNICITY_SCOTTISH', 'TAX_FNCACT_PRODUCER']",2.63157894736842
20260412101500-85,20260412101500,theage.com.au,https://www.theage.com.au/national/police-probe-if-kill-car-was-being-driven-by-kill-crew-for-hire-20260412-p5znae.html,"['SECURITY_SERVICES', 'TAX_FNCACT_POLICE', 'CRISISLEX_C07_SAFETY', 'MANMADE_DISASTER_IMPLIED', 'MANMADE_DISASTER_IMPLIED', 'KILL', 'KILL', 'KILL']",-12.2448979591837
20260412101500-86,20260412101500,malverngazette.co.uk,https://www.malverngazette.co.uk/news/national/26013936.rachel-reeves-warns-cost-british-families-businesses-iran-war/,"['IDEOLOGY', 'EPU_ECONOMY', 'EPU_ECONOMY_HISTORIC', 'CRISISLEX_CRISISLEXREC', 'CLOSURE', 'TAX_FNCACT_MINISTER', 'ARMEDCONFLICT', 'EPU_CATS_NATIONAL_SECURITY', 'TAX_ECON_PRICE', 'TAX_ECON_PRICE', 'TAX_ECON_PRICE', 'TAX_ECON_PRICE', 'TAX_ECON_PRICE', 'TAX_ECON_PRICE', 'ALLIANCE', 'USPEC_POLICY1', 'EPU_UNCERTAINTY', 'GENERAL_GOVERNMENT', 'GENERAL_GOVERNMENT', 'EPU_POLICY_GOVERNMENT', 'EPU_POLICY_GOVERNMENT', 'MARITIME', 'TAX_FNCACT_GUIDE', 'WB_1921_PRIVATE_SECTOR_DEVELOPMENT', 'WB_346_COMPETITIVE_INDUSTRIES', 'WB_818_INDUSTRY_POLICY_AND_REAL_SECTORS', 'WB_1281_MANUFACTURING', 'TAX_FNCACT_CHANCELLOR', 'ENV_OIL', 'ENV_OIL', 'NEGOTIATIONS', 'WB_696_PUBLIC_SECTOR_MANAGEMENT', 'WB_840_JUSTICE', 'WB_2473_DIPLOMACY_AND_NEGOTIATIONS', 'WB_939_NEGOTIATION', 'WB_2470_PEACE_OPERATIONS_AND_CONFLICT_MANAGEMENT', 'WB_936_ALTERNATIVE_DISPUTE_RESOLUTION', 'WB_2432_FRAGILITY_CONFLICT_AND_VIOLENCE', 'WB_843_DISPUTE_RESOLUTION', 'WB_2471_PEACEKEEPING', 'LEADER', 'TAX_FNCACT_PRIME_MINISTER', 'FUELPRICES', 'ECON_GASOLINEPRICE', 'ECON_HEATINGOIL', 'WMD', 'WB_135_TRANSPORT', 'CEASEFIRE', 'CEASEFIRE']",0.460829493087557
20260412101500-87,20260412101500,redwatch.org.au,http://www.redwatch.org.au/rwahist/media/090505sshk,"['EPU_CATS_MIGRATION_FEAR_FEAR', 'WB_137_WATER', 'UNGP_FORESTS_RIVERS_OCEANS', 'TAX_FNCACT_TENANTS', 'TAX_FNCACT_MINISTER', 'TAX_FNCACT_MINISTER']",-4.34782608695652
20260412101500-88,20260412101500,desiblitz.com,https://www.desiblitz.com/content/legendary-singer-asha-bhosle-passes-away-aged-92,"['ARREST', 'CRISISLEX_CRISISLEXREC', 'KILL', 'CRISISLEX_T03_DEAD', 'MEDIA_SOCIAL', 'MEDIA_SOCIAL', 'TAX_FNCACT_MINISTER', 'TAX_FNCACT_QUEEN', 'TAX_FNCACT_QUEEN', 'TAX_FNCACT_SINGERS', 'WB_2670_JOBS', 'WB_696_PUBLIC_SECTOR_MANAGEMENT', 'WB_2048_COMPENSATION_CAREERS_AND_INCENTIVES', 'WB_723_PUBLIC_ADMINISTRATION', 'WB_724_HUMAN_RESOURCES_FOR_PUBLIC_SECTOR', 'GENERAL_HEALTH', 'MEDICAL', 'SOC_POINTSOFINTEREST_HOSPITAL', 'CRISISLEX_C03_WELLBEING_HEALTH', 'TAX_FNCACT_SINGER', 'TAX_FNCACT_SINGER', 'TAX_ETHNICITY_INDIAN', 'TAX_ETHNICITY_INDIAN', 'TAX_ETHNICITY_INDIAN', 'TAX_ETHNICITY_INDIAN', 'TAX_FNCACT_DIRECTOR', 'TAX_ETHNICITY_ARAB', 'TAX_ETHNICITY_BURMAN', 'TAX_ETHNICITY_BURMAN', 'CRISISLEX_T11_UPDATESSYMPATHY', 'TAX_FNCACT_ARTIST', 'LEADER', 'TAX_FNCACT_PRIME_MINISTER', 'AFFECT', 'MEDIA_MSM']",4.55341506129597
20260412101500-89,20260412101500,asiaone.com,https://www.asiaone.com/lifestyle/how-blind-man-made-it-possible-others-low-vision-build-lego-sets,"['EDUCATION', 'WB_470_EDUCATION', 'SOC_POINTSOFINTEREST_SCHOOL', 'TAX_FNCACT_DRIVER', 'TAX_ETHNICITY_FRENCH', 'TAX_WORLDLANGUAGES_FRENCH', 'TAX_FNCACT_DIRECTOR', 'MARITIME_INCIDENT', 'MARITIME', 'TAX_FNCACT_INSTRUCTOR', 'TAX_FNCACT_PEERS', 'TAX_FNCACT_BABYSITTER', 'TAX_FNCACT_BABYSITTER', 'WB_1467_EDUCATION_FOR_ALL', 'WB_2131_EMPLOYABILITY_SKILLS_AND_JOBS', 'WB_1484_EDUCATION_SKILLS_DEVELOPMENT_AND_LABOR_MARKET', 'MANMADE_DISASTER_FIRE_TRUCKS', 'TAX_FNCACT_CHILDREN', 'TAX_FNCACT_CHILDREN', 'TAX_FNCACT_CHILDREN', 'TAX_FNCACT_CHILDREN', 'TAX_FNCACT_CHILDREN', 'TAX_WORLDLANGUAGES_MASSACHUSETTS', 'TAX_WORLDLANGUAGES_MASSACHUSETTS', 'TAX_WORLDLANGUAGES_MASSACHUSETTS', 'TAX_FNCACT_FOUNDER', 'TAX_FNCACT_SINGER', 'CORRUPTION', 'TAX_FNCACT_BABY', 'MANMADE_DISASTER_IMPLIED', 'MANMADE_DISASTER_IMPLIED', 'MANMADE_DISASTER_IMPLIED', 'MANMADE_DISASTER_IMPLIED', 'MANMADE_DISASTER_IMPLIED', 'TAX_DISEASE_TUMOUR', 'KILL', 'CRISISLEX_T03_DEAD', 'TAX_FNCACT_ACTOR', 'SCIENCE', 'SOC_INNOVATION', 'TAX_FNCACT_STUDENT', 'TAX_FNCACT_STUDENT', 'TAX_FNCACT_BUILDER', 'TAX_FNCACT_BUILDER']",0.465549348230913
20260412101500-90,20260412101500,healio.com,https://www.healio.com/news/ophthalmology/20260409/steeped-insights-balance-career-with-personal-values-to-find-a-cultural-fit,"['LEADER', 'TAX_FNCACT_PRESIDENT', 'USPEC_POLITICS_GENERAL1', 'TAX_FNCACT_CHILDREN', 'GENERAL_HEALTH', 'MEDICAL', 'CRISISLEX_C03_WELLBEING_HEALTH', 'AFFECT', 'TAX_FNCACT_WOMEN', 'TAX_FNCACT_WOMEN', 'TAX_FNCACT_WOMEN', 'TAX_WORLDLANGUAGES_OREGON', 'MEDIA_SOCIAL', 'EDUCATION', 'EDUCATION', 'SOC_POINTSOFINTEREST_UNIVERSITY', 'SOC_POINTSOFINTEREST_UNIVERSITY', 'EPU_CATS_HEALTHCARE', 'EPU_CATS_HEALTHCARE', 'TAX_FNCACT_NANNY', 'WB_2670_JOBS', 'WB_2670_JOBS', 'WB_2670_JOBS', 'WB_2670_JOBS', 'WB_696_PUBLIC_SECTOR_MANAGEMENT', 'WB_696_PUBLIC_SECTOR_MANAGEMENT', 'WB_696_PUBLIC_SECTOR_MANAGEMENT', 'WB_696_PUBLIC_SECTOR_MANAGEMENT', 'WB_2048_COMPENSATION_CAREERS_AND_INCENTIVES', 'WB_2048_COMPENSATION_CAREERS_AND_INCENTIVES', 'WB_2048_COMPENSATION_CAREERS_AND_INCENTIVES', 'WB_2048_COMPENSATION_CAREERS_AND_INCENTIVES', 'WB_723_PUBLIC_ADMINISTRATION', 'WB_723_PUBLIC_ADMINISTRATION', 'WB_723_PUBLIC_ADMINISTRATION', 'WB_723_PUBLIC_ADMINISTRATION', 'WB_724_HUMAN_RESOURCES_FOR_PUBLIC_SECTOR', 'WB_724_HUMAN_RESOURCES_FOR_PUBLIC_SECTOR', 'WB_724_HUMAN_RESOURCES_FOR_PUBLIC_SECTOR', 'WB_724_HUMAN_RESOURCES_FOR_PUBLIC_SECTOR', 'SCIENCE', 'CRISISLEX_T11_UPDATESSYMPATHY', 'WB_2081_FINANCIAL_DISCLOSURE', 'WB_2019_ANTI_CORRUPTION_LEGISLATION', 'WB_2021_INCOME_AND_ASSET_DISCLOSURE', 'WB_831_GOVERNANCE', 'WB_832_ANTI_CORRUPTION', 'WB_1920_FINANCIAL_SECTOR_DEVELOPMENT', 'WB_328_FINANCIAL_INTEGRITY', 'TAX_FNCACT_PHYSICIANS', 'TAX_FNCACT_PHYSICIANS', 'TAX_ETHNICITY_AMERICAN']",2.94840294840295
20260412101500-91,20260412101500,wrexham.com,https://wrexham.com/news/celebrating-local-heritage-as-clip-corner-opens-at-wrexham-library-289409.html,"['TAX_FNCACT_MINERS', 'TAX_FNCACT_CHIEF_EXECUTIVE', 'EPU_ECONOMY_HISTORIC', 'TAX_FNCACT_MINER', 'TAX_FNCACT_MUSICIAN', 'WB_678_DIGITAL_GOVERNMENT', 'WB_678_DIGITAL_GOVERNMENT', 'WB_694_BROADCAST_AND_MEDIA', 'WB_694_BROADCAST_AND_MEDIA', 'WB_133_INFORMATION_AND_COMMUNICATION_TECHNOLOGIES', 'WB_133_INFORMATION_AND_COMMUNICATION_TECHNOLOGIES', 'WB_2362_COMMUNITY_MAPPING', 'WB_663_GEOGRAPHIC_INFORMATION_SYSTEMS', 'MEDIA_SOCIAL', 'WB_652_ICT_APPLICATIONS', 'WB_662_SOCIAL_MEDIA', 'WB_658_ENTERPRISE_APPLICATIONS', 'TAX_FNCACT_EXECUTIVE', 'TAX_ETHNICITY_WELSH', 'TAX_ETHNICITY_WELSH', 'TAX_WORLDLANGUAGES_WELSH', 'TAX_WORLDLANGUAGES_WELSH', 'MEDIA_MSM', 'WB_667_ICT_INFRASTRUCTURE', 'WB_669_SOFTWARE_INFRASTRUCTURE', 'WB_2945_DATABASE', 'WB_2409_COCREATION', 'WB_2399_ICT_INNOVATION_AND_TRANSFORMATION', 'WB_2401_ICT_INNOVATION_METHODOLOGIES', 'TAX_ETHNICITY_ASIAN', 'WB_566_ENVIRONMENT_AND_NATURAL_RESOURCES', 'WB_1777_FORESTS', 'WB_590_ECOSYSTEMS', 'TAX_FNCACT_CHIEF', 'CRISISLEX_CRISISLEXREC', 'TAX_FNCACT_AMBASSADOR', 'TAX_FNCACT_AMBASSADOR', 'TAX_FNCACT_AMBASSADOR', 'UNGP_FORESTS_RIVERS_OCEANS', 'UNGP_FORESTS_RIVERS_OCEANS', 'TAX_FNCACT_REPRESENTATIVES']",3.2520325203252
20260412101500-92,20260412101500,albawaba.com,https://www.albawaba.com/news/turkey%E2%80%93israel-war-words-escalates-ankara-1625350,"['TAX_FNCACT_MINISTER', 'TAX_FNCACT_MINISTER', 'TAX_FNCACT_MINISTER', 'TAX_ETHNICITY_TURKISH', 'TAX_ETHNICITY_TURKISH', 'TAX_ETHNICITY_TURKISH', 'TAX_ETHNICITY_TURKISH', 'TAX_WORLDLANGUAGES_TURKISH', 'TAX_WORLDLANGUAGES_TURKISH', 'TAX_WORLDLANGUAGES_TURKISH', 'TAX_WORLDLANGUAGES_TURKISH', 'EPU_CATS_MIGRATION_FEAR_FEAR', 'PERSECUTION', 'DISCRIMINATION', 'UNGP_FREEDOM_FROM_DISCRIMINATION', 'USPEC_POLICY1', 'KILL', 'REL_ANTISEMITISM', 'WB_678_DIGITAL_GOVERNMENT', 'WB_694_BROADCAST_AND_MEDIA', 'WB_133_INFORMATION_AND_COMMUNICATION_TECHNOLOGIES', 'SELF_IDENTIFIED_ATROCITY', 'TAX_WEAPONS_WARHEAD', 'TAX_FNCACT_OFFICIAL', 'TAX_FNCACT_OFFICIAL', 'WB_698_TRADE', 'LEADER', 'TAX_FNCACT_PRIME_MINISTER', 'TAX_WORLDMAMMALS_TIGER', 'WB_2470_PEACE_OPERATIONS_AND_CONFLICT_MANAGEMENT', 'WB_2432_FRAGILITY_CONFLICT_AND_VIOLENCE', 'WB_2490_NATIONAL_PROTECTION_AND_SECURITY', 'EPU_CATS_NATIONAL_SECURITY', 'EPU_POLICY_POLITICAL', 'CRISISLEX_C07_SAFETY', 'CRISISLEX_C07_SAFETY', 'CRISISLEX_CRISISLEXREC', 'TAX_ETHNICITY_PALESTINIANS', 'ARMEDCONFLICT', 'CRISISLEX_T11_UPDATESSYMPATHY', 'TAX_FNCACT_FOREIGN_MINISTER', 'MEDIA_SOCIAL', 'WB_652_ICT_APPLICATIONS', 'WB_662_SOCIAL_MEDIA', 'WB_658_ENTERPRISE_APPLICATIONS', 'TRANSPARENCY', 'TAX_FNCACT_OFFICIALS', 'TAX_FNCACT_OFFICIALS', 'TAX_FNCACT_OFFICIALS', 'TAX_FNCACT_OFFICIALS', 'TAX_FNCACT_PRESIDENT', 'TAX_FNCACT_PRESIDENT', 'USPEC_POLITICS_GENERAL1', 'USPEC_POLITICS_GENERAL1', 'TAX_FNCACT_CRIMINAL', 'TAX_FNCACT_CRIMINAL', 'TAX_FNCACT_LEADERS', 'CEASEFIRE', 'CEASEFIRE']",-9.83606557377049
20260412101500-93,20260412101500,wiltsglosstandard.co.uk,https://www.wiltsglosstandard.co.uk/news/26014112.buscot-park-among-best-national-trust-sites-uk/,"['TAX_FNCACT_CHILD', 'TAX_FNCACT_CHILD', 'WB_566_ENVIRONMENT_AND_NATURAL_RESOURCES', 'WB_1777_FORESTS', 'WB_590_ECOSYSTEMS', 'SCANDAL', 'TAX_ETHNICITY_AMERICAN', 'WB_137_WATER', 'TAX_ECON_PRICE', 'TAX_ECON_PRICE', 'TAX_FNCACT_CHILDREN', 'TAX_FNCACT_CHILDREN', 'CRISISLEX_T04_INFRASTRUCTURE', 'ECON_ENTREPRENEURSHIP', 'UNGP_FORESTS_RIVERS_OCEANS', 'UNGP_FORESTS_RIVERS_OCEANS']",3.5472972972973
20260412101500-94,20260412101500,newjerseytelegraph.com,http://www.newjerseytelegraph.com/news/278978361/jd-vance-says-iran-talks-have-ended-without-reaching-agreement,"['WB_539_OIL_AND_GAS_POLICY_STRATEGY_AND_INSTITUTIONS', 'WB_507_ENERGY_AND_EXTRACTIVES', 'WB_2290_OIL_AND_GAS_EXPORT', 'WB_544_MID_AND_DOWNSTREAM_OIL_AND_GAS', 'TAX_FNCACT_SECRETARY_OF_STATE', 'WB_678_DIGITAL_GOVERNMENT', 'WB_678_DIGITAL_GOVERNMENT', 'WB_694_BROADCAST_AND_MEDIA', 'WB_694_BROADCAST_AND_MEDIA', 'WB_133_INFORMATION_AND_COMMUNICATION_TECHNOLOGIES', 'WB_133_INFORMATION_AND_COMMUNICATION_TECHNOLOGIES', 'FUELPRICES', 'CEASEFIRE', 'WB_2048_COMPENSATION_CAREERS_AND_INCENTIVES', 'WB_723_PUBLIC_ADMINISTRATION', 'WB_724_HUMAN_RESOURCES_FOR_PUBLIC_SECTOR', 'TAX_FNCACT_SECRETARY', 'TAX_FNCACT_SECRETARY', 'TAX_ETHNICITY_IRANIAN', 'TAX_ETHNICITY_IRANIAN', 'TAX_ETHNICITY_IRANIAN', 'KILL', 'KILL', 'CRISISLEX_T03_DEAD', 'CRISISLEX_T03_DEAD', 'CRISISLEX_C04_LOGISTICS_TRANSPORT', 'USPEC_UNCERTAINTY1', 'USPEC_UNCERTAINTY1', 'WB_696_PUBLIC_SECTOR_MANAGEMENT', 'WB_713_PUBLIC_FINANCE', 'WB_1045_TREASURY', 'UNGP_FORESTS_RIVERS_OCEANS', 'ENV_OIL', 'TAX_FNCACT_OFFICIALS', 'TAX_FNCACT_OFFICIALS', 'TAX_FNCACT_OFFICIALS', 'LEADER', 'LEADER', 'TAX_FNCACT_PRESIDENT', 'TAX_FNCACT_PRESIDENT', 'USPEC_POLITICS_GENERAL1', 'USPEC_POLITICS_GENERAL1', 'WB_2433_CONFLICT_AND_VIOLENCE', 'WB_2465_REVOLUTIONARY_VIOLENCE', 'WB_2432_FRAGILITY_CONFLICT_AND_VIOLENCE', 'WB_2462_POLITICAL_VIOLENCE_AND_WAR', 'TAX_FNCACT_VICE_PRESIDENT', 'CRISISLEX_CRISISLEXREC', 'GENERAL_GOVERNMENT', 'EPU_POLICY_GOVERNMENT', 'TAX_MILITARY_TITLE_ADMIRAL', 'TAX_FNCACT_ADMIRAL', 'TAX_ECON_PRICE', 'NEGOTIATIONS', 'WMD', 'WMD', 'ARMEDCONFLICT', 'ARMEDCONFLICT', 'ARMEDCONFLICT', 'EPU_CATS_NATIONAL_SECURITY', 'EPU_CATS_NATIONAL_SECURITY', 'EPU_CATS_NATIONAL_SECURITY', 'TAX_TERROR_GROUP_HEZBOLLAH', 'TAX_POLITICAL_PARTY_HEZBOLLAH', 'TAX_FNCACT_REPRESENTATIVES']",-2.94695481335953
20260412101500-95,20260412101500,iranherald.com,http://www.iranherald.com/news/278978009/mass-terrorism-trial-in-nigeria-sees-over-300-suspects-convicted,"['CRISISLEX_C05_NEED_OF_SHELTERS', 'BORDER', 'TERROR', 'WB_2467_TERRORISM', 'WB_2433_CONFLICT_AND_VIOLENCE', 'WB_2432_FRAGILITY_CONFLICT_AND_VIOLENCE', 'WB_2462_POLITICAL_VIOLENCE_AND_WAR', 'EPU_CATS_NATIONAL_SECURITY', 'INSURGENCY', 'INSURGENCY', 'WB_2464_INSURGENCY', 'WB_2464_INSURGENCY', 'KIDNAP', 'SOC_POINTSOFINTEREST_PRISON', 'WB_2495_DETENTION_PRISON_AND_CORRECTIONS_REFORM', 'WB_2470_PEACE_OPERATIONS_AND_CONFLICT_MANAGEMENT', 'WB_2490_NATIONAL_PROTECTION_AND_SECURITY', 'WB_696_PUBLIC_SECTOR_MANAGEMENT', 'WB_840_JUSTICE', 'AGRICULTURE', 'TAX_FNCACT_HERDERS', 'TRIAL', 'KILL', 'TAX_ETHNICITY_FULANI', 'TAX_WORLDLANGUAGES_FULANI', 'TAX_RELIGION_CHRISTIAN', 'TAX_ETHNICITY_CHRISTIAN', 'IDEOLOGY', 'TAX_FNCACT_ATTORNEY', 'TAX_RELIGION_ISLAMIC', 'TAX_RELIGION_ISLAMIC', 'TAX_FNCACT_JUDGES', 'ORGANIZED_CRIME', 'WB_2452_GANGS', 'WB_2445_NON_STATE_SECURITY_ACTORS', 'CRISISLEX_T09_DISPLACEDRELOCATEDEVACUATED', 'TAX_TERROR_GROUP_BOKO_HARAM', 'TAX_FNCACT_CRIMINAL', 'SOC_RANSOM', 'SOC_RANSOM', 'CRISISLEX_CRISISLEXREC', 'TAX_RELIGION_MUSLIM', 'TAX_ETHNICITY_MUSLIM', 'ARMEDCONFLICT', 'CRISISLEX_C07_SAFETY', 'GENERAL_GOVERNMENT', 'EPU_POLICY_GOVERNMENT', 'TAX_TERROR_GROUP_ISLAMIC_STATE', 'TAX_TERROR_GROUP_ISLAMIC_STATE', 'MEDIA_MSM']",-9.68992248062015
20260412101500-96,20260412101500,asiaone.com,https://www.asiaone.com/singapore/tropica-condominium-man-95-falls-height-dies,"['WB_2937_SILVER', 'WB_507_ENERGY_AND_EXTRACTIVES', 'WB_895_MINING_SYSTEMS', 'WB_1699_METAL_ORE_MINING', 'TAX_WORLDLANGUAGES_MANDARIN', 'SECURITY_SERVICES', 'SECURITY_SERVICES', 'TAX_FNCACT_POLICE', 'TAX_FNCACT_POLICE', 'CRISISLEX_C07_SAFETY', 'CRISISLEX_C07_SAFETY', 'TAX_FNCACT_MAN', 'TAX_FNCACT_MAN', 'WB_2024_ANTI_CORRUPTION_AUTHORITIES', 'WB_2024_ANTI_CORRUPTION_AUTHORITIES', 'WB_696_PUBLIC_SECTOR_MANAGEMENT', 'WB_696_PUBLIC_SECTOR_MANAGEMENT', 'WB_840_JUSTICE', 'WB_840_JUSTICE', 'WB_2025_INVESTIGATION', 'WB_2025_INVESTIGATION', 'WB_831_GOVERNANCE', 'WB_831_GOVERNANCE', 'WB_832_ANTI_CORRUPTION', 'WB_832_ANTI_CORRUPTION', 'WB_1014_CRIMINAL_JUSTICE', 'WB_1014_CRIMINAL_JUSTICE', 'KILL', 'CRISISLEX_T02_INJURED', 'CRISISLEX_T03_DEAD', 'TAX_FNCACT_PARAMEDIC', 'GENERAL_HEALTH', 'GENERAL_HEALTH', 'MEDICAL', 'MEDICAL', 'CRISISLEX_CRISISLEXREC', 'WB_1406_DISEASES', 'WB_1406_DISEASES', 'WB_621_HEALTH_NUTRITION_AND_POPULATION', 'WB_621_HEALTH_NUTRITION_AND_POPULATION', 'WB_1430_MENTAL_HEALTH', 'WB_1430_MENTAL_HEALTH', 'WB_1427_NON_COMMUNICABLE_DISEASE_AND_INJURY', 'WB_1427_NON_COMMUNICABLE_DISEASE_AND_INJURY', 'TAX_WORLDLANGUAGES_SAMARITANS']",-3.15789473684211
20260412101500-97,20260412101500,cointelegraph.com,https://cointelegraph.com/news/ether-machine-spac-ethm-cancelled-dynamix-merger,"['ECON_STOCKMARKET', 'EPU_ECONOMY_HISTORIC', 'EPU_ECONOMY_HISTORIC', 'WB_696_PUBLIC_SECTOR_MANAGEMENT', 'WB_696_PUBLIC_SECTOR_MANAGEMENT', 'WB_696_PUBLIC_SECTOR_MANAGEMENT', 'WB_696_PUBLIC_SECTOR_MANAGEMENT', 'WB_696_PUBLIC_SECTOR_MANAGEMENT', 'WB_696_PUBLIC_SECTOR_MANAGEMENT', 'WB_713_PUBLIC_FINANCE', 'WB_713_PUBLIC_FINANCE', 'WB_713_PUBLIC_FINANCE', 'WB_713_PUBLIC_FINANCE', 'WB_713_PUBLIC_FINANCE', 'WB_713_PUBLIC_FINANCE', 'WB_1045_TREASURY', 'WB_1045_TREASURY', 'WB_1045_TREASURY', 'WB_1045_TREASURY', 'WB_1045_TREASURY', 'WB_1045_TREASURY', 'TAX_FNCACT_FOUNDERS', 'TAX_FNCACT_EXECUTIVES', 'DELAY']",1.60183066361556
20260412101500-98,20260412101500,eadt.co.uk,https://www.eadt.co.uk/news/national/26013936.rachel-reeves-warns-cost-british-families-businesses-iran-war/,"['ALLIANCE', 'USPEC_POLICY1', 'EPU_UNCERTAINTY', 'GENERAL_GOVERNMENT', 'GENERAL_GOVERNMENT', 'EPU_POLICY_GOVERNMENT', 'EPU_POLICY_GOVERNMENT', 'ARMEDCONFLICT', 'EPU_CATS_NATIONAL_SECURITY', 'TAX_ECON_PRICE', 'TAX_ECON_PRICE', 'TAX_ECON_PRICE', 'TAX_ECON_PRICE', 'TAX_ECON_PRICE', 'TAX_ECON_PRICE', 'EPU_ECONOMY', 'EPU_ECONOMY_HISTORIC', 'CRISISLEX_CRISISLEXREC', 'CLOSURE', 'TAX_FNCACT_MINISTER', 'IDEOLOGY', 'FUELPRICES', 'ECON_GASOLINEPRICE', 'ECON_HEATINGOIL', 'WMD', 'WB_135_TRANSPORT', 'CEASEFIRE', 'CEASEFIRE', 'TAX_FNCACT_GUIDE', 'WB_1921_PRIVATE_SECTOR_DEVELOPMENT', 'WB_346_COMPETITIVE_INDUSTRIES', 'WB_818_INDUSTRY_POLICY_AND_REAL_SECTORS', 'WB_1281_MANUFACTURING', 'TAX_FNCACT_CHANCELLOR', 'ENV_OIL', 'ENV_OIL', 'LEADER', 'TAX_FNCACT_PRIME_MINISTER', 'NEGOTIATIONS', 'WB_696_PUBLIC_SECTOR_MANAGEMENT', 'WB_840_JUSTICE', 'WB_2473_DIPLOMACY_AND_NEGOTIATIONS', 'WB_939_NEGOTIATION', 'WB_2470_PEACE_OPERATIONS_AND_CONFLICT_MANAGEMENT', 'WB_936_ALTERNATIVE_DISPUTE_RESOLUTION', 'WB_2432_FRAGILITY_CONFLICT_AND_VIOLENCE', 'WB_843_DISPUTE_RESOLUTION', 'WB_2471_PEACEKEEPING', 'MARITIME']",0.460829493087557
20260412101500-99,20260412101500,bbc.com,https://www.bbc.com/news/articles/c3dlmdl1v57o,"['WB_678_DIGITAL_GOVERNMENT', 'WB_694_BROADCAST_AND_MEDIA', 'WB_133_INFORMATION_AND_COMMUNICATION_TECHNOLOGIES', 'MEDIA_SOCIAL', 'WB_652_ICT_APPLICATIONS', 'WB_662_SOCIAL_MEDIA', 'WB_658_ENTERPRISE_APPLICATIONS', 'LEADER', 'TAX_FNCACT_PRESIDENT', 'USPEC_POLITICS_GENERAL1']",0.0
20260412101500-100,20260412101500,cyprus-mail.com,https://cyprus-mail.com/2026/04/12/letymbiotis-demands-investigation-over-limassol-building-collapse,"['MANMADE_DISASTER_IMPLIED', 'MANMADE_DISASTER_IMPLIED', 'MANMADE_DISASTER_IMPLIED', 'MANMADE_DISASTER_IMPLIED', 'MANMADE_DISASTER_IMPLIED', 'MANMADE_DISASTER_IMPLIED', 'MANMADE_DISASTER_IMPLIED', 'MANMADE_DISASTER_IMPLIED', 'MANMADE_DISASTER_IMPLIED', 'MANMADE_DISASTER_IMPLIED', 'MANMADE_DISASTER_IMPLIED', 'GENERAL_HEALTH', 'WB_635_PUBLIC_HEALTH', 'WB_2165_HEALTH_EMERGENCIES', 'WB_621_HEALTH_NUTRITION_AND_POPULATION', 'WB_1324_EMERGENCY_MEDICAL_SERVICES', 'MEDICAL', 'SOC_POINTSOFINTEREST_HOSPITAL', 'CRISISLEX_C03_WELLBEING_HEALTH', 'WB_2024_ANTI_CORRUPTION_AUTHORITIES', 'WB_2024_ANTI_CORRUPTION_AUTHORITIES', 'WB_2024_ANTI_CORRUPTION_AUTHORITIES', 'WB_696_PUBLIC_SECTOR_MANAGEMENT', 'WB_696_PUBLIC_SECTOR_MANAGEMENT', 'WB_696_PUBLIC_SECTOR_MANAGEMENT', 'WB_840_JUSTICE', 'WB_840_JUSTICE', 'WB_840_JUSTICE', 'WB_2025_INVESTIGATION', 'WB_2025_INVESTIGATION', 'WB_2025_INVESTIGATION', 'WB_831_GOVERNANCE', 'WB_831_GOVERNANCE', 'WB_831_GOVERNANCE', 'WB_832_ANTI_CORRUPTION', 'WB_832_ANTI_CORRUPTION', 'WB_832_ANTI_CORRUPTION', 'WB_1014_CRIMINAL_JUSTICE', 'WB_1014_CRIMINAL_JUSTICE', 'WB_1014_CRIMINAL_JUSTICE', 'MEDIA_MSM', 'TAX_FNCACT_CHIEF', 'GOV_LOCALGOV', 'WB_2142_LOCAL_GOVERNMENT', 'WB_1502_EDUCATIONAL_DECENTRALIZATION', 'WB_470_EDUCATION', 'WB_1497_EDUCATION_MANAGEMENT_AND_ADMINISTRATION', 'CRISISLEX_T02_INJURED', 'WB_2026_PREVENTION', 'TAX_WORLDLANGUAGES_MARINOS', 'KILL', 'CRISISLEX_T03_DEAD', 'BAN', 'GENERAL_GOVERNMENT', 'GENERAL_GOVERNMENT', 'GENERAL_GOVERNMENT', 'GENERAL_GOVERNMENT', 'EPU_POLICY_GOVERNMENT', 'EPU_POLICY_GOVERNMENT', 'EPU_POLICY_GOVERNMENT', 'EPU_POLICY_GOVERNMENT', 'ELECTION', 'SECURITY_SERVICES', 'SECURITY_SERVICES', 'TAX_FNCACT_POLICE', 'TAX_FNCACT_POLICE', 'CRISISLEX_C07_SAFETY', 'CRISISLEX_C07_SAFETY', 'TAX_FNCACT_DEPUTY', 'WB_1921_PRIVATE_SECTOR_DEVELOPMENT', 'WB_405_BUSINESS_CLIMATE', 'WB_2531_INSPECTIONS_LICENSING_AND_PERMITS', 'WB_2530_BUSINESS_ENVIRONMENT', 'LEADER', 'TAX_FNCACT_MAYOR', 'CRISISLEX_T04_INFRASTRUCTURE', 'CRISISLEX_CRISISLEXREC', 'CRISISLEX_CRISISLEXREC', 'CRISISLEX_T11_UPDATESSYMPATHY', 'CRISISLEX_T11_UPDATESSYMPATHY', 'TAX_FNCACT_VICTIMS', 'CRISISLEX_T08_MISSINGFOUNDTRAPPEDPEOPLE', 'TAX_FNCACT_TENANTS', 'GOV_REFORM', 'TAX_FNCACT_CRIMINAL', 'TAX_WORLDMAMMALS_HUMAN', 'TAX_WORLDMAMMALS_HUMAN', 'TAX_FNCACT_SPOKESMAN', 'TAX_WORLDMAMMALS_BEAR', 'TAX_WORLDMAMMALS_BEARS']",-6.19307832422587
20260412101500-101,20260412101500,eagledayton.com,https://www.eagledayton.com/entertainment/rock-history-about-rush-john-mellencamp-mickey-thomas-jefferson-starship-john-kay-steppenwolf/LVS7UIZ2F5FGFBSKIGQ7JZQ4S4/,"['TAX_FNCACT_MAN', 'TAX_FNCACT_MAN', 'TAX_FNCACT_FOOL', 'TAX_FNCACT_BISHOP', 'TAX_FNCACT_GUITARIST', 'TAX_WORLDMAMMALS_COUGAR', 'TAX_ETHNICITY_AMERICAN', 'TAX_FNCACT_SINGER', 'TAX_FNCACT_SINGER']",0.72463768115942
20260412101500-102,20260412101500,boredpanda.com,https://www.boredpanda.com/weird-facts-pics-oddity/?cexp_id=150849&cexp_var=14&_f=homepage_featured,[],0.0
20260412101500-103,20260412101500,rferl.org,https://www.rferl.org/a/ukraine-russia-easter-truce-violations/33730471.html,"['DRONES', 'DRONES', 'DRONES', 'DRONES', 'CRISISLEX_CRISISLEXREC', 'CRISISLEX_CRISISLEXREC', 'CRISISLEX_CRISISLEXREC', 'TAX_RELIGION_RUSSIAN_ORTHODOX', 'TAX_ETHNICITY_UKRAINIANS', 'TAX_WORLDLANGUAGES_UKRAINIANS', 'BORDER', 'TAX_ETHNICITY_UKRAINIAN', 'TAX_ETHNICITY_UKRAINIAN', 'TAX_ETHNICITY_UKRAINIAN', 'TAX_ETHNICITY_UKRAINIAN', 'TAX_WORLDLANGUAGES_UKRAINIAN', 'TAX_WORLDLANGUAGES_UKRAINIAN', 'TAX_WORLDLANGUAGES_UKRAINIAN', 'TAX_WORLDLANGUAGES_UKRAINIAN', 'WB_2433_CONFLICT_AND_VIOLENCE', 'WB_2432_FRAGILITY_CONFLICT_AND_VIOLENCE', 'WOUND', 'TAX_ETHNICITY_RUSSIAN', 'TAX_ETHNICITY_RUSSIAN', 'TAX_ETHNICITY_RUSSIAN', 'TAX_ETHNICITY_RUSSIAN', 'TAX_ETHNICITY_RUSSIAN', 'TAX_ETHNICITY_RUSSIAN', 'TAX_WORLDLANGUAGES_RUSSIAN', 'TAX_WORLDLANGUAGES_RUSSIAN', 'TAX_WORLDLANGUAGES_RUSSIAN', 'TAX_WORLDLANGUAGES_RUSSIAN', 'TAX_WORLDLANGUAGES_RUSSIAN', 'TAX_WORLDLANGUAGES_RUSSIAN', 'TAX_RELIGION_CHURCH', 'CRISISLEX_C03_WELLBEING_HEALTH', 'CEASEFIRE', 'CEASEFIRE', 'CEASEFIRE', 'GENERAL_HEALTH', 'WB_635_PUBLIC_HEALTH', 'WB_2165_HEALTH_EMERGENCIES', 'WB_621_HEALTH_NUTRITION_AND_POPULATION', 'WB_1324_EMERGENCY_MEDICAL_SERVICES', 'NEGOTIATIONS', 'WB_2470_PEACE_OPERATIONS_AND_CONFLICT_MANAGEMENT', 'WB_2478_PEACE_PROCESSES_AND_DIALOGUE', 'WB_2471_PEACEKEEPING', 'TAX_WORLDLANGUAGES_RUSSIA', 'TAX_WORLDLANGUAGES_RUSSIA', 'TAX_WORLDLANGUAGES_RUSSIA', 'TAX_WORLDLANGUAGES_RUSSIA', 'TAX_WORLDLANGUAGES_RUSSIA', 'TAX_WORLDLANGUAGES_RUSSIA', 'TAX_WORLDLANGUAGES_RUSSIA', 'TAX_WORLDLANGUAGES_RUSSIA', 'TAX_WORLDLANGUAGES_RUSSIA', 'MANMADE_DISASTER_WITHOUT_POWER', 'POWER_OUTAGE', 'CRISISLEX_O01_WEATHER', 'AFFECT', 'CRISISLEX_T02_INJURED', 'TAX_WEAPONS_ARTILLERY', 'LEADER', 'LEADER', 'TAX_FNCACT_PRESIDENT', 'TAX_FNCACT_PRESIDENT', 'USPEC_POLITICS_GENERAL1', 'USPEC_POLITICS_GENERAL1', 'TAX_FNCACT_OFFICIALS', 'TAX_FNCACT_PARAMEDICS', 'WB_696_PUBLIC_SECTOR_MANAGEMENT', 'WB_840_JUSTICE', 'WB_2473_DIPLOMACY_AND_NEGOTIATIONS', 'WB_939_NEGOTIATION', 'WB_936_ALTERNATIVE_DISPUTE_RESOLUTION', 'WB_843_DISPUTE_RESOLUTION', 'MEDIA_SOCIAL', 'RELIGION', 'UNGP_CRIME_VIOLENCE', 'TAX_RELIGION_ORTHODOX', 'TAX_RELIGION_ORTHODOX', 'TAX_RELIGION_ORTHODOX', 'TAX_RELIGION_ORTHODOX', 'TAX_RELIGION_ORTHODOX', 'CRISISLEX_T11_UPDATESSYMPATHY', 'MEDICAL', 'SOC_POINTSOFINTEREST_HOSPITALS', 'TAX_WEAPONS_BOMB', 'EPU_CATS_MIGRATION_FEAR_FEAR', 'ARMEDCONFLICT', 'ARMEDCONFLICT', 'ARMEDCONFLICT', 'ARMEDCONFLICT', 'EPU_CATS_NATIONAL_SECURITY', 'EPU_CATS_NATIONAL_SECURITY', 'EPU_CATS_NATIONAL_SECURITY', 'EPU_CATS_NATIONAL_SECURITY', 'GEN_HOLIDAY', 'GEN_HOLIDAY', 'GEN_HOLIDAY']",-5.08849557522124
20260412101500-104,20260412101500,rediff.com,https://tv.rediff.com/news/woman-accused-of-blackmailing-doctor-before-his-death-in-beed/379864,"['GENERAL_HEALTH', 'GENERAL_HEALTH', 'MEDICAL', 'MEDICAL', 'TAX_FNCACT_DOCTOR', 'TAX_FNCACT_DOCTOR', 'SOC_SUICIDE', 'TAX_FNCACT_WOMAN', 'CRISISLEX_CRISISLEXREC']",-10.1694915254237
20260412101500-105,20260412101500,athens-times.com,https://athens-times.com/what-happened-in-the-marathon-us-iran-talks-in-pakistan-red-lines-trumps-indifference-and-silence-on-the-strait-of-hormuz/,"['TAX_RELIGION_ISLAMIC', 'TAX_FNCACT_FOREIGN_MINISTER', 'CEASEFIRE', 'TAX_FNCACT_SPEAKER', 'EPU_POLICY_WHITE_HOUSE', 'WB_2465_REVOLUTIONARY_VIOLENCE', 'WB_2462_POLITICAL_VIOLENCE_AND_WAR', 'ENV_WATERWAYS', 'WB_1805_WATERWAYS', 'WB_135_TRANSPORT', 'WB_1803_TRANSPORT_INFRASTRUCTURE', 'TAX_FNCACT_VICE_PRESIDENT', 'NEGOTIATIONS', 'NEGOTIATIONS', 'WB_696_PUBLIC_SECTOR_MANAGEMENT', 'WB_696_PUBLIC_SECTOR_MANAGEMENT', 'WB_840_JUSTICE', 'WB_840_JUSTICE', 'WB_2473_DIPLOMACY_AND_NEGOTIATIONS', 'WB_2473_DIPLOMACY_AND_NEGOTIATIONS', 'WB_939_NEGOTIATION', 'WB_939_NEGOTIATION', 'WB_2470_PEACE_OPERATIONS_AND_CONFLICT_MANAGEMENT', 'WB_2470_PEACE_OPERATIONS_AND_CONFLICT_MANAGEMENT', 'WB_936_ALTERNATIVE_DISPUTE_RESOLUTION', 'WB_936_ALTERNATIVE_DISPUTE_RESOLUTION', 'WB_2432_FRAGILITY_CONFLICT_AND_VIOLENCE', 'WB_2432_FRAGILITY_CONFLICT_AND_VIOLENCE', 'WB_843_DISPUTE_RESOLUTION', 'WB_843_DISPUTE_RESOLUTION', 'WB_2471_PEACEKEEPING', 'WB_2471_PEACEKEEPING', 'LEADER', 'LEADER', 'TAX_FNCACT_PRESIDENT', 'TAX_FNCACT_PRESIDENT', 'USPEC_POLITICS_GENERAL1', 'USPEC_POLITICS_GENERAL1', 'CRISISLEX_C07_SAFETY', 'UNGP_FORESTS_RIVERS_OCEANS', 'TAX_ETHNICITY_IRANIANS', 'ARMEDCONFLICT', 'EPU_CATS_NATIONAL_SECURITY', 'WB_678_DIGITAL_GOVERNMENT', 'WB_694_BROADCAST_AND_MEDIA', 'WB_133_INFORMATION_AND_COMMUNICATION_TECHNOLOGIES', 'TAX_ETHNICITY_IRANIAN', 'TAX_ETHNICITY_IRANIAN', 'TAX_ETHNICITY_IRANIAN', 'TAX_ETHNICITY_IRANIAN', 'USPEC_UNCERTAINTY1', 'TAX_FNCACT_ENVOY', 'TAX_FNCACT_OFFICIAL', 'TAX_FNCACT_PRIME_MINISTER', 'TAX_FNCACT_MINISTER', 'TAX_FNCACT_MINISTER', 'WB_2433_CONFLICT_AND_VIOLENCE', 'GENERAL_GOVERNMENT', 'TAX_FNCACT_SPOKESPERSON']",-0.91324200913242
20260412101500-106,20260412101500,mauinews.com,https://www.mauinews.com/wire/?category=5186&ID=392658,"['LEADER', 'TAX_FNCACT_PRIME_MINISTER', 'TAX_ETHNICITY_PERSIAN', 'TAX_WORLDLANGUAGES_PERSIAN', 'UNGP_FORESTS_RIVERS_OCEANS', 'TAX_ETHNICITY_IRANIAN', 'TAX_ETHNICITY_IRANIAN', 'KILL', 'CRISISLEX_T03_DEAD', 'USPEC_UNCERTAINTY1', 'ENV_MINING', 'ENV_NATURALGAS', 'WB_135_TRANSPORT', 'WB_135_TRANSPORT', 'MEDIA_MSM', 'TAX_FNCACT_MINISTER', 'MARITIME_INCIDENT', 'MARITIME_INCIDENT', 'MARITIME', 'MARITIME', 'MANMADE_DISASTER_IMPLIED', 'MANMADE_DISASTER_IMPLIED', 'GENERAL_GOVERNMENT', 'TAX_FNCACT_VICE_PRESIDENT', 'TAX_FNCACT_VICE_PRESIDENT', 'NEGOTIATIONS', 'NEGOTIATIONS', 'NEGOTIATIONS', 'NEGOTIATIONS', 'WB_696_PUBLIC_SECTOR_MANAGEMENT', 'WB_696_PUBLIC_SECTOR_MANAGEMENT', 'WB_696_PUBLIC_SECTOR_MANAGEMENT', 'WB_696_PUBLIC_SECTOR_MANAGEMENT', 'WB_840_JUSTICE', 'WB_840_JUSTICE', 'WB_840_JUSTICE', 'WB_840_JUSTICE', 'WB_2473_DIPLOMACY_AND_NEGOTIATIONS', 'WB_2473_DIPLOMACY_AND_NEGOTIATIONS', 'WB_2473_DIPLOMACY_AND_NEGOTIATIONS', 'WB_2473_DIPLOMACY_AND_NEGOTIATIONS', 'WB_939_NEGOTIATION', 'WB_939_NEGOTIATION', 'WB_939_NEGOTIATION', 'WB_939_NEGOTIATION', 'WB_2470_PEACE_OPERATIONS_AND_CONFLICT_MANAGEMENT', 'WB_2470_PEACE_OPERATIONS_AND_CONFLICT_MANAGEMENT', 'WB_2470_PEACE_OPERATIONS_AND_CONFLICT_MANAGEMENT', 'WB_2470_PEACE_OPERATIONS_AND_CONFLICT_MANAGEMENT', 'WB_936_ALTERNATIVE_DISPUTE_RESOLUTION', 'WB_936_ALTERNATIVE_DISPUTE_RESOLUTION', 'WB_936_ALTERNATIVE_DISPUTE_RESOLUTION', 'WB_936_ALTERNATIVE_DISPUTE_RESOLUTION', 'WB_2432_FRAGILITY_CONFLICT_AND_VIOLENCE', 'WB_2432_FRAGILITY_CONFLICT_AND_VIOLENCE', 'WB_2432_FRAGILITY_CONFLICT_AND_VIOLENCE', 'WB_2432_FRAGILITY_CONFLICT_AND_VIOLENCE', 'WB_843_DISPUTE_RESOLUTION', 'WB_843_DISPUTE_RESOLUTION', 'WB_843_DISPUTE_RESOLUTION', 'WB_843_DISPUTE_RESOLUTION', 'WB_2471_PEACEKEEPING', 'WB_2471_PEACEKEEPING', 'WB_2471_PEACEKEEPING', 'WB_2471_PEACEKEEPING', 'ENV_OIL', 'TAX_FNCACT_PRESIDENT', 'TAX_FNCACT_PRESIDENT', 'TAX_FNCACT_PRESIDENT', 'USPEC_POLITICS_GENERAL1', 'USPEC_POLITICS_GENERAL1', 'USPEC_POLITICS_GENERAL1', 'TAX_FNCACT_OFFICIALS', 'CEASEFIRE', 'CEASEFIRE', 'CEASEFIRE', 'TAX_FNCACT_SPEAKER', 'EPU_POLICY_WHITE_HOUSE', 'EPU_POLICY_WHITE_HOUSE', 'ARMEDCONFLICT', 'EPU_CATS_NATIONAL_SECURITY', 'TAX_TERROR_GROUP_HEZBOLLAH', 'TAX_POLITICAL_PARTY_HEZBOLLAH']",-2.42214532871972
20260412101500-107,20260412101500,kathmandupost.com,https://kathmandupost.com/national/2026/04/12/heze-launches-universal-blossoms-project-unveils-nepal-rhododendron-garden,"['TAX_ETHNICITY_NEPALI', 'TAX_WORLDLANGUAGES_NEPALI', 'EDUCATION', 'WB_470_EDUCATION', 'TAX_FNCACT_OFFICIALS', 'TAX_FNCACT_OFFICIALS', 'TOURISM', 'WB_825_TOURISM', 'WB_1921_PRIVATE_SECTOR_DEVELOPMENT', 'WB_346_COMPETITIVE_INDUSTRIES', 'WB_818_INDUSTRY_POLICY_AND_REAL_SECTORS', 'TAX_FNCACT_AUTHORITIES', 'TAX_FNCACT_AUTHORITIES', 'CRISISLEX_CRISISLEXREC', 'CRISISLEX_CRISISLEXREC', 'EPU_POLICY_AUTHORITIES', 'EPU_POLICY_AUTHORITIES', 'TAX_FNCACT_REPRESENTATIVES', 'EPU_ECONOMY', 'EPU_ECONOMY_HISTORIC', 'LEADER', 'LEADER', 'TAX_FNCACT_MAYOR', 'TAX_FNCACT_MAYOR', 'TAX_FNCACT_DEPUTY', 'TAX_FNCACT_MINISTER', 'TAX_FNCACT_CHAIRMAN', 'WB_698_TRADE', 'TAX_ETHNICITY_BULGARIAN', 'TAX_WORLDLANGUAGES_BULGARIAN', 'TAX_ETHNICITY_CHINESE', 'TAX_WORLDLANGUAGES_CHINESE']",3.58744394618834
20260412101500-108,20260412101500,healio.com,https://www.healio.com/news/dermatology/20260408/our-inbox-is-a-clinic-consider-billing-for-portal-messages,"['TAX_FNCACT_ASSISTANT', 'TAX_FNCACT_DIRECTOR', 'LEGISLATION', 'USPEC_POLITICS_GENERAL1', 'USPEC_POLICY1', 'EPU_POLICY_LEGISLATION', 'EPU_POLICY_SPENDING', 'SOC_POINTSOFINTEREST_SCHOOL', 'TAX_FNCACT_SPEAKER', 'WB_1305_HEALTH_SERVICES_DELIVERY', 'WB_2156_CONTINUUM_OF_CARE', 'WB_1307_PRIMARY_CARE', 'CRISISLEX_C03_WELLBEING_HEALTH', 'CRISISLEX_C03_WELLBEING_HEALTH', 'CRISISLEX_C03_WELLBEING_HEALTH', 'CRISISLEX_C03_WELLBEING_HEALTH', 'CRISISLEX_C03_WELLBEING_HEALTH', 'CRISISLEX_C03_WELLBEING_HEALTH', 'CRISISLEX_C03_WELLBEING_HEALTH', 'CRISISLEX_C03_WELLBEING_HEALTH', 'CRISISLEX_C03_WELLBEING_HEALTH', 'CRISISLEX_C03_WELLBEING_HEALTH', 'CRISISLEX_C03_WELLBEING_HEALTH', 'CRISISLEX_C03_WELLBEING_HEALTH', 'CRISISLEX_C03_WELLBEING_HEALTH', 'CRISISLEX_C03_WELLBEING_HEALTH', 'CRISISLEX_C03_WELLBEING_HEALTH', 'CRISISLEX_C03_WELLBEING_HEALTH', 'CRISISLEX_C03_WELLBEING_HEALTH', 'CRISISLEX_C03_WELLBEING_HEALTH', 'CRISISLEX_C03_WELLBEING_HEALTH', 'CRISISLEX_C03_WELLBEING_HEALTH', 'TAX_ETHNICITY_AMERICAN', 'TAX_ETHNICITY_AMERICAN', 'TAX_ETHNICITY_AMERICAN', 'TAX_FNCACT_PHYSICIANS', 'TAX_FNCACT_PHYSICIANS', 'TAX_FNCACT_PHYSICIANS', 'TAX_FNCACT_PHYSICIANS', 'TAX_FNCACT_PHYSICIANS', 'TAX_FNCACT_PHYSICIANS', 'TAX_FNCACT_PHYSICIANS', 'TAX_FNCACT_PHYSICIANS', 'TAX_DISEASE_BURNOUT', 'TAX_DISEASE_BURNOUT', 'TAX_DISEASE_BURNOUT', 'WB_290_TELECOMMUNICATIONS_ORGANIZATIONAL_DESIGN', 'WB_288_TELECOMMUNICATIONS_SECTOR_POLICY_AND_REGULATION', 'WB_286_TELECOMMUNICATIONS_AND_BROADBAND_ACCESS', 'EPU_ECONOMY', 'EPU_ECONOMY_HISTORIC', 'TAX_FNCACT_PHYSICIAN', 'TAX_FNCACT_PHYSICIAN', 'TAX_FNCACT_PHYSICIAN', 'TAX_FNCACT_PHYSICIAN', 'TAX_FNCACT_PHYSICIAN', 'TAX_FNCACT_PHYSICIAN', 'TAX_FNCACT_PHYSICIAN', 'TAX_FNCACT_PHYSICIAN', 'EDUCATION', 'TAX_FNCACT_PROFESSOR', 'MEDICAL', 'MEDICAL', 'MEDICAL', 'MEDICAL', 'MEDICAL', 'MEDICAL', 'WB_696_PUBLIC_SECTOR_MANAGEMENT', 'WB_2048_COMPENSATION_CAREERS_AND_INCENTIVES', 'WB_723_PUBLIC_ADMINISTRATION', 'WB_724_HUMAN_RESOURCES_FOR_PUBLIC_SECTOR', 'TAX_FNCACT_WOMEN', 'TAX_FNCACT_WOMEN', 'TAX_FNCACT_WOMEN', 'GENERAL_HEALTH', 'GENERAL_HEALTH', 'GENERAL_HEALTH', 'GENERAL_HEALTH', 'HEALTH_PANDEMIC', 'HEALTH_PANDEMIC', 'HEALTH_PANDEMIC', 'HEALTH_PANDEMIC', 'WB_635_PUBLIC_HEALTH', 'WB_635_PUBLIC_HEALTH', 'WB_635_PUBLIC_HEALTH', 'WB_635_PUBLIC_HEALTH', 'WB_2165_HEALTH_EMERGENCIES', 'WB_2165_HEALTH_EMERGENCIES', 'WB_2165_HEALTH_EMERGENCIES', 'WB_2165_HEALTH_EMERGENCIES', 'WB_2166_HEALTH_EMERGENCY_PREPAREDNESS_AND_DISASTER_RESPONSE', 'WB_2166_HEALTH_EMERGENCY_PREPAREDNESS_AND_DISASTER_RESPONSE', 'WB_2166_HEALTH_EMERGENCY_PREPAREDNESS_AND_DISASTER_RESPONSE', 'WB_2166_HEALTH_EMERGENCY_PREPAREDNESS_AND_DISASTER_RESPONSE', 'WB_621_HEALTH_NUTRITION_AND_POPULATION', 'WB_621_HEALTH_NUTRITION_AND_POPULATION', 'WB_621_HEALTH_NUTRITION_AND_POPULATION', 'WB_621_HEALTH_NUTRITION_AND_POPULATION', 'WB_2167_PANDEMICS', 'WB_2167_PANDEMICS', 'WB_2167_PANDEMICS', 'WB_2167_PANDEMICS', 'UNGP_HEALTHCARE', 'UNGP_HEALTHCARE', 'UNGP_HEALTHCARE', 'UNGP_HEALTHCARE', 'WB_1331_HEALTH_TECHNOLOGIES', 'WB_1331_HEALTH_TECHNOLOGIES', 'WB_1331_HEALTH_TECHNOLOGIES', 'WB_1350_PHARMACEUTICALS', 'WB_1350_PHARMACEUTICALS', 'WB_1350_PHARMACEUTICALS', 'WB_678_DIGITAL_GOVERNMENT', 'WB_2943_SWITCHES', 'WB_667_ICT_INFRASTRUCTURE', 'WB_672_NETWORK_MANAGEMENT', 'WB_133_INFORMATION_AND_COMMUNICATION_TECHNOLOGIES', 'SCIENCE', 'SCIENCE', 'SCIENCE', 'UNGP_FORESTS_RIVERS_OCEANS', 'SOC_POINTSOFINTEREST_UNIVERSITY', 'TAX_ETHNICITY_ASIAN', 'TAX_FNCACT_PRACTITIONERS', 'EPU_CATS_MIGRATION_FEAR_FEAR', 'EPU_CATS_MIGRATION_FEAR_FEAR', 'SOC_POINTSOFINTEREST_MEDICAL_CENTER']",-0.871839581517001
20260412101500-109,20260412101500,nbcnewyork.com,https://www.nbcnewyork.com/news/national-international/live-updates-iran-war-us-israel-middle-east-april-12/6488797/,"['WMD', 'WMD', 'WMD', 'WMD', 'WMD', 'WMD', 'WMD', 'TAX_FNCACT_CHILDREN', 'AFFECT', 'WB_549_OIL_AND_GAS_SYSTEMS', 'WB_1768_OIL_AND_GAS_PIPELINE', 'LEGISLATION', 'EPU_POLICY_LAW', 'WB_845_LEGAL_AND_REGULATORY_FRAMEWORK', 'WB_962_INTERNATIONAL_LAW', 'GENERAL_GOVERNMENT', 'GENERAL_GOVERNMENT', 'GENERAL_GOVERNMENT', 'TAX_FNCACT_CHIEF', 'TAX_ETHNICITY_AMERICANS', 'TAX_FNCACT_SPEAKER', 'TAX_FNCACT_SPEAKER', 'TAX_FNCACT_SPEAKER', 'TAX_FNCACT_POLITICIANS', 'TAX_FNCACT_VICE_PRESIDENT', 'TAX_FNCACT_VICE_PRESIDENT', 'TAX_FNCACT_VICE_PRESIDENT', 'TAX_FNCACT_VICE_PRESIDENT', 'TAX_FNCACT_VICE_PRESIDENT', 'NEGOTIATIONS', 'NEGOTIATIONS', 'NEGOTIATIONS', 'NEGOTIATIONS', 'NEGOTIATIONS', 'NEGOTIATIONS', 'WB_696_PUBLIC_SECTOR_MANAGEMENT', 'WB_696_PUBLIC_SECTOR_MANAGEMENT', 'WB_696_PUBLIC_SECTOR_MANAGEMENT', 'WB_696_PUBLIC_SECTOR_MANAGEMENT', 'WB_696_PUBLIC_SECTOR_MANAGEMENT', 'WB_696_PUBLIC_SECTOR_MANAGEMENT', 'WB_840_JUSTICE', 'WB_840_JUSTICE', 'WB_840_JUSTICE', 'WB_840_JUSTICE', 'WB_840_JUSTICE', 'WB_840_JUSTICE', 'WB_2473_DIPLOMACY_AND_NEGOTIATIONS', 'WB_2473_DIPLOMACY_AND_NEGOTIATIONS', 'WB_2473_DIPLOMACY_AND_NEGOTIATIONS', 'WB_2473_DIPLOMACY_AND_NEGOTIATIONS', 'WB_2473_DIPLOMACY_AND_NEGOTIATIONS', 'WB_2473_DIPLOMACY_AND_NEGOTIATIONS', 'WB_939_NEGOTIATION', 'WB_939_NEGOTIATION', 'WB_939_NEGOTIATION', 'WB_939_NEGOTIATION', 'WB_939_NEGOTIATION', 'WB_939_NEGOTIATION', 'WB_2470_PEACE_OPERATIONS_AND_CONFLICT_MANAGEMENT', 'WB_2470_PEACE_OPERATIONS_AND_CONFLICT_MANAGEMENT', 'WB_2470_PEACE_OPERATIONS_AND_CONFLICT_MANAGEMENT', 'WB_2470_PEACE_OPERATIONS_AND_CONFLICT_MANAGEMENT', 'WB_2470_PEACE_OPERATIONS_AND_CONFLICT_MANAGEMENT', 'WB_2470_PEACE_OPERATIONS_AND_CONFLICT_MANAGEMENT', 'WB_936_ALTERNATIVE_DISPUTE_RESOLUTION', 'WB_936_ALTERNATIVE_DISPUTE_RESOLUTION', 'WB_936_ALTERNATIVE_DISPUTE_RESOLUTION', 'WB_936_ALTERNATIVE_DISPUTE_RESOLUTION', 'WB_936_ALTERNATIVE_DISPUTE_RESOLUTION', 'WB_936_ALTERNATIVE_DISPUTE_RESOLUTION', 'WB_2432_FRAGILITY_CONFLICT_AND_VIOLENCE', 'WB_2432_FRAGILITY_CONFLICT_AND_VIOLENCE', 'WB_2432_FRAGILITY_CONFLICT_AND_VIOLENCE', 'WB_2432_FRAGILITY_CONFLICT_AND_VIOLENCE', 'WB_2432_FRAGILITY_CONFLICT_AND_VIOLENCE', 'WB_2432_FRAGILITY_CONFLICT_AND_VIOLENCE', 'WB_843_DISPUTE_RESOLUTION', 'WB_843_DISPUTE_RESOLUTION', 'WB_843_DISPUTE_RESOLUTION', 'WB_843_DISPUTE_RESOLUTION', 'WB_843_DISPUTE_RESOLUTION', 'WB_843_DISPUTE_RESOLUTION', 'WB_2471_PEACEKEEPING', 'WB_2471_PEACEKEEPING', 'WB_2471_PEACEKEEPING', 'WB_2471_PEACEKEEPING', 'WB_2471_PEACEKEEPING', 'WB_2471_PEACEKEEPING', 'TAX_ETHNICITY_IRANIANS', 'TAX_ETHNICITY_IRANIANS', 'TAX_ETHNICITY_IRANIANS', 'EPU_POLICY_GOVERNMENT', 'EPU_POLICY_GOVERNMENT', 'MANMADE_DISASTER_IMPLIED', 'MANMADE_DISASTER_IMPLIED', 'MANMADE_DISASTER_IMPLIED', 'MANMADE_DISASTER_IMPLIED', 'WB_2299_PIPELINES', 'WB_2299_PIPELINES', 'WB_2299_PIPELINES', 'WB_2299_PIPELINES', 'WB_539_OIL_AND_GAS_POLICY_STRATEGY_AND_INSTITUTIONS', 'WB_539_OIL_AND_GAS_POLICY_STRATEGY_AND_INSTITUTIONS', 'WB_539_OIL_AND_GAS_POLICY_STRATEGY_AND_INSTITUTIONS', 'WB_539_OIL_AND_GAS_POLICY_STRATEGY_AND_INSTITUTIONS', 'WB_507_ENERGY_AND_EXTRACTIVES', 'WB_507_ENERGY_AND_EXTRACTIVES', 'WB_507_ENERGY_AND_EXTRACTIVES', 'WB_507_ENERGY_AND_EXTRACTIVES', 'WB_548_PPP_IN_OIL_AND_GAS', 'WB_548_PPP_IN_OIL_AND_GAS', 'WB_548_PPP_IN_OIL_AND_GAS', 'WB_548_PPP_IN_OIL_AND_GAS', 'ARMEDCONFLICT', 'ARMEDCONFLICT', 'EPU_CATS_NATIONAL_SECURITY', 'EPU_CATS_NATIONAL_SECURITY', 'TAX_TERROR_GROUP_HEZBOLLAH', 'TAX_TERROR_GROUP_HEZBOLLAH', 'TAX_POLITICAL_PARTY_HEZBOLLAH', 'TAX_POLITICAL_PARTY_HEZBOLLAH', 'TAX_FNCACT_REPORTER', 'UNGP_FORESTS_RIVERS_OCEANS', 'UNGP_FORESTS_RIVERS_OCEANS', 'TAX_ETHNICITY_PERSIAN', 'TAX_ETHNICITY_PERSIAN', 'TAX_WORLDLANGUAGES_PERSIAN', 'TAX_WORLDLANGUAGES_PERSIAN', 'TAX_FNCACT_CITIZENS', 'WB_1803_TRANSPORT_INFRASTRUCTURE', 'WB_167_PORTS', 'TAX_FNCACT_PRIME_MINISTER', 'TAX_FNCACT_PRIME_MINISTER', 'TAX_FNCACT_PRIME_MINISTER', 'WB_678_DIGITAL_GOVERNMENT', 'WB_694_BROADCAST_AND_MEDIA', 'WB_133_INFORMATION_AND_COMMUNICATION_TECHNOLOGIES', 'CRISISLEX_CRISISLEXREC', 'TAX_ETHNICITY_IRANIAN', 'TAX_ETHNICITY_IRANIAN', 'TAX_ETHNICITY_IRANIAN', 'TAX_ETHNICITY_IRANIAN', 'TAX_ETHNICITY_IRANIAN', 'TAX_ETHNICITY_IRANIAN', 'KILL', 'CRISISLEX_T03_DEAD', 'TAX_FNCACT_NEGOTIATOR', 'WB_2478_PEACE_PROCESSES_AND_DIALOGUE', 'WB_2478_PEACE_PROCESSES_AND_DIALOGUE', 'WB_2478_PEACE_PROCESSES_AND_DIALOGUE', 'TAX_FNCACT_SPOKESPERSON', 'TAX_FNCACT_SPOKESPERSON', 'USPEC_UNCERTAINTY1', 'TAX_ETHNICITY_TURKISH', 'TAX_ETHNICITY_TURKISH', 'TAX_WORLDLANGUAGES_TURKISH', 'TAX_WORLDLANGUAGES_TURKISH', 'MEDIA_MSM', 'MEDIA_MSM', 'TAX_FNCACT_MINISTER', 'TAX_FNCACT_MINISTER', 'TAX_FNCACT_MINISTER', 'TAX_FNCACT_MINISTER', 'WB_135_TRANSPORT', 'CEASEFIRE', 'CEASEFIRE', 'CEASEFIRE', 'CEASEFIRE', 'CEASEFIRE', 'CEASEFIRE', 'ENV_OIL', 'ENV_OIL', 'ENV_OIL', 'ENV_OIL', 'ENV_OIL', 'LEADER', 'LEADER', 'LEADER', 'LEADER', 'LEADER', 'LEADER', 'LEADER', 'LEADER', 'LEADER', 'TAX_FNCACT_PRESIDENT', 'TAX_FNCACT_PRESIDENT', 'TAX_FNCACT_PRESIDENT', 'TAX_FNCACT_PRESIDENT', 'TAX_FNCACT_PRESIDENT', 'TAX_FNCACT_PRESIDENT', 'TAX_FNCACT_PRESIDENT', 'TAX_FNCACT_PRESIDENT', 'TAX_FNCACT_PRESIDENT', 'USPEC_POLITICS_GENERAL1', 'USPEC_POLITICS_GENERAL1', 'USPEC_POLITICS_GENERAL1', 'USPEC_POLITICS_GENERAL1', 'USPEC_POLITICS_GENERAL1', 'USPEC_POLITICS_GENERAL1', 'USPEC_POLITICS_GENERAL1', 'USPEC_POLITICS_GENERAL1', 'USPEC_POLITICS_GENERAL1', 'EPU_CATS_MIGRATION_FEAR_FEAR', 'EPU_CATS_MIGRATION_FEAR_FEAR', 'TAX_FNCACT_LEADERS', 'TAX_FNCACT_SPOKESMAN', 'SELF_IDENTIFIED_ATROCITY', 'WB_2507_HUMAN_RIGHTS_ABUSES_AND_VIOLATIONS', 'WB_2203_HUMAN_RIGHTS', 'WB_2513_CRIMES_AGAINST_HUMANITY', 'TAX_FNCACT_FOREIGN_MINISTER', 'TERROR', 'TAX_ETHNICITY_AMERICAN']",-2.09171359613837
20260412101500-110,20260412101500,kvnf.org,https://www.kvnf.org/npr-news/2026-04-12/no-deal-u-s-iran-peace-talks-in-islamabad-collapse,"['ARMEDCONFLICT', 'ARMEDCONFLICT', 'ARMEDCONFLICT', 'ARMEDCONFLICT', 'EPU_CATS_NATIONAL_SECURITY', 'EPU_CATS_NATIONAL_SECURITY', 'EPU_CATS_NATIONAL_SECURITY', 'EPU_CATS_NATIONAL_SECURITY', 'TAX_RELIGION_ORTHODOX', 'TAX_ETHNICITY_IRANIANS', 'TAX_ETHNICITY_IRANIANS', 'CRISISLEX_C07_SAFETY', 'CRISISLEX_C07_SAFETY', 'UNGP_FORESTS_RIVERS_OCEANS', 'TAX_TERROR_GROUP_HEZBOLLAH', 'TAX_TERROR_GROUP_HEZBOLLAH', 'TAX_TERROR_GROUP_HEZBOLLAH', 'TAX_TERROR_GROUP_HEZBOLLAH', 'TAX_TERROR_GROUP_HEZBOLLAH', 'TAX_POLITICAL_PARTY_HEZBOLLAH', 'TAX_POLITICAL_PARTY_HEZBOLLAH', 'TAX_POLITICAL_PARTY_HEZBOLLAH', 'TAX_POLITICAL_PARTY_HEZBOLLAH', 'TAX_POLITICAL_PARTY_HEZBOLLAH', 'EPU_ECONOMY_HISTORIC', 'WB_2433_CONFLICT_AND_VIOLENCE', 'WB_2465_REVOLUTIONARY_VIOLENCE', 'WB_2462_POLITICAL_VIOLENCE_AND_WAR', 'ENV_WATERWAYS', 'WB_1805_WATERWAYS', 'WB_135_TRANSPORT', 'WB_1803_TRANSPORT_INFRASTRUCTURE', 'WB_696_PUBLIC_SECTOR_MANAGEMENT', 'WB_696_PUBLIC_SECTOR_MANAGEMENT', 'WB_696_PUBLIC_SECTOR_MANAGEMENT', 'WB_696_PUBLIC_SECTOR_MANAGEMENT', 'WB_840_JUSTICE', 'WB_840_JUSTICE', 'WB_840_JUSTICE', 'WB_840_JUSTICE', 'WB_2473_DIPLOMACY_AND_NEGOTIATIONS', 'WB_2473_DIPLOMACY_AND_NEGOTIATIONS', 'WB_2473_DIPLOMACY_AND_NEGOTIATIONS', 'WB_2473_DIPLOMACY_AND_NEGOTIATIONS', 'WB_939_NEGOTIATION', 'WB_939_NEGOTIATION', 'WB_939_NEGOTIATION', 'WB_939_NEGOTIATION', 'WB_936_ALTERNATIVE_DISPUTE_RESOLUTION', 'WB_936_ALTERNATIVE_DISPUTE_RESOLUTION', 'WB_936_ALTERNATIVE_DISPUTE_RESOLUTION', 'WB_936_ALTERNATIVE_DISPUTE_RESOLUTION', 'WB_843_DISPUTE_RESOLUTION', 'WB_843_DISPUTE_RESOLUTION', 'WB_843_DISPUTE_RESOLUTION', 'WB_843_DISPUTE_RESOLUTION', 'TAX_FNCACT_VICE_PRESIDENT', 'TAX_WEAPONS_ARTILLERY', 'TAX_FNCACT_WOMAN', 'TAX_FNCACT_WOMAN', 'TAX_FNCACT_NAVY', 'TAX_FNCACT_AMBASSADORS', 'WB_2203_HUMAN_RIGHTS', 'WB_2519_RESPONSES_TO_HUMAN_RIGHTS_ABUSES', 'WB_2520_REPARATIONS', 'TAX_FNCACT_TROOPS', 'TAX_ETHNICITY_AMERICANS', 'TAX_FNCACT_LEADER', 'USPEC_UNCERTAINTY1', 'TAX_FNCACT_SECRETARY_OF_STATE', 'TAX_FNCACT_OFFICIAL', 'CRISISLEX_T11_UPDATESSYMPATHY', 'TAX_FNCACT_CHILDREN', 'TAX_WEAPONS_DESTROYERS', 'PROTEST', 'STRIKE', 'MANMADE_DISASTER_IMPLIED', 'WMD', 'WMD', 'TAX_FNCACT_ANALYSTS', 'ACT_YIELD', 'TAX_ETHNICITY_AMERICAN', 'LEADER', 'LEADER', 'LEADER', 'LEADER', 'TAX_FNCACT_PRESIDENT', 'TAX_FNCACT_PRESIDENT', 'TAX_FNCACT_PRESIDENT', 'TAX_FNCACT_PRESIDENT', 'USPEC_POLITICS_GENERAL1', 'USPEC_POLITICS_GENERAL1', 'USPEC_POLITICS_GENERAL1', 'USPEC_POLITICS_GENERAL1', 'TAX_FNCACT_OFFICIALS', 'CEASEFIRE', 'CEASEFIRE', 'CEASEFIRE', 'TAX_WEAPONS_WARSHIPS', 'TAX_WEAPONS_WARSHIPS', 'EDUCATION', 'SOC_POINTSOFINTEREST_SCHOOL', 'MILITARY', 'SANCTIONS', 'TAX_FNCACT_MEDIATOR', 'TAX_FNCACT_FOREIGN_MINISTER', 'TAX_RELIGION_ISLAMIC', 'NEGOTIATIONS', 'WB_2470_PEACE_OPERATIONS_AND_CONFLICT_MANAGEMENT', 'WB_2478_PEACE_PROCESSES_AND_DIALOGUE', 'WB_2432_FRAGILITY_CONFLICT_AND_VIOLENCE', 'WB_2471_PEACEKEEPING', 'ENV_MINING', 'TAX_FNCACT_NEGOTIATOR', 'TAX_FNCACT_SPOKESPERSON', 'WB_2490_NATIONAL_PROTECTION_AND_SECURITY', 'WB_2490_NATIONAL_PROTECTION_AND_SECURITY', 'TAX_FNCACT_MINISTER', 'TAX_FNCACT_MINISTER', 'TAX_FNCACT_MINISTER', 'EPU_UNCERTAINTY', 'TAX_MILITARY_TITLE_OFFICERS', 'TAX_MILITARY_TITLE_OFFICERS', 'TAX_FNCACT_OFFICERS', 'TAX_FNCACT_OFFICERS', 'TAX_FNCACT_PRIME_MINISTER', 'TAX_FNCACT_PRIME_MINISTER', 'TAX_ETHNICITY_IRANIAN', 'TAX_ETHNICITY_IRANIAN', 'TAX_ETHNICITY_IRANIAN', 'TAX_ETHNICITY_IRANIAN', 'TAX_FNCACT_SECRETARY', 'KILL', 'KILL', 'KILL', 'KILL', 'CRISISLEX_T03_DEAD', 'CRISISLEX_T03_DEAD', 'CRISISLEX_T03_DEAD', 'CRISISLEX_T03_DEAD', 'CRISISLEX_CRISISLEXREC', 'WB_678_DIGITAL_GOVERNMENT', 'WB_694_BROADCAST_AND_MEDIA', 'WB_133_INFORMATION_AND_COMMUNICATION_TECHNOLOGIES']",-2.5328330206379
20260412101500-111,20260412101500,aceshowbiz.com,https://www.aceshowbiz.com/news/view/00253446.html,"['ECON_DEBT', 'WB_1104_MACROECONOMIC_VULNERABILITY_AND_DEBT', 'WB_450_DEBT', 'UNGP_CRIME_VIOLENCE', 'IDEOLOGY', 'WB_1406_DISEASES', 'WB_1406_DISEASES', 'WB_1406_DISEASES', 'WB_1437_SOCIAL_DETERMINANTS_FOR_HEALTH', 'WB_1437_SOCIAL_DETERMINANTS_FOR_HEALTH', 'WB_1437_SOCIAL_DETERMINANTS_FOR_HEALTH', 'WB_1438_ALCOHOL_AND_SUBSTANCE_ABUSE', 'WB_1438_ALCOHOL_AND_SUBSTANCE_ABUSE', 'WB_1438_ALCOHOL_AND_SUBSTANCE_ABUSE', 'WB_621_HEALTH_NUTRITION_AND_POPULATION', 'WB_621_HEALTH_NUTRITION_AND_POPULATION', 'WB_621_HEALTH_NUTRITION_AND_POPULATION', 'WB_1427_NON_COMMUNICABLE_DISEASE_AND_INJURY', 'WB_1427_NON_COMMUNICABLE_DISEASE_AND_INJURY', 'WB_1427_NON_COMMUNICABLE_DISEASE_AND_INJURY', 'NATURAL_DISASTER_ICE', 'TAX_RELIGION_CHRISTIAN', 'TAX_ETHNICITY_CHRISTIAN', 'TAX_FNCACT_BABY', 'TAX_WEAPONS_GUNS', 'SOC_POINTSOFINTEREST_HIGH_SCHOOL', 'ARMEDCONFLICT', 'TAX_FNCACT_DEALER', 'TAX_FNCACT_DEALER', 'BORDER', 'CRISISLEX_T03_DEAD', 'CRISISLEX_T03_DEAD', 'MEDICAL', 'TAX_FNCACT_SURGEON', 'TAX_FNCACT_COWBOY', 'TAX_FNCACT_VICTIM', 'TAX_FNCACT_FATHER', 'TAX_FNCACT_FATHER', 'ARREST', 'TAX_FNCACT_MANAGER', 'LGBT', 'SOC_POINTSOFINTEREST_PRISON', 'WB_2495_DETENTION_PRISON_AND_CORRECTIONS_REFORM', 'WB_2470_PEACE_OPERATIONS_AND_CONFLICT_MANAGEMENT', 'WB_2490_NATIONAL_PROTECTION_AND_SECURITY', 'SOC_INNOVATION', 'CRISISLEX_CRISISLEXREC', 'KILL', 'UNGP_FORESTS_RIVERS_OCEANS', 'TAX_ETHNICITY_AMERICAN', 'TAX_ETHNICITY_AMERICAN', 'TAX_ETHNICITY_AMERICAN', 'TAX_ETHNICITY_AMERICAN', 'TAX_FNCACT_HUNTER', 'SOC_GENERALCRIME', 'EPU_CATS_MIGRATION_FEAR_FEAR', 'TAX_FNCACT_FUNERAL_DIRECTOR', 'SECURITY_SERVICES', 'TAX_FNCACT_POLICE', 'CRISISLEX_C07_SAFETY', 'TAX_FNCACT_DIRECTOR', 'TAX_FNCACT_DIRECTOR', 'SMUGGLING', 'TAX_FNCACT_ASSISTANT', 'WB_1160_SHOCKS_AND_VULNERABILITY', 'WB_1160_SHOCKS_AND_VULNERABILITY', 'WB_695_POVERTY', 'WB_695_POVERTY', 'MANMADE_DISASTER_IMPLIED', 'WB_135_TRANSPORT', 'DRUG_TRADE', 'DRUG_TRADE', 'DRUG_TRADE', 'WB_1331_HEALTH_TECHNOLOGIES', 'WB_1331_HEALTH_TECHNOLOGIES', 'WB_1331_HEALTH_TECHNOLOGIES', 'WB_2453_ORGANIZED_CRIME', 'WB_2453_ORGANIZED_CRIME', 'WB_2453_ORGANIZED_CRIME', 'WB_1350_PHARMACEUTICALS', 'WB_1350_PHARMACEUTICALS', 'WB_1350_PHARMACEUTICALS', 'WB_2433_CONFLICT_AND_VIOLENCE', 'WB_2433_CONFLICT_AND_VIOLENCE', 'WB_2433_CONFLICT_AND_VIOLENCE', 'WB_2432_FRAGILITY_CONFLICT_AND_VIOLENCE', 'WB_2432_FRAGILITY_CONFLICT_AND_VIOLENCE', 'WB_2432_FRAGILITY_CONFLICT_AND_VIOLENCE', 'WB_2456_DRUGS_AND_NARCOTICS', 'WB_2456_DRUGS_AND_NARCOTICS', 'WB_2456_DRUGS_AND_NARCOTICS', 'EDUCATION', 'EDUCATION', 'SOC_POINTSOFINTEREST_SCHOOL', 'SOC_POINTSOFINTEREST_SCHOOL', 'TAX_WORLDMAMMALS_DOG', 'TAX_WORLDMAMMALS_DOG']",-6.19834710743802
20260412101500-112,20260412101500,lamarledger.com,https://www.lamarledger.com/2026/04/10/looser-banking-rules-cheaper-loans/,"['PRIVATIZATION', 'ECON_DEREGULATION', 'WB_728_PUBLIC_SERVICE_DELIVERY', 'WB_1283_PRIVATIZATION', 'WB_723_PUBLIC_ADMINISTRATION', 'WB_721_STATE_OWNED_ENTERPRISES', 'EPU_POLICY_REFORM', 'EPU_POLICY_REFORM', 'TAX_ETHNICITY_AMERICAN', 'TAX_ETHNICITY_AMERICAN', 'UNGP_CRIME_VIOLENCE', 'TAX_FNCACT_COMPTROLLER', 'WB_615_GENDER', 'WB_919_GENDER_AND_HUMAN_DEVELOPMENT', 'WB_1466_SOCIAL_ASSISTANCE', 'WB_921_SAFETY_NETS', 'WB_697_SOCIAL_PROTECTION_AND_LABOR', 'CRISISLEX_CRISISLEXREC', 'CRISISLEX_CRISISLEXREC', 'CRISISLEX_CRISISLEXREC', 'CRISISLEX_CRISISLEXREC', 'CRISISLEX_CRISISLEXREC', 'CRISISLEX_CRISISLEXREC', 'CRISISLEX_CRISISLEXREC', 'CRISISLEX_CRISISLEXREC', 'CRISISLEX_CRISISLEXREC', 'EPU_POLICY_POLICY', 'EPU_POLICY_POLICY', 'WB_698_TRADE', 'TAX_ECON_PRICE', 'ARMEDCONFLICT', 'EPU_CATS_NATIONAL_SECURITY', 'EPU_CATS_REGULATION', 'EPU_CATS_REGULATION', 'EPU_CATS_REGULATION', 'EPU_CATS_REGULATION', 'EPU_CATS_REGULATION', 'EPU_CATS_FINANCIAL_REGULATION', 'EPU_CATS_FINANCIAL_REGULATION', 'EPU_CATS_FINANCIAL_REGULATION', 'EPU_CATS_FINANCIAL_REGULATION', 'EPU_CATS_FINANCIAL_REGULATION', 'EPU_POLICY_FEDERAL_RESERVE', 'EPU_POLICY_FEDERAL_RESERVE', 'EPU_POLICY_FEDERAL_RESERVE', 'EPU_CATS_MONETARY_POLICY', 'EPU_CATS_MONETARY_POLICY', 'EPU_CATS_MONETARY_POLICY', 'GENERAL_GOVERNMENT', 'EPU_POLICY_GOVERNMENT', 'AFFECT', 'AFFECT', 'TAX_FNCACT_ANALYST', 'WB_471_ECONOMIC_GROWTH', 'WB_471_ECONOMIC_GROWTH', 'USPEC_UNCERTAINTY1', 'USPEC_UNCERTAINTY1', 'TAX_FNCACT_DIRECTOR', 'EPU_ECONOMY_HISTORIC', 'EPU_ECONOMY_HISTORIC', 'EPU_ECONOMY_HISTORIC', 'EPU_ECONOMY_HISTORIC', 'EPU_ECONOMY_HISTORIC', 'EPU_ECONOMY_HISTORIC', 'ECON_HOUSING_PRICES', 'WB_336_NON_BANK_FINANCIAL_INSTITUTIONS', 'WB_336_NON_BANK_FINANCIAL_INSTITUTIONS', 'WB_336_NON_BANK_FINANCIAL_INSTITUTIONS', 'WB_336_NON_BANK_FINANCIAL_INSTITUTIONS', 'WB_1920_FINANCIAL_SECTOR_DEVELOPMENT', 'WB_1920_FINANCIAL_SECTOR_DEVELOPMENT', 'WB_1920_FINANCIAL_SECTOR_DEVELOPMENT', 'WB_1920_FINANCIAL_SECTOR_DEVELOPMENT', 'WB_612_HOUSING_FINANCE', 'WB_612_HOUSING_FINANCE', 'WB_612_HOUSING_FINANCE', 'WB_612_HOUSING_FINANCE', 'WB_332_CAPITAL_MARKETS', 'WB_332_CAPITAL_MARKETS', 'WB_332_CAPITAL_MARKETS', 'WB_332_CAPITAL_MARKETS', 'MEDIA_MSM', 'TAX_FNCACT_JOURNALIST', 'WB_1098_MONETARY_AND_FINANCIAL_STABILITY', 'WB_1096_MACROECONOMIC_SUSTAINABILITY', 'WB_1100_SUSTAINABLE_GROWTH', 'EPU_CATS_MIGRATION_FEAR_FEAR', 'FUELPRICES', 'TAX_ETHNICITY_AMERICANS', 'TAX_ETHNICITY_AMERICANS', 'TAX_ETHNICITY_AMERICANS', 'TAX_ETHNICITY_AMERICANS', 'TAX_FNCACT_AUTHOR', 'TAX_FNCACT_REGULATOR', 'ECON_DEBT', 'WB_1104_MACROECONOMIC_VULNERABILITY_AND_DEBT', 'WB_450_DEBT', 'WB_696_PUBLIC_SECTOR_MANAGEMENT', 'WB_831_GOVERNANCE', 'WB_838_PUBLIC_ACCOUNTABILITY_MECHANISMS', 'TAX_FNCACT_REGULATORS', 'TAX_FNCACT_REGULATORS', 'TAX_FNCACT_ANALYSTS', 'WB_1160_SHOCKS_AND_VULNERABILITY', 'WB_1160_SHOCKS_AND_VULNERABILITY', 'WB_1160_SHOCKS_AND_VULNERABILITY', 'WB_1160_SHOCKS_AND_VULNERABILITY', 'WB_695_POVERTY', 'WB_695_POVERTY', 'WB_695_POVERTY', 'WB_695_POVERTY', 'CRISISLEX_T11_UPDATESSYMPATHY', 'EPU_POLICY_REGULATORY', 'EPU_POLICY_REGULATORY', 'EPU_POLICY_REGULATORY', 'CRISISLEX_T01_CAUTION_ADVICE', 'EPU_POLICY_REGULATION', 'USPEC_POLICY1', 'USPEC_POLICY1', 'USPEC_POLICY1', 'USPEC_POLICY1', 'USPEC_POLICY1', 'USPEC_POLICY1', 'EPU_ECONOMY', 'EPU_ECONOMY', 'EPU_ECONOMY', 'EPU_ECONOMY', 'EPU_ECONOMY', 'EPU_ECONOMY']",-2.75319567354966
20260412101500-113,20260412101500,pakistantoday.com.pk,https://www.pakistantoday.com.pk/2026/04/12/kp-outsources-500-low-performing-primary-schools-to-private-partners,"['TAX_FNCACT_AUTHORITIES', 'CRISISLEX_CRISISLEXREC', 'EPU_POLICY_AUTHORITIES', 'WB_2131_EMPLOYABILITY_SKILLS_AND_JOBS', 'WB_1484_EDUCATION_SKILLS_DEVELOPMENT_AND_LABOR_MARKET', 'UNGP_CRIME_VIOLENCE', 'WB_481_SECONDARY_EDUCATION', 'WB_478_LEVELS_OF_EDUCATION', 'WB_1499_PARENT_FAMILY_COMMUNITY_INVOLVEMENT_IN_EDUCATION', 'WB_2139_COMMUNITY_OUTREACH', 'WB_1497_EDUCATION_MANAGEMENT_AND_ADMINISTRATION', 'GENERAL_GOVERNMENT', 'GENERAL_GOVERNMENT', 'GENERAL_GOVERNMENT', 'EPU_POLICY_GOVERNMENT', 'EPU_POLICY_GOVERNMENT', 'EPU_POLICY_GOVERNMENT', 'WB_137_WATER', 'WB_1458_HEALTH_PROMOTION_AND_DISEASE_PREVENTION', 'WB_1462_WATER_SANITATION_AND_HYGIENE', 'WB_635_PUBLIC_HEALTH', 'WB_621_HEALTH_NUTRITION_AND_POPULATION', 'TAX_FNCACT_WATCHMAN', 'GENERAL_HEALTH', 'WATER_SECURITY', 'UNGP_CLEAN_WATER_SANITATION', 'RURAL', 'RECRUITMENT', 'TAX_FNCACT_OFFICIALS', 'TAX_FNCACT_OFFICIALS', 'TAX_FNCACT_OFFICIALS', 'TAX_FNCACT_OFFICIALS', 'TAX_FNCACT_OFFICIALS', 'TAX_FNCACT_OFFICIALS', 'TAX_FNCACT_OFFICIALS', 'EDUCATION', 'EDUCATION', 'EDUCATION', 'EDUCATION', 'EDUCATION', 'EDUCATION', 'EDUCATION', 'EDUCATION', 'EDUCATION', 'WB_470_EDUCATION', 'WB_470_EDUCATION', 'WB_470_EDUCATION', 'WB_470_EDUCATION', 'WB_470_EDUCATION', 'WB_470_EDUCATION', 'WB_470_EDUCATION', 'WB_470_EDUCATION', 'WB_470_EDUCATION', 'TAX_FNCACT_FACULTY', 'MANMADE_DISASTER_IMPLIED', 'MANMADE_DISASTER_IMPLIED', 'MANMADE_DISASTER_IMPLIED', 'MANMADE_DISASTER_IMPLIED', 'MANMADE_DISASTER_IMPLIED', 'SOC_POINTSOFINTEREST_SCHOOL', 'SOC_POINTSOFINTEREST_SCHOOL', 'SOC_POINTSOFINTEREST_SCHOOL', 'SOC_POINTSOFINTEREST_SCHOOL', 'SOC_POINTSOFINTEREST_SCHOOL', 'TAX_FNCACT_STUDENTS', 'TAX_FNCACT_STUDENTS', 'TAX_FNCACT_STUDENTS', 'TAX_FNCACT_STUDENTS', 'UNGP_EDUCATION', 'UNGP_EDUCATION', 'SOC_POINTSOFINTEREST_SCHOOLS', 'SOC_POINTSOFINTEREST_SCHOOLS', 'SOC_POINTSOFINTEREST_SCHOOLS', 'SOC_POINTSOFINTEREST_SCHOOLS', 'SOC_POINTSOFINTEREST_SCHOOLS', 'SOC_POINTSOFINTEREST_SCHOOLS', 'SOC_POINTSOFINTEREST_SCHOOLS', 'SOC_POINTSOFINTEREST_SCHOOLS', 'SOC_POINTSOFINTEREST_SCHOOLS', 'SOC_POINTSOFINTEREST_SCHOOLS', 'SOC_POINTSOFINTEREST_SCHOOLS', 'TAX_FNCACT_STUDENT', 'TAX_FNCACT_STUDENT', 'TAX_FNCACT_STUDENT', 'TAX_FNCACT_STUDENT', 'UNGP_FORESTS_RIVERS_OCEANS', 'TAX_FNCACT_OFFICIAL', 'TAX_FNCACT_OFFICIAL', 'TAX_FNCACT_CHILDREN', 'WB_1467_EDUCATION_FOR_ALL', 'WB_491_QUALITY_OF_EDUCATION', 'WB_2129_TEXTBOOKS', 'ENV_SOLAR']",2.26480836236934
20260412101500-114,20260412101500,jpost.com,https://www.jpost.com/israel-news/politics-and-diplomacy/article-892669,"['EPU_CATS_MIGRATION_FEAR_FEAR', 'TAX_FNCACT_MINISTER', 'TAX_FNCACT_MINISTER', 'TAX_FNCACT_MINISTER', 'TAX_FNCACT_MINISTER', 'TAX_FNCACT_MINISTER', 'TAX_FNCACT_MINISTER', 'TAX_FNCACT_MINISTER', 'TAX_FNCACT_MINISTER', 'WB_696_PUBLIC_SECTOR_MANAGEMENT', 'WB_840_JUSTICE', 'WB_831_GOVERNANCE', 'WB_838_PUBLIC_ACCOUNTABILITY_MECHANISMS', 'UNGP_FORESTS_RIVERS_OCEANS', 'PROTEST', 'PROTEST', 'WB_845_LEGAL_AND_REGULATORY_FRAMEWORK', 'WB_1102_ADMINISTRATIVE_LAW', 'WB_1896_FUNDAMENTAL_AREAS_OF_THE_LAW', 'EPU_POLICY_POLITICAL', 'EPU_POLICY_POLITICAL', 'WB_2470_PEACE_OPERATIONS_AND_CONFLICT_MANAGEMENT', 'WB_2432_FRAGILITY_CONFLICT_AND_VIOLENCE', 'WB_2490_NATIONAL_PROTECTION_AND_SECURITY', 'EPU_CATS_NATIONAL_SECURITY', 'LEADER', 'LEADER', 'LEADER', 'LEADER', 'TAX_FNCACT_PRIME_MINISTER', 'TAX_FNCACT_PRIME_MINISTER', 'TAX_FNCACT_PRIME_MINISTER', 'TAX_FNCACT_PRIME_MINISTER', 'APPOINTMENT', 'ACT_MAKESTATEMENT', 'TAX_FNCACT_EXECUTIVE', 'LEGISLATION', 'LEGISLATION', 'EPU_POLICY_LAW', 'EPU_POLICY_LAW', 'DEMOCRACY', 'GENERAL_GOVERNMENT', 'GENERAL_GOVERNMENT', 'GENERAL_GOVERNMENT', 'GENERAL_GOVERNMENT', 'GENERAL_GOVERNMENT', 'GENERAL_GOVERNMENT', 'GENERAL_GOVERNMENT', 'GENERAL_GOVERNMENT', 'EPU_POLICY_GOVERNMENT', 'EPU_POLICY_GOVERNMENT', 'EPU_POLICY_GOVERNMENT', 'EPU_POLICY_GOVERNMENT', 'EPU_POLICY_GOVERNMENT', 'EPU_POLICY_GOVERNMENT', 'EPU_POLICY_GOVERNMENT', 'EPU_POLICY_GOVERNMENT', 'USPEC_POLICY1', 'USPEC_POLICY1', 'EPU_POLICY_BUDGET', 'EPU_POLICY_BUDGET', 'EPU_POLICY_POLICY', 'EPU_POLICY_POLICY', 'EPU_POLICY_POLICY', 'EPU_POLICY_POLICY', 'REBELLION', 'SECURITY_SERVICES', 'SECURITY_SERVICES', 'SECURITY_SERVICES', 'SECURITY_SERVICES', 'SECURITY_SERVICES', 'SECURITY_SERVICES', 'SECURITY_SERVICES', 'SECURITY_SERVICES', 'SECURITY_SERVICES', 'SECURITY_SERVICES', 'TAX_FNCACT_POLICE', 'TAX_FNCACT_POLICE', 'TAX_FNCACT_POLICE', 'TAX_FNCACT_POLICE', 'TAX_FNCACT_POLICE', 'TAX_FNCACT_POLICE', 'TAX_FNCACT_POLICE', 'TAX_FNCACT_POLICE', 'TAX_FNCACT_POLICE', 'TAX_FNCACT_POLICE', 'SELF_IDENTIFIED_HUMANITARIAN_CRISIS', 'AID_HUMANITARIAN', 'TAX_MILITARY_TITLE_SUPERINTENDENT', 'TAX_FNCACT_SUPERINTENDENT', 'CRISISLEX_CRISISLEXREC', 'TAX_FNCACT_MINISTERS', 'CRISISLEX_C07_SAFETY', 'CONSTITUTIONAL', 'CONSTITUTIONAL', 'CONSTITUTIONAL', 'CONSTITUTIONAL', 'TRANSPARENCY', 'TAX_FNCACT_OFFICIALS', 'TAX_FNCACT_OFFICIALS']",-7.01107011070111
20260412101500-115,20260412101500,abc7news.com,https://abc7news.com/post/san-jose-sharks-playoff-hopes-slim-4-3-shootout-loss/18873919/,[],-1.26182965299685
20260412101500-116,20260412101500,wordpress.com,https://wordpress.com/blog/2026/04/12/changelog-telegram-newsletter/,"['EPU_ECONOMY_HISTORIC', 'MEDIA_SOCIAL', 'MEDIA_SOCIAL', 'MEDIA_SOCIAL', 'MEDIA_SOCIAL', 'MEDIA_SOCIAL', 'MEDIA_SOCIAL', 'MEDIA_SOCIAL', 'MEDIA_SOCIAL', 'MEDIA_SOCIAL', 'MEDIA_SOCIAL', 'DELAY', 'TAX_FNCACT_AGENT', 'TAX_FNCACT_AGENT', 'TAX_FNCACT_AGENT', 'TAX_FNCACT_EDITOR', 'TAX_WORLDLANGUAGES_POLISH']",1.03950103950104
20260412101500-117,20260412101500,teamtalk.com,https://www.teamtalk.com/arsenal/fans-slammed-mikel-arteta-sack-calls-demanding-martin-zubimendi-dropped,[],0.8
20260412101500-118,20260412101500,iranherald.com,http://www.iranherald.com/news/278978000/pope-leo-again-calls-for-an-end-to-u-s-israel-war-in-iran,"['TAX_ETHNICITY_IRANIAN', 'TAX_FNCACT_POPE', 'TAX_FNCACT_POPE', 'TAX_FNCACT_POPE', 'AFFECT', 'CRISISLEX_CRISISLEXREC', 'TAX_FNCACT_OFFICIALS', 'TAX_FNCACT_PRIESTS', 'TAX_FNCACT_LEADERS', 'TAX_FNCACT_LEADERS', 'TAX_FNCACT_LEADERS', 'TAX_FNCACT_LEADERS', 'EPU_POLICY_POLITICAL', 'CEASEFIRE', 'CRISISLEX_T11_UPDATESSYMPATHY', 'CRISISLEX_T11_UPDATESSYMPATHY', 'CRISISLEX_T11_UPDATESSYMPATHY', 'RELIGION', 'RELIGION', 'TAX_RELIGION_CHRISTIAN', 'TAX_RELIGION_CHRISTIAN', 'TAX_ETHNICITY_CHRISTIAN', 'TAX_ETHNICITY_CHRISTIAN', 'WB_2433_CONFLICT_AND_VIOLENCE', 'WB_2433_CONFLICT_AND_VIOLENCE', 'WB_2432_FRAGILITY_CONFLICT_AND_VIOLENCE', 'WB_2432_FRAGILITY_CONFLICT_AND_VIOLENCE', 'UNGP_CRIME_VIOLENCE', 'UNGP_CRIME_VIOLENCE', 'TAX_TERROR_GROUP_HEZBOLLAH', 'TAX_POLITICAL_PARTY_HEZBOLLAH', 'ARMEDCONFLICT', 'ARMEDCONFLICT', 'ARMEDCONFLICT', 'ARMEDCONFLICT', 'ARMEDCONFLICT', 'ARMEDCONFLICT', 'ARMEDCONFLICT', 'ARMEDCONFLICT', 'EPU_CATS_NATIONAL_SECURITY', 'EPU_CATS_NATIONAL_SECURITY', 'EPU_CATS_NATIONAL_SECURITY', 'EPU_CATS_NATIONAL_SECURITY', 'EPU_CATS_NATIONAL_SECURITY', 'EPU_CATS_NATIONAL_SECURITY', 'EPU_CATS_NATIONAL_SECURITY', 'EPU_CATS_NATIONAL_SECURITY', 'UNREST_BELLIGERENT', 'TAX_FNCACT_DIPLOMAT', 'LEADER', 'TAX_FNCACT_POLITICAL_LEADERS']",-3.98936170212766
20260412101500-119,20260412101500,theadvocate.com.au,https://www.theadvocate.com.au/story/9216082/cheddar-village-uncover-the-real-home-of-global-cheese/,"['SOC_POINTSOFINTEREST_AIRPORT', 'WB_1803_TRANSPORT_INFRASTRUCTURE', 'WB_1804_AIRPORTS', 'TAX_FNCACT_CHILDREN', 'TOURISM', 'TOURISM', 'TAX_FNCACT_TOURISTS', 'TAX_FNCACT_TOURISTS', 'TAX_FNCACT_VICTIM', 'TAX_ETHNICITY_ENGLISH', 'TAX_WORLDLANGUAGES_ENGLISH', 'ARMEDCONFLICT', 'AGRICULTURE', 'TAX_FNCACT_FARMERS', 'TAX_ETHNICITY_TURKISH', 'TAX_WORLDLANGUAGES_TURKISH', 'TAX_FNCACT_BABY', 'TAX_FNCACT_WORKERS', 'UNGP_FORESTS_RIVERS_OCEANS', 'WB_135_TRANSPORT', 'WB_135_TRANSPORT', 'WB_1331_HEALTH_TECHNOLOGIES', 'WB_1358_GENERIC_DRUGS', 'WB_1350_PHARMACEUTICALS', 'PUBLIC_TRANSPORT', 'SCIENCE', 'NATURAL_DISASTER_BLIZZARD', 'EPU_ECONOMY_HISTORIC', 'TAX_WORLDMAMMALS_HUMAN', 'TAX_FNCACT_ASSISTANT', 'WB_621_HEALTH_NUTRITION_AND_POPULATION', 'WB_1448_DEMOGRAPHIC_CHANGE', 'WB_643_AGING_POPULATION', 'TAX_ECON_PRICE', 'TAX_ECON_PRICE', 'TAX_FNCACT_FARMER', 'TAX_FNCACT_MAN', 'TAX_FNCACT_MAN', 'TAX_FNCACT_TOURIST', 'TAX_FOODSTAPLES_MILK', 'TAX_FOODSTAPLES_MILK', 'TAX_FOODSTAPLES_MILK']",0.8
20260412101500-120,20260412101500,aceshowbiz.com,https://www.aceshowbiz.com/news/view/00253450.html,"['TAX_FNCACT_CRIMINAL', 'TAX_FNCACT_CRIMINAL', 'TAX_FNCACT_CRIMINAL', 'TAX_FNCACT_CRIMINAL', 'TAX_FNCACT_CRIMINAL']",-5.58375634517767
20260412101500-121,20260412101500,pedestrian.tv,https://www.pedestrian.tv/news/matt-canavan-taliban-joke-nationals/,"['EPU_POLICY_GOVERNMENT', 'TAX_ETHNICITY_AUSTRALIAN', 'TAX_ETHNICITY_AUSTRALIAN', 'TAX_ETHNICITY_AUSTRALIAN', 'TAX_ETHNICITY_AUSTRALIAN', 'TAX_ETHNICITY_AUSTRALIAN', 'ENV_CLIMATECHANGE', 'WB_567_CLIMATE_CHANGE', 'CRISISLEX_CRISISLEXREC', 'USPEC_POLICY1', 'EPU_POLICY_POLICY', 'MEDIA_SOCIAL', 'MEDIA_SOCIAL', 'MEDIA_SOCIAL', 'TAX_FNCACT_DEPUTY', 'CRISISLEX_T11_UPDATESSYMPATHY', 'CRISISLEX_T11_UPDATESSYMPATHY', 'TAX_MILITARY_TITLE_CHIEF_OF_STAFF', 'TAX_FNCACT_CHIEF_OF_STAFF', 'ARMEDCONFLICT', 'TAX_FNCACT_DIGGERS', 'UNGP_CLIMATE_CHANGE_ACTION', 'EPU_CATS_MIGRATION_FEAR_FEAR', 'EPU_CATS_NATIONAL_SECURITY', 'TAX_ETHNICITY_AUSTRALIANS', 'TAX_ETHNICITY_AUSTRALIANS', 'TAX_ETHNICITY_AUSTRALIANS', 'UNGP_FORESTS_RIVERS_OCEANS', 'UNGP_FORESTS_RIVERS_OCEANS', 'SCANDAL', 'SOC_SLAVERY', 'WB_2507_HUMAN_RIGHTS_ABUSES_AND_VIOLATIONS', 'WB_2203_HUMAN_RIGHTS', 'WB_2511_SLAVERY', 'TAX_FNCACT_BACKBENCHER', 'WB_2024_ANTI_CORRUPTION_AUTHORITIES', 'WB_696_PUBLIC_SECTOR_MANAGEMENT', 'WB_840_JUSTICE', 'WB_2025_INVESTIGATION', 'WB_831_GOVERNANCE', 'WB_832_ANTI_CORRUPTION', 'WB_1014_CRIMINAL_JUSTICE', 'TAX_FNCACT_CHIEF', 'TAX_FNCACT_LEADER', 'TAX_FNCACT_LEADER', 'KILL', 'WB_2433_CONFLICT_AND_VIOLENCE', 'WB_2432_FRAGILITY_CONFLICT_AND_VIOLENCE', 'GENERAL_GOVERNMENT', 'TAX_WORLDLANGUAGES_AFGHAN', 'TAX_FNCACT_SENATOR', 'TAX_FNCACT_SENATOR', 'TAX_FNCACT_SENATOR', 'USPEC_POLITICS_GENERAL1', 'USPEC_POLITICS_GENERAL1', 'USPEC_POLITICS_GENERAL1', 'HUMAN_TRAFFICKING', 'RAPE', 'POLITICAL_TURMOIL', 'TAX_TERROR_GROUP_TALIBAN', 'TAX_TERROR_GROUP_TALIBAN', 'TAX_TERROR_GROUP_TALIBAN', 'TAX_TERROR_GROUP_TALIBAN', 'TAX_FNCACT_CHILDREN', 'TAX_FNCACT_WOMEN', 'TAX_FNCACT_WOMEN']",-4.92753623188406
20260412101500-122,20260412101500,limerickleader.ie,https://www.limerickleader.ie/news/home/2058180/gardai-to-spend-22-million-on-food-for-members-ryder-cup-policing-and-hundreds-more-events.html,"['TAX_ECON_PRICE', 'AGRICULTURE', 'AGRICULTURE', 'TAX_MILITARY_TITLE_CAPTAIN', 'TAX_FNCACT_CAPTAIN', 'USPEC_POLICY1', 'EPU_POLICY_POLICY', 'TAX_ETHNICITY_IRISH', 'TAX_WORLDLANGUAGES_IRISH', 'UNGP_FORESTS_RIVERS_OCEANS', 'SECURITY_SERVICES', 'SECURITY_SERVICES', 'TAX_FNCACT_POLICE', 'TAX_FNCACT_POLICE', 'CRISISLEX_C07_SAFETY', 'CRISISLEX_C07_SAFETY', 'WB_170_AGRICULTURAL_POLICIES', 'WB_435_AGRICULTURE_AND_FOOD_SECURITY', 'TAX_WORLDLANGUAGES_ADARE', 'TAX_WORLDLANGUAGES_ADARE', 'WB_137_WATER']",0.541516245487365
20260412101500-123,20260412101500,dailypioneer.com,https://dailypioneer.com/news/iran-opens-us-talks-with-sombre-tribute-to-minab-168,"['WB_2024_ANTI_CORRUPTION_AUTHORITIES', 'WB_2025_INVESTIGATION', 'WB_831_GOVERNANCE', 'WB_832_ANTI_CORRUPTION', 'WB_1014_CRIMINAL_JUSTICE', 'GENERAL_GOVERNMENT', 'WB_2433_CONFLICT_AND_VIOLENCE', 'TAX_FNCACT_MINISTER', 'TAX_ETHNICITY_AMERICANS', 'EPU_POLICY_POLITICAL', 'TAX_FNCACT_CHILDREN', 'TAX_FNCACT_CHILDREN', 'TAX_FNCACT_CHILDREN', 'TAX_FNCACT_CHILDREN', 'PROTEST', 'STRIKE', 'TAX_ETHNICITY_IRANIAN', 'TAX_ETHNICITY_IRANIAN', 'KILL', 'CRISISLEX_T03_DEAD', 'TAX_ECON_PRICE', 'TAX_FNCACT_COMPANIONS', 'TAX_ETHNICITY_AMERICAN', 'TAX_FNCACT_VICTIMS', 'CRISISLEX_CRISISLEXREC', 'CRISISLEX_T08_MISSINGFOUNDTRAPPEDPEOPLE', 'TAX_FNCACT_SPEAKER', 'EDUCATION', 'EDUCATION', 'EDUCATION', 'MANMADE_DISASTER_IMPLIED', 'MANMADE_DISASTER_IMPLIED', 'MANMADE_DISASTER_IMPLIED', 'SOC_POINTSOFINTEREST_SCHOOL', 'SOC_POINTSOFINTEREST_SCHOOL', 'SOC_POINTSOFINTEREST_SCHOOL', 'CEASEFIRE', 'TAX_FNCACT_OFFICIALS', 'TAX_FNCACT_OFFICIALS', 'TRANSPARENCY', 'TAX_WORLDMAMMALS_HUMAN', 'NEGOTIATIONS', 'NEGOTIATIONS', 'NEGOTIATIONS', 'WB_696_PUBLIC_SECTOR_MANAGEMENT', 'WB_696_PUBLIC_SECTOR_MANAGEMENT', 'WB_696_PUBLIC_SECTOR_MANAGEMENT', 'WB_840_JUSTICE', 'WB_840_JUSTICE', 'WB_840_JUSTICE', 'WB_939_NEGOTIATION', 'WB_939_NEGOTIATION', 'WB_939_NEGOTIATION', 'WB_936_ALTERNATIVE_DISPUTE_RESOLUTION', 'WB_936_ALTERNATIVE_DISPUTE_RESOLUTION', 'WB_936_ALTERNATIVE_DISPUTE_RESOLUTION', 'WB_843_DISPUTE_RESOLUTION', 'WB_843_DISPUTE_RESOLUTION', 'WB_843_DISPUTE_RESOLUTION', 'WB_2203_HUMAN_RIGHTS', 'WB_2482_RECONCILIATION', 'WB_2519_RESPONSES_TO_HUMAN_RIGHTS_ABUSES', 'WB_2473_DIPLOMACY_AND_NEGOTIATIONS', 'WB_2470_PEACE_OPERATIONS_AND_CONFLICT_MANAGEMENT', 'WB_2432_FRAGILITY_CONFLICT_AND_VIOLENCE', 'WB_2471_PEACEKEEPING', 'MILITARY', 'TAX_FNCACT_NAVY', 'TAX_FNCACT_FOREIGN_MINISTER']",-3.6231884057971
20260412101500-124,20260412101500,post-journal.com,https://www.post-journal.com/opinion/local-commentaries/2026/04/the-hap-happiest-time-of-the-year/,[],1.52460152460152
20260412101500-125,20260412101500,malverngazette.co.uk,https://www.malverngazette.co.uk/news/national/26014009.dublin-fuel-protesters-ambushed-late-night-garda-operation-spokesman-says/,"['ARREST', 'DISASTER_FIRE', 'CRISISLEX_T01_CAUTION_ADVICE', 'TAX_FNCACT_REPRESENTATIVE', 'LEGISLATION', 'EPU_POLICY_LAW', 'TAX_FNCACT_EXECUTIVE', 'TAX_FNCACT_WORKERS', 'CRISISLEX_O01_WEATHER', 'GENERAL_HEALTH', 'WB_635_PUBLIC_HEALTH', 'WB_2165_HEALTH_EMERGENCIES', 'WB_621_HEALTH_NUTRITION_AND_POPULATION', 'WB_1324_EMERGENCY_MEDICAL_SERVICES', 'MILITARY', 'TAX_FNCACT_CHIEF', 'EDUCATION', 'SOC_POINTSOFINTEREST_SCHOOLS', 'TAX_FNCACT_CHIEF_EXECUTIVE', 'TAX_FNCACT_COMMISSIONER', 'TAX_FNCACT_COMMISSIONER', 'RURAL', 'MANMADE_DISASTER_IMPLIED', 'MANMADE_DISASTER_IMPLIED', 'MANMADE_DISASTER_IMPLIED', 'WB_539_OIL_AND_GAS_POLICY_STRATEGY_AND_INSTITUTIONS', 'WB_539_OIL_AND_GAS_POLICY_STRATEGY_AND_INSTITUTIONS', 'WB_539_OIL_AND_GAS_POLICY_STRATEGY_AND_INSTITUTIONS', 'WB_507_ENERGY_AND_EXTRACTIVES', 'WB_507_ENERGY_AND_EXTRACTIVES', 'WB_507_ENERGY_AND_EXTRACTIVES', 'WB_548_PPP_IN_OIL_AND_GAS', 'WB_548_PPP_IN_OIL_AND_GAS', 'WB_548_PPP_IN_OIL_AND_GAS', 'WB_2298_REFINERIES', 'WB_2298_REFINERIES', 'WB_2298_REFINERIES', 'UNGP_CRIME_VIOLENCE', 'TAX_FNCACT_SPOKESWOMAN', 'MEDIA_SOCIAL', 'WB_652_ICT_APPLICATIONS', 'WB_662_SOCIAL_MEDIA', 'WB_658_ENTERPRISE_APPLICATIONS', 'EPU_ECONOMY_HISTORIC', 'GENERAL_GOVERNMENT', 'GENERAL_GOVERNMENT', 'GENERAL_GOVERNMENT', 'GENERAL_GOVERNMENT', 'GENERAL_GOVERNMENT', 'GENERAL_GOVERNMENT', 'EPU_POLICY_GOVERNMENT', 'EPU_POLICY_GOVERNMENT', 'EPU_POLICY_GOVERNMENT', 'EPU_POLICY_GOVERNMENT', 'EPU_POLICY_GOVERNMENT', 'EPU_POLICY_GOVERNMENT', 'TAX_ECON_PRICE', 'TAX_ECON_PRICE', 'TAX_ECON_PRICE', 'TAX_FNCACT_SPOKESMEN', 'TAX_FNCACT_MINISTERS', 'CRISISLEX_CRISISLEXREC', 'CRISISLEX_CRISISLEXREC', 'CRISISLEX_O02_RESPONSEAGENCIESATCRISIS', 'UNGP_FORESTS_RIVERS_OCEANS', 'UNGP_FORESTS_RIVERS_OCEANS', 'UNGP_FORESTS_RIVERS_OCEANS', 'TAX_MILITARY_TITLE_OFFICERS', 'TAX_FNCACT_OFFICERS', 'WB_678_DIGITAL_GOVERNMENT', 'WB_694_BROADCAST_AND_MEDIA', 'WB_133_INFORMATION_AND_COMMUNICATION_TECHNOLOGIES', 'BLOCKADE', 'BLOCKADE', 'BLOCKADE', 'BLOCKADE', 'BLOCKADE', 'SEIGE', 'SEIGE', 'SEIGE', 'SEIGE', 'SEIGE', 'ALLIANCE', 'ALLIANCE', 'TAX_FNCACT_STREET_CLEANERS', 'PROTEST', 'PROTEST', 'PROTEST', 'PROTEST', 'PROTEST', 'PROTEST', 'PROTEST', 'WB_135_TRANSPORT', 'WB_135_TRANSPORT', 'ARMEDCONFLICT', 'AFFECT', 'ENV_OIL', 'ENV_OIL', 'ENV_OIL', 'LEADER', 'TAX_FNCACT_PRESIDENT', 'USPEC_POLITICS_GENERAL1', 'SOC_RANSOM', 'TAX_FNCACT_SPOKESMAN', 'AGRICULTURE', 'MEDICAL', 'SOC_POINTSOFINTEREST_HOSPITALS', 'SHORTAGE', 'TAX_ETHNICITY_IRISH', 'TAX_ETHNICITY_IRISH', 'TAX_ETHNICITY_IRISH', 'TAX_WORLDLANGUAGES_IRISH', 'TAX_WORLDLANGUAGES_IRISH', 'TAX_WORLDLANGUAGES_IRISH', 'SECURITY_SERVICES', 'SECURITY_SERVICES', 'SECURITY_SERVICES', 'TAX_FNCACT_POLICE', 'TAX_FNCACT_POLICE', 'TAX_FNCACT_POLICE', 'CRISISLEX_C07_SAFETY', 'CRISISLEX_C07_SAFETY', 'CRISISLEX_C07_SAFETY', 'KILL', 'TAX_FNCACT_SUPPORTERS']",-5.9449866903283
20260412101500-126,20260412101500,athens-times.com,https://athens-times.com/weather-sunny-and-warm-for-easter-lamb-roast-easter-monday-brings-winds-up-to-8-beaufort/,"['CRISISLEX_CRISISLEXREC', 'TAX_FNCACT_METEOROLOGIST', 'UNGP_FORESTS_RIVERS_OCEANS', 'UNGP_FORESTS_RIVERS_OCEANS', 'UNGP_FORESTS_RIVERS_OCEANS', 'ENV_CLIMATECHANGE', 'UNGP_CLIMATE_CHANGE_ACTION']",0.0
20260412101500-127,20260412101500,athens-times.com,https://athens-times.com/strait-of-hormuz-two-tankers-including-greek-owned-vessel-turn-back-as-us-iran-talks-collapse/,"['MARITIME_INCIDENT', 'MARITIME_INCIDENT', 'MARITIME_INCIDENT', 'MARITIME_INCIDENT', 'MARITIME', 'MARITIME', 'MARITIME', 'MARITIME', 'MANMADE_DISASTER_IMPLIED', 'MANMADE_DISASTER_IMPLIED', 'MANMADE_DISASTER_IMPLIED', 'MANMADE_DISASTER_IMPLIED', 'TAX_DISEASE_OUTBREAK', 'WB_635_PUBLIC_HEALTH', 'WB_2165_HEALTH_EMERGENCIES', 'WB_2166_HEALTH_EMERGENCY_PREPAREDNESS_AND_DISASTER_RESPONSE', 'WB_621_HEALTH_NUTRITION_AND_POPULATION', 'WB_2167_PANDEMICS', 'TAX_ETHNICITY_IRANIAN', 'TAX_ETHNICITY_IRANIAN', 'TAX_ETHNICITY_IRANIAN', 'TAX_ETHNICITY_IRANIAN', 'TAX_ETHNICITY_IRANIAN', 'SEIGE', 'CHECKPOINT', 'UNREST_CHECKPOINT', 'ECON_OILPRICE', 'ECON_OILPRICE', 'TAX_ETHNICITY_ARAB', 'TAX_ETHNICITY_ARAB', 'WB_137_WATER', 'WB_137_WATER', 'ENV_OIL', 'ENV_OIL', 'ENV_OIL', 'TAX_FNCACT_OFFICIALS', 'UNGP_FORESTS_RIVERS_OCEANS', 'NEGOTIATIONS', 'NEGOTIATIONS', 'NEGOTIATIONS', 'WB_696_PUBLIC_SECTOR_MANAGEMENT', 'WB_696_PUBLIC_SECTOR_MANAGEMENT', 'WB_696_PUBLIC_SECTOR_MANAGEMENT', 'WB_840_JUSTICE', 'WB_840_JUSTICE', 'WB_840_JUSTICE', 'WB_2473_DIPLOMACY_AND_NEGOTIATIONS', 'WB_2473_DIPLOMACY_AND_NEGOTIATIONS', 'WB_2473_DIPLOMACY_AND_NEGOTIATIONS', 'WB_939_NEGOTIATION', 'WB_939_NEGOTIATION', 'WB_939_NEGOTIATION', 'WB_2470_PEACE_OPERATIONS_AND_CONFLICT_MANAGEMENT', 'WB_2470_PEACE_OPERATIONS_AND_CONFLICT_MANAGEMENT', 'WB_2470_PEACE_OPERATIONS_AND_CONFLICT_MANAGEMENT', 'WB_936_ALTERNATIVE_DISPUTE_RESOLUTION', 'WB_936_ALTERNATIVE_DISPUTE_RESOLUTION', 'WB_936_ALTERNATIVE_DISPUTE_RESOLUTION', 'WB_2432_FRAGILITY_CONFLICT_AND_VIOLENCE', 'WB_2432_FRAGILITY_CONFLICT_AND_VIOLENCE', 'WB_2432_FRAGILITY_CONFLICT_AND_VIOLENCE', 'WB_843_DISPUTE_RESOLUTION', 'WB_843_DISPUTE_RESOLUTION', 'WB_843_DISPUTE_RESOLUTION', 'WB_2471_PEACEKEEPING', 'WB_2471_PEACEKEEPING', 'WB_2471_PEACEKEEPING', 'TAX_ETHNICITY_PERSIAN', 'TAX_ETHNICITY_PERSIAN', 'TAX_WORLDLANGUAGES_PERSIAN', 'TAX_WORLDLANGUAGES_PERSIAN', 'CRISISLEX_C07_SAFETY', 'TRAFFIC', 'MARITIME_PIRACY', 'MARITIME_PIRACY', 'MARITIME_PIRACY', 'WB_2433_CONFLICT_AND_VIOLENCE', 'TAX_ETHNICITY_CHINESE', 'TAX_WORLDLANGUAGES_CHINESE', 'USPEC_POLICY1', 'USPEC_POLICY1', 'EPU_UNCERTAINTY', 'EPU_UNCERTAINTY']",-3.24825986078886
20260412101500-128,20260412101500,pakistantoday.com.pk,https://www.pakistantoday.com.pk/2026/04/12/ilo-report-urges-stronger-social-protection-amid-labour-market-changes,"['EPU_UNCERTAINTY', 'WB_751_SOCIAL_INSURANCE', 'EPU_CATS_ENTITLEMENT_PROGRAMS', 'POVERTY', 'TAX_FNCACT_SELFEMPLOYED', 'CRISISLEX_C07_SAFETY', 'TAX_FNCACT_WORKERS', 'TAX_FNCACT_WORKERS', 'TAX_FNCACT_WORKERS', 'TAX_FNCACT_WORKERS', 'TAX_FNCACT_WORKERS', 'TAX_FNCACT_WORKERS', 'TAX_FNCACT_WORKERS', 'TAX_FNCACT_WORKERS', 'TAX_FNCACT_WORKERS', 'EPU_CATS_MIGRATION_FEAR_FEAR', 'WB_855_LABOR_MARKETS', 'WB_855_LABOR_MARKETS', 'WB_855_LABOR_MARKETS', 'WB_855_LABOR_MARKETS', 'WB_697_SOCIAL_PROTECTION_AND_LABOR', 'WB_697_SOCIAL_PROTECTION_AND_LABOR', 'WB_697_SOCIAL_PROTECTION_AND_LABOR', 'WB_697_SOCIAL_PROTECTION_AND_LABOR', 'WB_1160_SHOCKS_AND_VULNERABILITY', 'WB_1973_FINANCIAL_RISK_REDUCTION', 'WB_435_AGRICULTURE_AND_FOOD_SECURITY', 'WB_337_INSURANCE', 'WB_1967_AGRICULTURAL_RISK_AND_SECURITY', 'ECON_INFORMAL_ECONOMY', 'AGRICULTURE', 'ECON_TAXATION', 'WB_1121_TAXATION', 'WB_439_MACROECONOMIC_AND_STRUCTURAL_POLICIES', 'WB_445_FISCAL_POLICY', 'EPU_CATS_TAXES', 'WB_2745_JOB_QUALITY_AND_LABOR_MARKET_PERFORMANCE', 'WB_2745_JOB_QUALITY_AND_LABOR_MARKET_PERFORMANCE', 'WB_2745_JOB_QUALITY_AND_LABOR_MARKET_PERFORMANCE', 'WB_2745_JOB_QUALITY_AND_LABOR_MARKET_PERFORMANCE', 'WB_2745_JOB_QUALITY_AND_LABOR_MARKET_PERFORMANCE', 'WB_2670_JOBS', 'WB_2670_JOBS', 'WB_2670_JOBS', 'WB_2670_JOBS', 'WB_2670_JOBS', 'WB_2689_JOBS_DIAGNOSTICS', 'WB_2689_JOBS_DIAGNOSTICS', 'WB_2689_JOBS_DIAGNOSTICS', 'WB_2689_JOBS_DIAGNOSTICS', 'WB_2689_JOBS_DIAGNOSTICS', 'WB_2748_EMPLOYMENT', 'WB_2748_EMPLOYMENT', 'WB_2748_EMPLOYMENT', 'WB_2748_EMPLOYMENT', 'WB_2748_EMPLOYMENT', 'USPEC_POLICY1', 'USPEC_POLICY1', 'USPEC_POLICY1', 'EPU_ECONOMY', 'EPU_ECONOMY', 'EPU_ECONOMY', 'EPU_ECONOMY_HISTORIC', 'EPU_ECONOMY_HISTORIC', 'EPU_ECONOMY_HISTORIC', 'ECON_SUBSIDIES', 'WB_1948_SUBSIDIES', 'WB_695_POVERTY', 'WB_706_EVIDENCE_BASED_POLICY', 'UNGP_FORESTS_RIVERS_OCEANS']",3.3816425120773
20260412101500-129,20260412101500,theworldlink.com,https://theworldlink.com/news/local/as-i-see-it/article_3b64cd5b-7bcd-451e-98b0-0303ade6b7fe.html,"['TAX_FNCACT_POLICE', 'TAX_FNCACT_POLICE', 'TAX_FNCACT_POLICE', 'TAX_FNCACT_POLICE', 'TAX_FNCACT_POLICE', 'EDUCATION', 'EDUCATION', 'EDUCATION', 'EDUCATION', 'MANMADE_DISASTER_IMPLIED', 'MANMADE_DISASTER_IMPLIED']",-0.746697300402068
20260412101500-130,20260412101500,el-balad.com,https://www.el-balad.com/16910445,"['GENERAL_HEALTH', 'MEDICAL', 'TAX_FNCACT_DOCTOR', 'TAX_FNCACT_ACTOR', 'POVERTY', 'POVERTY', 'POVERTY', 'POVERTY', 'POVERTY', 'POVERTY', 'WB_695_POVERTY', 'WB_695_POVERTY', 'WB_695_POVERTY', 'WB_695_POVERTY', 'WB_695_POVERTY', 'WB_695_POVERTY', 'UNGP_FORESTS_RIVERS_OCEANS', 'SOC_POINTSOFINTEREST_SCHOOLS', 'SOC_POINTSOFINTEREST_SCHOOLS', 'SOC_POINTSOFINTEREST_SCHOOLS', 'TRANSPARENCY', 'TAX_FNCACT_REPRESENTATIVES', 'TAX_ETHNICITY_SCOTTISH', 'TAX_ETHNICITY_SCOTTISH', 'TAX_ETHNICITY_SCOTTISH', 'TAX_ETHNICITY_SCOTTISH', 'TAX_ETHNICITY_SCOTTISH', 'GENERAL_GOVERNMENT', 'GENERAL_GOVERNMENT', 'GENERAL_GOVERNMENT', 'GENERAL_GOVERNMENT', 'EPU_POLICY_GOVERNMENT', 'EPU_POLICY_GOVERNMENT', 'EPU_POLICY_GOVERNMENT', 'EPU_POLICY_GOVERNMENT', 'USPEC_POLITICS_GENERAL1', 'ELECTION', 'ELECTION', 'ELECTION', 'TAX_FNCACT_CHILD', 'TAX_FNCACT_CHILD', 'TAX_FNCACT_CHILD', 'TAX_FNCACT_CHILD', 'TAX_FNCACT_CHILD', 'TAX_FNCACT_CHILD', 'TAX_FNCACT_CHILD', 'AFFECT', 'AFFECT', 'USPEC_POLICY1', 'USPEC_POLICY1', 'EPU_POLICY_POLITICAL', 'EPU_POLICY_POLITICAL', 'EPU_POLICY_POLITICAL', 'EDUCATION', 'EDUCATION', 'EDUCATION', 'EDUCATION', 'SOC_POINTSOFINTEREST_SCHOOL', 'SOC_POINTSOFINTEREST_SCHOOL', 'SOC_POINTSOFINTEREST_SCHOOL', 'SOC_POINTSOFINTEREST_SCHOOL', 'TAX_FNCACT_CHILDREN', 'TAX_FNCACT_CHILDREN', 'TAX_FNCACT_CHILDREN', 'TAX_FNCACT_CHILDREN', 'TAX_FNCACT_CHILDREN', 'TAX_FNCACT_CHILDREN', 'LEADER', 'TAX_FNCACT_POLITICIANS']",-2.03703703703704
20260412101500-131,20260412101500,knpr.org,https://knpr.org/npr/2026-04-12/no-deal-u-s-iran-peace-talks-in-islamabad-collapse,"['WB_678_DIGITAL_GOVERNMENT', 'WB_694_BROADCAST_AND_MEDIA', 'WB_133_INFORMATION_AND_COMMUNICATION_TECHNOLOGIES', 'CRISISLEX_CRISISLEXREC', 'KILL', 'KILL', 'KILL', 'KILL', 'CRISISLEX_T03_DEAD', 'CRISISLEX_T03_DEAD', 'CRISISLEX_T03_DEAD', 'CRISISLEX_T03_DEAD', 'TAX_FNCACT_SECRETARY', 'TAX_ETHNICITY_IRANIAN', 'TAX_ETHNICITY_IRANIAN', 'TAX_ETHNICITY_IRANIAN', 'TAX_ETHNICITY_IRANIAN', 'TAX_FNCACT_PRIME_MINISTER', 'TAX_FNCACT_PRIME_MINISTER', 'TAX_MILITARY_TITLE_OFFICERS', 'TAX_MILITARY_TITLE_OFFICERS', 'TAX_FNCACT_OFFICERS', 'TAX_FNCACT_OFFICERS', 'EPU_UNCERTAINTY', 'TAX_FNCACT_MINISTER', 'TAX_FNCACT_MINISTER', 'TAX_FNCACT_MINISTER', 'WB_2490_NATIONAL_PROTECTION_AND_SECURITY', 'WB_2490_NATIONAL_PROTECTION_AND_SECURITY', 'NEGOTIATIONS', 'WB_2470_PEACE_OPERATIONS_AND_CONFLICT_MANAGEMENT', 'WB_2478_PEACE_PROCESSES_AND_DIALOGUE', 'WB_2432_FRAGILITY_CONFLICT_AND_VIOLENCE', 'WB_2471_PEACEKEEPING', 'ENV_MINING', 'TAX_FNCACT_SPOKESPERSON', 'TAX_FNCACT_NEGOTIATOR', 'TAX_RELIGION_ISLAMIC', 'TAX_FNCACT_FOREIGN_MINISTER', 'TAX_FNCACT_MEDIATOR', 'SANCTIONS', 'MILITARY', 'TAX_WEAPONS_WARSHIPS', 'TAX_WEAPONS_WARSHIPS', 'EDUCATION', 'SOC_POINTSOFINTEREST_SCHOOL', 'CEASEFIRE', 'CEASEFIRE', 'CEASEFIRE', 'TAX_FNCACT_OFFICIALS', 'LEADER', 'LEADER', 'LEADER', 'LEADER', 'TAX_FNCACT_PRESIDENT', 'TAX_FNCACT_PRESIDENT', 'TAX_FNCACT_PRESIDENT', 'TAX_FNCACT_PRESIDENT', 'USPEC_POLITICS_GENERAL1', 'USPEC_POLITICS_GENERAL1', 'USPEC_POLITICS_GENERAL1', 'USPEC_POLITICS_GENERAL1', 'TAX_ETHNICITY_AMERICAN', 'ACT_YIELD', 'TAX_FNCACT_ANALYSTS', 'WMD', 'WMD', 'MANMADE_DISASTER_IMPLIED', 'TAX_FNCACT_CHILDREN', 'TAX_WEAPONS_DESTROYERS', 'PROTEST', 'STRIKE', 'CRISISLEX_T11_UPDATESSYMPATHY', 'TAX_FNCACT_OFFICIAL', 'TAX_FNCACT_SECRETARY_OF_STATE', 'USPEC_UNCERTAINTY1', 'TAX_FNCACT_LEADER', 'TAX_ETHNICITY_AMERICANS', 'TAX_FNCACT_TROOPS', 'TAX_FNCACT_AMBASSADORS', 'WB_2203_HUMAN_RIGHTS', 'WB_2519_RESPONSES_TO_HUMAN_RIGHTS_ABUSES', 'WB_2520_REPARATIONS', 'TAX_FNCACT_NAVY', 'TAX_FNCACT_WOMAN', 'TAX_FNCACT_WOMAN', 'TAX_WEAPONS_ARTILLERY', 'ENV_WATERWAYS', 'WB_1805_WATERWAYS', 'WB_135_TRANSPORT', 'WB_1803_TRANSPORT_INFRASTRUCTURE', 'WB_696_PUBLIC_SECTOR_MANAGEMENT', 'WB_696_PUBLIC_SECTOR_MANAGEMENT', 'WB_696_PUBLIC_SECTOR_MANAGEMENT', 'WB_696_PUBLIC_SECTOR_MANAGEMENT', 'WB_840_JUSTICE', 'WB_840_JUSTICE', 'WB_840_JUSTICE', 'WB_840_JUSTICE', 'WB_2473_DIPLOMACY_AND_NEGOTIATIONS', 'WB_2473_DIPLOMACY_AND_NEGOTIATIONS', 'WB_2473_DIPLOMACY_AND_NEGOTIATIONS', 'WB_2473_DIPLOMACY_AND_NEGOTIATIONS', 'WB_939_NEGOTIATION', 'WB_939_NEGOTIATION', 'WB_939_NEGOTIATION', 'WB_939_NEGOTIATION', 'WB_936_ALTERNATIVE_DISPUTE_RESOLUTION', 'WB_936_ALTERNATIVE_DISPUTE_RESOLUTION', 'WB_936_ALTERNATIVE_DISPUTE_RESOLUTION', 'WB_936_ALTERNATIVE_DISPUTE_RESOLUTION', 'WB_843_DISPUTE_RESOLUTION', 'WB_843_DISPUTE_RESOLUTION', 'WB_843_DISPUTE_RESOLUTION', 'WB_843_DISPUTE_RESOLUTION', 'TAX_FNCACT_VICE_PRESIDENT', 'WB_2433_CONFLICT_AND_VIOLENCE', 'WB_2465_REVOLUTIONARY_VIOLENCE', 'WB_2462_POLITICAL_VIOLENCE_AND_WAR', 'EPU_ECONOMY_HISTORIC', 'TAX_TERROR_GROUP_HEZBOLLAH', 'TAX_TERROR_GROUP_HEZBOLLAH', 'TAX_TERROR_GROUP_HEZBOLLAH', 'TAX_TERROR_GROUP_HEZBOLLAH', 'TAX_TERROR_GROUP_HEZBOLLAH', 'TAX_POLITICAL_PARTY_HEZBOLLAH', 'TAX_POLITICAL_PARTY_HEZBOLLAH', 'TAX_POLITICAL_PARTY_HEZBOLLAH', 'TAX_POLITICAL_PARTY_HEZBOLLAH', 'TAX_POLITICAL_PARTY_HEZBOLLAH', 'UNGP_FORESTS_RIVERS_OCEANS', 'CRISISLEX_C07_SAFETY', 'CRISISLEX_C07_SAFETY', 'TAX_ETHNICITY_IRANIANS', 'TAX_ETHNICITY_IRANIANS', 'TAX_RELIGION_ORTHODOX', 'ARMEDCONFLICT', 'ARMEDCONFLICT', 'ARMEDCONFLICT', 'ARMEDCONFLICT', 'EPU_CATS_NATIONAL_SECURITY', 'EPU_CATS_NATIONAL_SECURITY', 'EPU_CATS_NATIONAL_SECURITY', 'EPU_CATS_NATIONAL_SECURITY']",-2.5328330206379
20260412101500-132,20260412101500,kashmirreader.com,https://kashmirreader.com/2026/04/12/key-aspects-of-draft-master-plan-2042-reviewed-at-anantnag/,"['UNGP_FORESTS_RIVERS_OCEANS', 'TAX_MILITARY_TITLE_OFFICERS', 'TAX_FNCACT_OFFICERS', 'TAX_FNCACT_COMMISSIONER', 'MANMADE_DISASTER_IMPLIED', 'EPU_ECONOMY_HISTORIC', 'WB_476_GREEN_GROWTH', 'WB_1100_SUSTAINABLE_GROWTH', 'WB_699_URBAN_DEVELOPMENT', 'TAX_FNCACT_DIRECTOR', 'AGRICULTURE', 'TAX_FNCACT_CEO', 'URBAN', 'URBAN', 'URBAN', 'KILL', 'TAX_FNCACT_DEPUTY', 'TAX_FNCACT_CHIEF', 'SLFID_NATURAL_RESOURCES', 'WB_471_ECONOMIC_GROWTH', 'WB_1078_DETERMINANTS_OF_GROWTH', 'WB_1079_COMMODITIES_AND_RESOURCES']",0.72463768115942
20260412101500-133,20260412101500,bilkulonline.com,https://bilkulonline.com/2026/04/12/8th-pay-commission-what-employees-and-pensioners-can-expect/,"['USPEC_POLICY1', 'EPU_UNCERTAINTY', 'GENERAL_GOVERNMENT', 'GENERAL_GOVERNMENT', 'GENERAL_GOVERNMENT', 'GENERAL_GOVERNMENT', 'GENERAL_GOVERNMENT', 'EPU_POLICY_GOVERNMENT', 'EPU_POLICY_GOVERNMENT', 'EPU_POLICY_GOVERNMENT', 'EPU_POLICY_GOVERNMENT', 'EPU_POLICY_GOVERNMENT', 'TAX_FNCACT_EMPLOYEES', 'TAX_FNCACT_EMPLOYEES', 'TAX_FNCACT_EMPLOYEES', 'TAX_FNCACT_EMPLOYEE', 'WB_471_ECONOMIC_GROWTH', 'WB_1097_FISCAL_SUSTAINABILITY', 'WB_439_MACROECONOMIC_AND_STRUCTURAL_POLICIES', 'WB_1096_MACROECONOMIC_SUSTAINABILITY', 'WB_445_FISCAL_POLICY', 'WB_1100_SUSTAINABLE_GROWTH', 'RETIREMENT', 'RETIREMENT', 'RETIREMENT', 'RETIREMENT', 'ECON_INFLATION', 'ECON_INFLATION', 'ECON_INFLATION', 'WB_1104_MACROECONOMIC_VULNERABILITY_AND_DEBT', 'WB_1104_MACROECONOMIC_VULNERABILITY_AND_DEBT', 'WB_1104_MACROECONOMIC_VULNERABILITY_AND_DEBT', 'WB_442_INFLATION', 'WB_442_INFLATION', 'WB_442_INFLATION', 'EPU_ECONOMY', 'EPU_ECONOMY', 'EPU_ECONOMY_HISTORIC', 'EPU_ECONOMY_HISTORIC', 'CONSTITUTIONAL', 'WB_696_PUBLIC_SECTOR_MANAGEMENT', 'WB_696_PUBLIC_SECTOR_MANAGEMENT', 'WB_2048_COMPENSATION_CAREERS_AND_INCENTIVES', 'WB_2048_COMPENSATION_CAREERS_AND_INCENTIVES', 'WB_723_PUBLIC_ADMINISTRATION', 'WB_723_PUBLIC_ADMINISTRATION', 'WB_724_HUMAN_RESOURCES_FOR_PUBLIC_SECTOR', 'WB_724_HUMAN_RESOURCES_FOR_PUBLIC_SECTOR', 'UNGP_FORESTS_RIVERS_OCEANS']",1.8716577540107
20260412101500-134,20260412101500,theothermccain.com,https://theothermccain.com/2026/04/11/the-christine-blasey-ford-standard-and-the-sudden-destruction-of-eric-swalwell/,"['GENERAL_PUBLIC_OPINION', 'SOC_POINTSOFINTEREST_PRISON', 'WB_2495_DETENTION_PRISON_AND_CORRECTIONS_REFORM', 'WB_2470_PEACE_OPERATIONS_AND_CONFLICT_MANAGEMENT', 'WB_2490_NATIONAL_PROTECTION_AND_SECURITY', 'TAX_FNCACT_KING', 'TAX_DISEASE_EPIDEMIC', 'WB_2165_HEALTH_EMERGENCIES', 'WB_2166_HEALTH_EMERGENCY_PREPAREDNESS_AND_DISASTER_RESPONSE', 'WB_2167_PANDEMICS', 'EPU_POLICY_POLITICAL', 'EPU_POLICY_POLITICAL', 'CRISISLEX_CRISISLEXREC', 'WB_678_DIGITAL_GOVERNMENT', 'WB_678_DIGITAL_GOVERNMENT', 'WB_678_DIGITAL_GOVERNMENT', 'WB_678_DIGITAL_GOVERNMENT', 'WB_678_DIGITAL_GOVERNMENT', 'WB_678_DIGITAL_GOVERNMENT', 'WB_678_DIGITAL_GOVERNMENT', 'WB_678_DIGITAL_GOVERNMENT', 'WB_694_BROADCAST_AND_MEDIA', 'WB_694_BROADCAST_AND_MEDIA', 'WB_694_BROADCAST_AND_MEDIA', 'WB_694_BROADCAST_AND_MEDIA', 'WB_694_BROADCAST_AND_MEDIA', 'WB_694_BROADCAST_AND_MEDIA', 'WB_694_BROADCAST_AND_MEDIA', 'WB_694_BROADCAST_AND_MEDIA', 'WB_133_INFORMATION_AND_COMMUNICATION_TECHNOLOGIES', 'WB_133_INFORMATION_AND_COMMUNICATION_TECHNOLOGIES', 'WB_133_INFORMATION_AND_COMMUNICATION_TECHNOLOGIES', 'WB_133_INFORMATION_AND_COMMUNICATION_TECHNOLOGIES', 'WB_133_INFORMATION_AND_COMMUNICATION_TECHNOLOGIES', 'WB_133_INFORMATION_AND_COMMUNICATION_TECHNOLOGIES', 'WB_133_INFORMATION_AND_COMMUNICATION_TECHNOLOGIES', 'WB_133_INFORMATION_AND_COMMUNICATION_TECHNOLOGIES', 'EDUCATION', 'EDUCATION', 'SOC_POINTSOFINTEREST_UNIVERSITY', 'SOC_POINTSOFINTEREST_UNIVERSITY', 'SCANDAL', 'TAX_FNCACT_STAFFERS', 'TAX_POLITICAL_PARTY_DEMOCRAT', 'TAX_POLITICAL_PARTY_DEMOCRAT', 'USPEC_POLITICS_GENERAL1', 'USPEC_POLITICS_GENERAL1', 'TAX_ETHNICITY_RUSSIAN', 'TAX_ETHNICITY_RUSSIAN', 'TAX_WORLDLANGUAGES_RUSSIAN', 'TAX_WORLDLANGUAGES_RUSSIAN', 'WB_840_JUSTICE', 'TAX_WORLDLANGUAGES_GALLEGO', 'TAX_FNCACT_CANDIDATE', 'TAX_FNCACT_CANDIDATE', 'TAX_FNCACT_CANDIDATE', 'RAPE', 'RAPE', 'RAPE', 'RAPE', 'RAPE', 'RAPE', 'RAPE', 'RAPE', 'UNGP_CRIME_VIOLENCE', 'UNGP_CRIME_VIOLENCE', 'UNGP_CRIME_VIOLENCE', 'UNGP_CRIME_VIOLENCE', 'UNGP_CRIME_VIOLENCE', 'UNGP_CRIME_VIOLENCE', 'UNGP_CRIME_VIOLENCE', 'UNGP_CRIME_VIOLENCE', 'TAX_FNCACT_PRESIDENT', 'TRANSPARENCY', 'TRANSPARENCY', 'TAX_POLITICAL_PARTY_REPUBLICAN', 'TAX_POLITICAL_PARTY_REPUBLICAN', 'TAX_POLITICAL_PARTY_REPUBLICAN', 'TAX_FNCACT_STUDENTS', 'TAX_FNCACT_PORTER', 'WB_1458_HEALTH_PROMOTION_AND_DISEASE_PREVENTION', 'WB_1462_WATER_SANITATION_AND_HYGIENE', 'WB_635_PUBLIC_HEALTH', 'WB_621_HEALTH_NUTRITION_AND_POPULATION', 'WB_2433_CONFLICT_AND_VIOLENCE', 'WB_2452_GANGS', 'WB_2432_FRAGILITY_CONFLICT_AND_VIOLENCE', 'WB_2445_NON_STATE_SECURITY_ACTORS', 'TAX_FNCACT_ATTORNEY', 'ELECTION', 'SOC_POINTSOFINTEREST_COLLEGE', 'SOC_GENERALCRIME', 'EPU_CATS_MIGRATION_FEAR_FEAR', 'TAX_FNCACT_EMPLOYEE', 'TAX_FNCACT_FEMINISTS', 'TAX_FNCACT_VICTIMS', 'CRISISLEX_T08_MISSINGFOUNDTRAPPEDPEOPLE', 'CRISISLEX_C04_LOGISTICS_TRANSPORT', 'GENERAL_GOVERNMENT', 'GENERAL_GOVERNMENT', 'EPU_POLICY_CONGRESS', 'EPU_POLICY_CONGRESS', 'MEDIA_MSM', 'TAX_FNCACT_POLITICO', 'TAX_FNCACT_CONGRESSMAN', 'TAX_FNCACT_CONGRESSMAN', 'TAX_FNCACT_CONGRESSMAN', 'AFFECT', 'RESIGNATION', 'TAX_FNCACT_VICTIM', 'WB_2745_JOB_QUALITY_AND_LABOR_MARKET_PERFORMANCE', 'WB_2670_JOBS', 'WB_2689_JOBS_DIAGNOSTICS', 'WB_2748_EMPLOYMENT', 'TAX_FNCACT_WOMEN', 'TAX_FNCACT_WOMEN', 'TAX_FNCACT_JUDGE', 'TAX_FNCACT_REPRESENTATIVE', 'TRIAL', 'MANMADE_DISASTER_IMPLIED', 'TAX_POLITICAL_PARTY_DEMOCRATIC_PARTY', 'TAX_POLITICAL_PARTY_DEMOCRATIC_PARTY', 'TAX_FNCACT_SENATOR', 'RATIFY', 'HARASSMENT', 'CORRUPTION', 'CORRUPTION', 'WB_2019_ANTI_CORRUPTION_LEGISLATION', 'WB_2019_ANTI_CORRUPTION_LEGISLATION', 'WB_696_PUBLIC_SECTOR_MANAGEMENT', 'WB_696_PUBLIC_SECTOR_MANAGEMENT', 'WB_831_GOVERNANCE', 'WB_831_GOVERNANCE', 'WB_832_ANTI_CORRUPTION', 'WB_832_ANTI_CORRUPTION', 'WB_2020_BRIBERY_FRAUD_AND_COLLUSION', 'WB_2020_BRIBERY_FRAUD_AND_COLLUSION', 'TAX_FNCACT_WOMAN', 'TAX_FNCACT_WOMAN', 'TAX_FNCACT_WOMAN', 'TAX_FNCACT_WOMAN', 'TAX_FNCACT_WOMAN', 'INFO_RUMOR', 'MEDIA_SOCIAL', 'WB_652_ICT_APPLICATIONS', 'WB_662_SOCIAL_MEDIA', 'WB_658_ENTERPRISE_APPLICATIONS', 'DISCRIMINATION', 'UNGP_FREEDOM_FROM_DISCRIMINATION', 'TAX_FNCACT_STAFFER', 'TAX_FNCACT_STAFFER', 'TAX_FNCACT_STAFFER', 'TAX_FNCACT_STAFFER', 'TAX_FNCACT_STAFFER', 'INFO_HOAX', 'INFO_HOAX', 'INFO_HOAX', 'INFO_HOAX', 'INFO_HOAX', 'TAX_WORLDMAMMALS_BEAR', 'TAX_FNCACT_MAN', 'LEADER', 'LEADER', 'TAX_FNCACT_GOVERNOR', 'TAX_FNCACT_GOVERNOR', 'TAX_POLITICAL_PARTY_REPUBLICANS', 'TAX_POLITICAL_PARTY_DEMOCRATS', 'TAX_POLITICAL_PARTY_DEMOCRATS', 'TAX_POLITICAL_PARTY_DEMOCRATS']",-5.46486870120653
20260412101500-135,20260412101500,fourfourtwo.com,https://www.fourfourtwo.com/competition/watch-sunderland-vs-tottenham-premier-league-2025-26-free,[],2.78637770897833
20260412101500-136,20260412101500,aceshowbiz.com,https://www.aceshowbiz.com/news/view/00253453.html,"['TAX_FNCACT_LADY', 'TAX_FNCACT_GUIDE', 'CRISISLEX_T11_UPDATESSYMPATHY', 'SOC_GENERALCRIME', 'EPU_CATS_MIGRATION_FEAR_FEAR', 'TAX_FNCACT_BOATSWAIN', 'TAX_FNCACT_BOATSWAIN', 'TAX_FNCACT_BOATSWAIN', 'TAX_FNCACT_BACHELORS', 'TAX_DISEASE_ANTICIPATION', 'TAX_FNCACT_KNIGHT', 'TAX_FNCACT_KNIGHT']",3.99385560675883
20260412101500-137,20260412101500,thejournal.ie,https://www.thejournal.ie/filling-stations-7010426-Apr2026/,"['WB_539_OIL_AND_GAS_POLICY_STRATEGY_AND_INSTITUTIONS', 'WB_539_OIL_AND_GAS_POLICY_STRATEGY_AND_INSTITUTIONS', 'WB_539_OIL_AND_GAS_POLICY_STRATEGY_AND_INSTITUTIONS', 'WB_539_OIL_AND_GAS_POLICY_STRATEGY_AND_INSTITUTIONS', 'WB_539_OIL_AND_GAS_POLICY_STRATEGY_AND_INSTITUTIONS', 'WB_507_ENERGY_AND_EXTRACTIVES', 'WB_507_ENERGY_AND_EXTRACTIVES', 'WB_507_ENERGY_AND_EXTRACTIVES', 'WB_507_ENERGY_AND_EXTRACTIVES', 'WB_507_ENERGY_AND_EXTRACTIVES', 'WB_548_PPP_IN_OIL_AND_GAS', 'WB_548_PPP_IN_OIL_AND_GAS', 'WB_548_PPP_IN_OIL_AND_GAS', 'WB_548_PPP_IN_OIL_AND_GAS', 'WB_548_PPP_IN_OIL_AND_GAS', 'WB_2298_REFINERIES', 'WB_2298_REFINERIES', 'WB_2298_REFINERIES', 'WB_2298_REFINERIES', 'WB_2298_REFINERIES', 'TAX_FNCACT_EXECUTIVE', 'BLOCKADE', 'BLOCKADE', 'SEIGE', 'SEIGE', 'TAX_FNCACT_CHIEF_EXECUTIVE', 'PROTEST', 'WB_678_DIGITAL_GOVERNMENT', 'WB_2943_SWITCHES', 'WB_667_ICT_INFRASTRUCTURE', 'WB_672_NETWORK_MANAGEMENT', 'WB_133_INFORMATION_AND_COMMUNICATION_TECHNOLOGIES', 'TAX_FNCACT_BOSS', 'NEGOTIATIONS', 'WB_696_PUBLIC_SECTOR_MANAGEMENT', 'WB_840_JUSTICE', 'WB_2473_DIPLOMACY_AND_NEGOTIATIONS', 'WB_939_NEGOTIATION', 'WB_2470_PEACE_OPERATIONS_AND_CONFLICT_MANAGEMENT', 'WB_936_ALTERNATIVE_DISPUTE_RESOLUTION', 'WB_2432_FRAGILITY_CONFLICT_AND_VIOLENCE', 'WB_843_DISPUTE_RESOLUTION', 'WB_2471_PEACEKEEPING', 'EPU_ECONOMY_HISTORIC', 'EPU_ECONOMY_HISTORIC', 'ENV_OIL', 'ENV_OIL', 'ENV_OIL', 'TAX_FNCACT_ESCORT', 'TAX_FNCACT_CHIEF', 'TAX_FNCACT_DRIVERS', 'UNGP_FORESTS_RIVERS_OCEANS', 'MARITIME', 'MARITIME']",-1.94805194805195
20260412101500-138,20260412101500,wyomingnewsnow.tv,https://www.wyomingnewsnow.tv/news/national/finance-minister-favourite-as-benin-votes-for-president/article_b1451b2f-fee4-51d0-9338-af0bcc7797d2.html,"['POVERTY', 'POVERTY', 'LEADER', 'LEADER', 'LEADER', 'TAX_FNCACT_PRESIDENT', 'TAX_FNCACT_PRESIDENT', 'TAX_FNCACT_PRESIDENT', 'ELECTION', 'ELECTION']",-3.16265060240964
20260412101500-139,20260412101500,propakistani.pk,https://propakistani.pk/2026/04/12/fbr-allows-itself-to-use-confiscated-luxury-cars-in-anti-smuggling-operations/,"['BORDER', 'BORDER', 'USPEC_POLITICS_GENERAL1', 'TAX_FNCACT_OFFICIAL', 'WB_696_PUBLIC_SECTOR_MANAGEMENT', 'WB_840_JUSTICE', 'WB_1014_CRIMINAL_JUSTICE', 'CRISISLEX_CRISISLEXREC', 'TAX_FNCACT_CUSTODIAN', 'TAX_FNCACT_CHIEF', 'TAX_FNCACT_CHIEF', 'TAX_ECON_PRICE', 'WB_678_DIGITAL_GOVERNMENT', 'WB_670_ICT_SECURITY', 'WB_2372_AUTHENTICATION_AND_AUTHORIZATION', 'WB_133_INFORMATION_AND_COMMUNICATION_TECHNOLOGIES', 'WB_698_TRADE', 'WB_667_ICT_INFRASTRUCTURE', 'WB_669_SOFTWARE_INFRASTRUCTURE', 'WB_2945_DATABASE', 'CONFISCATION', 'CONFISCATION', 'GENERAL_GOVERNMENT', 'GENERAL_GOVERNMENT', 'GENERAL_GOVERNMENT', 'GENERAL_GOVERNMENT', 'EPU_POLICY_GOVERNMENT', 'EPU_POLICY_GOVERNMENT', 'EPU_POLICY_GOVERNMENT', 'EPU_POLICY_GOVERNMENT']",-0.626304801670147
20260412101500-140,20260412101500,clactonandfrintongazette.co.uk,https://www.clactonandfrintongazette.co.uk/news/national/26014070.eamonn-holmes-doing-okay-following-stroke-says-son/,"['MANMADE_DISASTER_IMPLIED', 'TAX_DISEASE_STROKE', 'TAX_DISEASE_STROKE', 'TAX_FNCACT_EXECUTIVE', 'WB_1160_SHOCKS_AND_VULNERABILITY', 'WB_1160_SHOCKS_AND_VULNERABILITY', 'WB_695_POVERTY', 'WB_695_POVERTY', 'LEGISLATION', 'EPU_POLICY_LAW', 'TAX_FNCACT_CHIEF_EXECUTIVE', 'GENERAL_HEALTH', 'MEDICAL', 'CRISISLEX_C03_WELLBEING_HEALTH', 'AFFECT', 'TAX_FNCACT_FATHER', 'TAX_FNCACT_CHIEF', 'TAX_FNCACT_PRESENTER', 'SOC_POINTSOFINTEREST_HOSPITAL', 'SOC_POINTSOFINTEREST_HOSPITAL', 'WB_2670_JOBS', 'WB_696_PUBLIC_SECTOR_MANAGEMENT', 'WB_2048_COMPENSATION_CAREERS_AND_INCENTIVES', 'WB_723_PUBLIC_ADMINISTRATION', 'WB_724_HUMAN_RESOURCES_FOR_PUBLIC_SECTOR', 'TAX_FNCACT_SPOKESPERSON']",0.87719298245614
20260412101500-141,20260412101500,inewsgr.com,https://www.inewsgr.com/35/Efkarpia-42-year-old-arrested-for-murder--He-killed-him-and-threw-him-off-a-bridge.htm,"['SOC_GENERALCRIME', 'TAX_FNCACT_MAN']",-11.1111111111111
20260412101500-142,20260412101500,mangalorean.com,https://www.mangalorean.com/touched-countless-hearts-pm-modi-expresses-grief-over-passing-away-of-asha-bhosle/,"['TAX_FNCACT_MINISTER', 'TAX_FNCACT_MINISTER', 'TAX_FNCACT_MINISTER', 'TAX_FNCACT_DOCTOR', 'KILL', 'CRISISLEX_T03_DEAD', 'TAX_WORLDLANGUAGES_MAHARASHTRA', 'GENERAL_HEALTH', 'GENERAL_HEALTH', 'MEDICAL', 'MEDICAL', 'SOC_POINTSOFINTEREST_HOSPITAL', 'SOC_POINTSOFINTEREST_HOSPITAL', 'CRISISLEX_C03_WELLBEING_HEALTH', 'CRISISLEX_C03_WELLBEING_HEALTH', 'TAX_DISEASE_MULTIPLE_ORGAN_FAILURE', 'WB_1160_SHOCKS_AND_VULNERABILITY', 'WB_695_POVERTY', 'TAX_FNCACT_SINGER', 'TAX_FNCACT_SINGER', 'TAX_FNCACT_SINGER', 'TAX_FNCACT_SINGER', 'TAX_FNCACT_SINGER', 'TAX_FNCACT_SINGER', 'MEDIA_MSM', 'LEADER', 'LEADER', 'TAX_FNCACT_PRIME_MINISTER', 'TAX_FNCACT_PRIME_MINISTER', 'CRISISLEX_T02_INJURED', 'CRISISLEX_T02_INJURED', 'AFFECT']",0.574712643678161
20260412101500-143,20260412101500,mauinews.com,https://www.mauinews.com/wire/?category=5186&ID=392656,"['WB_2024_ANTI_CORRUPTION_AUTHORITIES', 'WB_2024_ANTI_CORRUPTION_AUTHORITIES', 'WB_696_PUBLIC_SECTOR_MANAGEMENT', 'WB_696_PUBLIC_SECTOR_MANAGEMENT', 'WB_840_JUSTICE', 'WB_840_JUSTICE', 'WB_2025_INVESTIGATION', 'WB_2025_INVESTIGATION', 'WB_831_GOVERNANCE', 'WB_831_GOVERNANCE', 'WB_832_ANTI_CORRUPTION', 'WB_832_ANTI_CORRUPTION', 'WB_1014_CRIMINAL_JUSTICE', 'WB_1014_CRIMINAL_JUSTICE', 'WB_1428_INJURY', 'WB_1428_INJURY', 'WB_1406_DISEASES', 'WB_1406_DISEASES', 'WB_621_HEALTH_NUTRITION_AND_POPULATION', 'WB_621_HEALTH_NUTRITION_AND_POPULATION', 'WB_1427_NON_COMMUNICABLE_DISEASE_AND_INJURY', 'WB_1427_NON_COMMUNICABLE_DISEASE_AND_INJURY', 'WOUND', 'CRISISLEX_C03_WELLBEING_HEALTH', 'CRISISLEX_T02_INJURED', 'GENERAL_HEALTH', 'MEDICAL', 'SOC_POINTSOFINTEREST_HOSPITAL', 'MANMADE_DISASTER_IMPLIED', 'MANMADE_DISASTER_IMPLIED', 'TAX_FNCACT_CHIEF', 'TAX_DISEASE_LACERATIONS', 'TAX_MILITARY_TITLE_OFFICERS', 'TAX_MILITARY_TITLE_OFFICERS', 'TAX_MILITARY_TITLE_OFFICERS', 'TAX_MILITARY_TITLE_OFFICERS', 'TAX_FNCACT_OFFICERS', 'TAX_FNCACT_OFFICERS', 'TAX_FNCACT_OFFICERS', 'TAX_FNCACT_OFFICERS', 'TAX_FNCACT_VICTIM', 'ARREST', 'TAX_FNCACT_POLICE_COMMISSIONER', 'KILL', 'CRISISLEX_T03_DEAD', 'WB_678_DIGITAL_GOVERNMENT', 'WB_694_BROADCAST_AND_MEDIA', 'WB_133_INFORMATION_AND_COMMUNICATION_TECHNOLOGIES', 'TAX_DISEASE_SKULL_FRACTURE', 'SECURITY_SERVICES', 'SECURITY_SERVICES', 'SECURITY_SERVICES', 'SECURITY_SERVICES', 'TAX_FNCACT_POLICE', 'TAX_FNCACT_POLICE', 'TAX_FNCACT_POLICE', 'TAX_FNCACT_POLICE', 'CRISISLEX_C07_SAFETY', 'CRISISLEX_C07_SAFETY', 'CRISISLEX_C07_SAFETY', 'CRISISLEX_C07_SAFETY', 'TAX_FNCACT_MAN', 'TAX_FNCACT_MAN', 'TAX_FNCACT_MAN', 'TAX_FNCACT_MAN', 'UNREST_BELLIGERENT', 'UNREST_BELLIGERENT', 'UNGP_CRIME_VIOLENCE', 'TAX_FNCACT_WRITER', 'TAX_FNCACT_AUTHORITIES', 'CRISISLEX_CRISISLEXREC', 'EPU_POLICY_AUTHORITIES', 'TAX_FNCACT_VICTIMS', 'TAX_FNCACT_VICTIMS', 'CRISISLEX_T08_MISSINGFOUNDTRAPPEDPEOPLE', 'CRISISLEX_T08_MISSINGFOUNDTRAPPEDPEOPLE', 'TAX_FNCACT_WALKER', 'TAX_WEAPONS_MACHETE', 'TRAFFIC', 'TAX_MILITARY_TITLE_OFFICER', 'TAX_FNCACT_OFFICER', 'PUBLIC_TRANSPORT', 'PUBLIC_TRANSPORT', 'DELAY', 'USPEC_UNCERTAINTY1', 'TAX_FNCACT_COMMISSIONER', 'MEDIA_SOCIAL', 'WB_652_ICT_APPLICATIONS', 'WB_662_SOCIAL_MEDIA', 'WB_658_ENTERPRISE_APPLICATIONS']",-5.55555555555556
20260412101500-144,20260412101500,boredpanda.com,https://www.boredpanda.com/refuse-tested-kidney-donor-father/?cexp_id=150903&cexp_var=21&_f=homepage_featured,"['WB_2433_CONFLICT_AND_VIOLENCE', 'WB_2433_CONFLICT_AND_VIOLENCE', 'WB_2432_FRAGILITY_CONFLICT_AND_VIOLENCE', 'WB_2432_FRAGILITY_CONFLICT_AND_VIOLENCE', 'WB_1609_FOOD_AND_IN_KIND_TRANSFERS', 'WB_1620_ELDERLY', 'WB_1466_SOCIAL_ASSISTANCE', 'WB_1618_FOOD_DISTRIBUTION', 'WB_697_SOCIAL_PROTECTION_AND_LABOR', 'TAX_FNCACT_CAREGIVER', 'IDEOLOGY', 'TAX_ETHNICITY_AMERICANS', 'TAX_DISEASE_HIGH_BLOOD_PRESSURE', 'WB_1406_DISEASES', 'WB_1432_HYPERTENSION', 'WB_621_HEALTH_NUTRITION_AND_POPULATION', 'WB_1427_NON_COMMUNICABLE_DISEASE_AND_INJURY', 'UNGP_FORESTS_RIVERS_OCEANS', 'WB_1160_SHOCKS_AND_VULNERABILITY', 'WB_695_POVERTY', 'WB_678_DIGITAL_GOVERNMENT', 'WB_694_BROADCAST_AND_MEDIA', 'WB_133_INFORMATION_AND_COMMUNICATION_TECHNOLOGIES', 'AFFECT', 'CRISISLEX_CRISISLEXREC', 'CRISISLEX_CRISISLEXREC', 'CRISISLEX_CRISISLEXREC', 'CRISISLEX_CRISISLEXREC', 'CRISISLEX_CRISISLEXREC', 'CRISISLEX_CRISISLEXREC', 'CRISISLEX_CRISISLEXREC', 'CRISISLEX_CRISISLEXREC', 'CRISISLEX_CRISISLEXREC', 'CRISISLEX_CRISISLEXREC', 'CRISISLEX_CRISISLEXREC', 'CRISISLEX_CRISISLEXREC', 'TAX_DISEASE_DEPRESSION', 'SCIENCE', 'GENERAL_HEALTH', 'GENERAL_HEALTH', 'GENERAL_HEALTH', 'GENERAL_HEALTH', 'GENERAL_HEALTH', 'GENERAL_HEALTH', 'GENERAL_HEALTH', 'MEDICAL', 'MEDICAL', 'MEDICAL', 'MEDICAL', 'MEDICAL', 'MEDICAL', 'MEDICAL', 'CRISISLEX_C03_WELLBEING_HEALTH', 'CRISISLEX_C03_WELLBEING_HEALTH', 'CRISISLEX_C03_WELLBEING_HEALTH', 'CRISISLEX_C03_WELLBEING_HEALTH', 'CRISISLEX_C03_WELLBEING_HEALTH', 'CRISISLEX_C03_WELLBEING_HEALTH', 'CRISISLEX_C03_WELLBEING_HEALTH', 'CORRUPTION', 'TAX_FNCACT_DOCTORS', 'TAX_FNCACT_FATHER', 'TAX_FNCACT_FATHER', 'WB_1331_HEALTH_TECHNOLOGIES', 'WB_1331_HEALTH_TECHNOLOGIES', 'WB_1350_PHARMACEUTICALS', 'WB_1350_PHARMACEUTICALS', 'TAX_FNCACT_DOCTOR', 'KILL', 'KILL', 'TAX_DISEASE_BURNOUT', 'TAX_FNCACT_VOLUNTEER', 'TAX_FNCACT_SURGEONS', 'TAX_ECON_PRICE', 'TAX_FNCACT_MAN', 'TAX_FNCACT_MAN', 'TAX_FNCACT_MAN', 'TAX_FNCACT_MAN', 'TAX_FNCACT_MAN', 'TAX_FNCACT_MAN', 'TAX_FNCACT_MAN', 'TAX_FNCACT_MAN', 'TAX_FNCACT_MAN', 'TAX_FNCACT_MAN', 'TAX_FNCACT_MAN', 'TAX_FNCACT_MAN', 'TAX_FNCACT_MAN', 'TAX_FNCACT_MAN', 'TAX_FNCACT_MAN', 'EPU_CATS_MIGRATION_FEAR_FEAR', 'USPEC_POLICY1', 'EPU_POLICY_POLICY', 'WB_696_PUBLIC_SECTOR_MANAGEMENT', 'WB_2048_COMPENSATION_CAREERS_AND_INCENTIVES', 'WB_723_PUBLIC_ADMINISTRATION', 'WB_724_HUMAN_RESOURCES_FOR_PUBLIC_SECTOR', 'WB_2089_ETHICS_AND_CODES_OF_CONDUCT', 'EDUCATION', 'TAX_FNCACT_PROFESSOR', 'TAX_FNCACT_CHILD', 'TAX_DISEASE_FATIGUE', 'MEDIA_SOCIAL', 'WB_652_ICT_APPLICATIONS', 'WB_662_SOCIAL_MEDIA', 'WB_658_ENTERPRISE_APPLICATIONS', 'TAX_DISEASE_CHRONIC_PAIN']",-2.68700072621641
20260412101500-145,20260412101500,cyprus-mail.com,https://cyprus-mail.com/2026/04/12/rocks-thrown-at-police-in-latsia,"['CRISISLEX_C04_LOGISTICS_TRANSPORT', 'SECURITY_SERVICES', 'SECURITY_SERVICES', 'SECURITY_SERVICES', 'TAX_FNCACT_POLICE', 'TAX_FNCACT_POLICE', 'TAX_FNCACT_POLICE', 'CRISISLEX_C07_SAFETY', 'CRISISLEX_C07_SAFETY', 'CRISISLEX_C07_SAFETY', 'DISASTER_FIRE', 'TAX_FNCACT_OFFICERS', 'TAX_FNCACT_OFFICERS', 'ARREST', 'SOC_GENERALCRIME', 'VIOLENT_UNREST']",-4.61538461538462
20260412101500-146,20260412101500,mauinews.com,https://www.mauinews.com/wire/?category=5190&ID=392713,[],-3.1331592689295
20260412101500-147,20260412101500,el-balad.com,https://www.el-balad.com/16910443,[],-0.505902192242833
20260412101500-148,20260412101500,blackandteal.com,https://blackandteal.com/spiraling-jaguars-veteran-dangerously-close-to-collapse-as-draft-looms-chuma-edoga-chase-bisontis,"['TAX_FNCACT_LINEMAN', 'TAX_FNCACT_LINEMAN']",-2.56
20260412101500-149,20260412101500,nbcconnecticut.com,https://www.nbcconnecticut.com/news/local/court-refuses-warrant-in-fatal-crosswalk-crash/1888673/,"['SECURITY_SERVICES', 'SECURITY_SERVICES', 'SECURITY_SERVICES', 'SECURITY_SERVICES', 'SECURITY_SERVICES', 'TAX_FNCACT_POLICE', 'TAX_FNCACT_POLICE', 'TAX_FNCACT_POLICE', 'TAX_FNCACT_POLICE', 'TAX_FNCACT_POLICE', 'CRISISLEX_C07_SAFETY', 'CRISISLEX_C07_SAFETY', 'CRISISLEX_C07_SAFETY', 'CRISISLEX_C07_SAFETY', 'CRISISLEX_C07_SAFETY', 'WB_1428_INJURY', 'WB_1406_DISEASES', 'WB_621_HEALTH_NUTRITION_AND_POPULATION', 'WB_1427_NON_COMMUNICABLE_DISEASE_AND_INJURY', 'CRISISLEX_CRISISLEXREC', 'CRISISLEX_T02_INJURED', 'TAX_FNCACT_WOMAN', 'TAX_FNCACT_WOMAN', 'TAX_FNCACT_DRIVER', 'KILL', 'KILL', 'CRISISLEX_T03_DEAD', 'CRISISLEX_T03_DEAD', 'ARREST', 'ARREST', 'SOC_GENERALCRIME', 'MANMADE_DISASTER_IMPLIED']",-10.062893081761
20260412101500-150,20260412101500,athens-times.com,https://athens-times.com/tourism-easter-kicks-off-strong-season-in-crete-rhodes-and-santorini/,"['TAX_FNCACT_VICE_PRESIDENT', 'SOC_POINTSOFINTEREST_AIRPORT', 'WB_135_TRANSPORT', 'WB_1803_TRANSPORT_INFRASTRUCTURE', 'WB_1804_AIRPORTS', 'LEADER', 'LEADER', 'TAX_FNCACT_PRESIDENT', 'TAX_FNCACT_PRESIDENT', 'USPEC_POLITICS_GENERAL1', 'USPEC_POLITICS_GENERAL1', 'TAX_ETHNICITY_EUROPEANS', 'TAX_DISEASE_POX', 'TAX_FNCACT_TOURISTS', 'TOURISM', 'TOURISM', 'TOURISM', 'TOURISM', 'TOURISM', 'WB_825_TOURISM', 'WB_825_TOURISM', 'WB_825_TOURISM', 'WB_825_TOURISM', 'WB_825_TOURISM', 'WB_1921_PRIVATE_SECTOR_DEVELOPMENT', 'WB_1921_PRIVATE_SECTOR_DEVELOPMENT', 'WB_1921_PRIVATE_SECTOR_DEVELOPMENT', 'WB_1921_PRIVATE_SECTOR_DEVELOPMENT', 'WB_1921_PRIVATE_SECTOR_DEVELOPMENT', 'WB_346_COMPETITIVE_INDUSTRIES', 'WB_346_COMPETITIVE_INDUSTRIES', 'WB_346_COMPETITIVE_INDUSTRIES', 'WB_346_COMPETITIVE_INDUSTRIES', 'WB_346_COMPETITIVE_INDUSTRIES', 'WB_818_INDUSTRY_POLICY_AND_REAL_SECTORS', 'WB_818_INDUSTRY_POLICY_AND_REAL_SECTORS', 'WB_818_INDUSTRY_POLICY_AND_REAL_SECTORS', 'WB_818_INDUSTRY_POLICY_AND_REAL_SECTORS', 'WB_818_INDUSTRY_POLICY_AND_REAL_SECTORS', 'TAX_FNCACT_HOTELIERS', 'FUELPRICES', 'TAX_ECON_PRICE', 'TAX_ECON_PRICE', 'TAX_ECON_PRICE', 'TAX_ECON_PRICE', 'EDUCATION', 'TAX_FNCACT_PROFESSOR', 'SOC_POINTSOFINTEREST_UNIVERSITY', 'USPEC_POLICY1', 'USPEC_POLICY1', 'USPEC_POLICY1', 'USPEC_POLICY1', 'EPU_UNCERTAINTY', 'EPU_UNCERTAINTY', 'EPU_UNCERTAINTY', 'EPU_UNCERTAINTY', 'UNGP_FORESTS_RIVERS_OCEANS', 'GOV_LOCALGOV', 'TAX_FNCACT_TOURIST', 'TAX_FNCACT_AUTHORITIES', 'CRISISLEX_CRISISLEXREC', 'EPU_POLICY_AUTHORITIES', 'ECON_TRANSPORT_COST', 'URBAN', 'TAX_ETHNICITY_GREEK', 'TAX_WORLDLANGUAGES_GREEK']",0.688073394495413
20260412101500-151,20260412101500,nbcconnecticut.com,https://www.nbcconnecticut.com/news/national-international/live-updates-iran-war-us-israel-middle-east-april-12/3724625/,"['WB_549_OIL_AND_GAS_SYSTEMS', 'WB_1768_OIL_AND_GAS_PIPELINE', 'LEGISLATION', 'EPU_POLICY_LAW', 'AFFECT', 'TAX_FNCACT_CHILDREN', 'WMD', 'WMD', 'WMD', 'WMD', 'WMD', 'WMD', 'WMD', 'TAX_ETHNICITY_AMERICANS', 'GENERAL_GOVERNMENT', 'GENERAL_GOVERNMENT', 'GENERAL_GOVERNMENT', 'TAX_FNCACT_CHIEF', 'WB_845_LEGAL_AND_REGULATORY_FRAMEWORK', 'WB_962_INTERNATIONAL_LAW', 'TAX_FNCACT_POLITICIANS', 'NEGOTIATIONS', 'NEGOTIATIONS', 'NEGOTIATIONS', 'NEGOTIATIONS', 'NEGOTIATIONS', 'NEGOTIATIONS', 'WB_696_PUBLIC_SECTOR_MANAGEMENT', 'WB_696_PUBLIC_SECTOR_MANAGEMENT', 'WB_696_PUBLIC_SECTOR_MANAGEMENT', 'WB_696_PUBLIC_SECTOR_MANAGEMENT', 'WB_696_PUBLIC_SECTOR_MANAGEMENT', 'WB_696_PUBLIC_SECTOR_MANAGEMENT', 'WB_840_JUSTICE', 'WB_840_JUSTICE', 'WB_840_JUSTICE', 'WB_840_JUSTICE', 'WB_840_JUSTICE', 'WB_840_JUSTICE', 'WB_2473_DIPLOMACY_AND_NEGOTIATIONS', 'WB_2473_DIPLOMACY_AND_NEGOTIATIONS', 'WB_2473_DIPLOMACY_AND_NEGOTIATIONS', 'WB_2473_DIPLOMACY_AND_NEGOTIATIONS', 'WB_2473_DIPLOMACY_AND_NEGOTIATIONS', 'WB_2473_DIPLOMACY_AND_NEGOTIATIONS', 'WB_939_NEGOTIATION', 'WB_939_NEGOTIATION', 'WB_939_NEGOTIATION', 'WB_939_NEGOTIATION', 'WB_939_NEGOTIATION', 'WB_939_NEGOTIATION', 'WB_2470_PEACE_OPERATIONS_AND_CONFLICT_MANAGEMENT', 'WB_2470_PEACE_OPERATIONS_AND_CONFLICT_MANAGEMENT', 'WB_2470_PEACE_OPERATIONS_AND_CONFLICT_MANAGEMENT', 'WB_2470_PEACE_OPERATIONS_AND_CONFLICT_MANAGEMENT', 'WB_2470_PEACE_OPERATIONS_AND_CONFLICT_MANAGEMENT', 'WB_2470_PEACE_OPERATIONS_AND_CONFLICT_MANAGEMENT', 'WB_936_ALTERNATIVE_DISPUTE_RESOLUTION', 'WB_936_ALTERNATIVE_DISPUTE_RESOLUTION', 'WB_936_ALTERNATIVE_DISPUTE_RESOLUTION', 'WB_936_ALTERNATIVE_DISPUTE_RESOLUTION', 'WB_936_ALTERNATIVE_DISPUTE_RESOLUTION', 'WB_936_ALTERNATIVE_DISPUTE_RESOLUTION', 'WB_2432_FRAGILITY_CONFLICT_AND_VIOLENCE', 'WB_2432_FRAGILITY_CONFLICT_AND_VIOLENCE', 'WB_2432_FRAGILITY_CONFLICT_AND_VIOLENCE', 'WB_2432_FRAGILITY_CONFLICT_AND_VIOLENCE', 'WB_2432_FRAGILITY_CONFLICT_AND_VIOLENCE', 'WB_2432_FRAGILITY_CONFLICT_AND_VIOLENCE', 'WB_843_DISPUTE_RESOLUTION', 'WB_843_DISPUTE_RESOLUTION', 'WB_843_DISPUTE_RESOLUTION', 'WB_843_DISPUTE_RESOLUTION', 'WB_843_DISPUTE_RESOLUTION', 'WB_843_DISPUTE_RESOLUTION', 'WB_2471_PEACEKEEPING', 'WB_2471_PEACEKEEPING', 'WB_2471_PEACEKEEPING', 'WB_2471_PEACEKEEPING', 'WB_2471_PEACEKEEPING', 'WB_2471_PEACEKEEPING', 'TAX_FNCACT_VICE_PRESIDENT', 'TAX_FNCACT_VICE_PRESIDENT', 'TAX_FNCACT_VICE_PRESIDENT', 'TAX_FNCACT_VICE_PRESIDENT', 'TAX_FNCACT_VICE_PRESIDENT', 'TAX_FNCACT_SPEAKER', 'TAX_FNCACT_SPEAKER', 'TAX_FNCACT_SPEAKER', 'UNGP_FORESTS_RIVERS_OCEANS', 'UNGP_FORESTS_RIVERS_OCEANS', 'TAX_FNCACT_REPORTER', 'TAX_TERROR_GROUP_HEZBOLLAH', 'TAX_TERROR_GROUP_HEZBOLLAH', 'TAX_POLITICAL_PARTY_HEZBOLLAH', 'TAX_POLITICAL_PARTY_HEZBOLLAH', 'MANMADE_DISASTER_IMPLIED', 'MANMADE_DISASTER_IMPLIED', 'MANMADE_DISASTER_IMPLIED', 'MANMADE_DISASTER_IMPLIED', 'WB_2299_PIPELINES', 'WB_2299_PIPELINES', 'WB_2299_PIPELINES', 'WB_2299_PIPELINES', 'WB_539_OIL_AND_GAS_POLICY_STRATEGY_AND_INSTITUTIONS', 'WB_539_OIL_AND_GAS_POLICY_STRATEGY_AND_INSTITUTIONS', 'WB_539_OIL_AND_GAS_POLICY_STRATEGY_AND_INSTITUTIONS', 'WB_539_OIL_AND_GAS_POLICY_STRATEGY_AND_INSTITUTIONS', 'WB_507_ENERGY_AND_EXTRACTIVES', 'WB_507_ENERGY_AND_EXTRACTIVES', 'WB_507_ENERGY_AND_EXTRACTIVES', 'WB_507_ENERGY_AND_EXTRACTIVES', 'WB_548_PPP_IN_OIL_AND_GAS', 'WB_548_PPP_IN_OIL_AND_GAS', 'WB_548_PPP_IN_OIL_AND_GAS', 'WB_548_PPP_IN_OIL_AND_GAS', 'ARMEDCONFLICT', 'ARMEDCONFLICT', 'EPU_CATS_NATIONAL_SECURITY', 'EPU_CATS_NATIONAL_SECURITY', 'TAX_ETHNICITY_IRANIANS', 'TAX_ETHNICITY_IRANIANS', 'TAX_ETHNICITY_IRANIANS', 'EPU_POLICY_GOVERNMENT', 'EPU_POLICY_GOVERNMENT', 'KILL', 'CRISISLEX_T03_DEAD', 'TAX_ETHNICITY_IRANIAN', 'TAX_ETHNICITY_IRANIAN', 'TAX_ETHNICITY_IRANIAN', 'TAX_ETHNICITY_IRANIAN', 'TAX_ETHNICITY_IRANIAN', 'TAX_ETHNICITY_IRANIAN', 'WB_678_DIGITAL_GOVERNMENT', 'WB_694_BROADCAST_AND_MEDIA', 'WB_133_INFORMATION_AND_COMMUNICATION_TECHNOLOGIES', 'CRISISLEX_CRISISLEXREC', 'TAX_FNCACT_CITIZENS', 'WB_1803_TRANSPORT_INFRASTRUCTURE', 'WB_167_PORTS', 'TAX_FNCACT_PRIME_MINISTER', 'TAX_FNCACT_PRIME_MINISTER', 'TAX_FNCACT_PRIME_MINISTER', 'TAX_ETHNICITY_PERSIAN', 'TAX_ETHNICITY_PERSIAN', 'TAX_WORLDLANGUAGES_PERSIAN', 'TAX_WORLDLANGUAGES_PERSIAN', 'WB_135_TRANSPORT', 'TAX_FNCACT_MINISTER', 'TAX_FNCACT_MINISTER', 'TAX_FNCACT_MINISTER', 'TAX_FNCACT_MINISTER', 'MEDIA_MSM', 'MEDIA_MSM', 'TAX_FNCACT_SPOKESPERSON', 'TAX_FNCACT_SPOKESPERSON', 'WB_2478_PEACE_PROCESSES_AND_DIALOGUE', 'WB_2478_PEACE_PROCESSES_AND_DIALOGUE', 'WB_2478_PEACE_PROCESSES_AND_DIALOGUE', 'TAX_FNCACT_NEGOTIATOR', 'USPEC_UNCERTAINTY1', 'TAX_ETHNICITY_TURKISH', 'TAX_ETHNICITY_TURKISH', 'TAX_WORLDLANGUAGES_TURKISH', 'TAX_WORLDLANGUAGES_TURKISH', 'TAX_FNCACT_FOREIGN_MINISTER', 'SELF_IDENTIFIED_ATROCITY', 'WB_2507_HUMAN_RIGHTS_ABUSES_AND_VIOLATIONS', 'WB_2203_HUMAN_RIGHTS', 'WB_2513_CRIMES_AGAINST_HUMANITY', 'TAX_FNCACT_SPOKESMAN', 'ENV_OIL', 'ENV_OIL', 'ENV_OIL', 'ENV_OIL', 'ENV_OIL', 'LEADER', 'LEADER', 'LEADER', 'LEADER', 'LEADER', 'LEADER', 'LEADER', 'LEADER', 'LEADER', 'TAX_FNCACT_PRESIDENT', 'TAX_FNCACT_PRESIDENT', 'TAX_FNCACT_PRESIDENT', 'TAX_FNCACT_PRESIDENT', 'TAX_FNCACT_PRESIDENT', 'TAX_FNCACT_PRESIDENT', 'TAX_FNCACT_PRESIDENT', 'TAX_FNCACT_PRESIDENT', 'TAX_FNCACT_PRESIDENT', 'USPEC_POLITICS_GENERAL1', 'USPEC_POLITICS_GENERAL1', 'USPEC_POLITICS_GENERAL1', 'USPEC_POLITICS_GENERAL1', 'USPEC_POLITICS_GENERAL1', 'USPEC_POLITICS_GENERAL1', 'USPEC_POLITICS_GENERAL1', 'USPEC_POLITICS_GENERAL1', 'USPEC_POLITICS_GENERAL1', 'TAX_FNCACT_LEADERS', 'EPU_CATS_MIGRATION_FEAR_FEAR', 'EPU_CATS_MIGRATION_FEAR_FEAR', 'CEASEFIRE', 'CEASEFIRE', 'CEASEFIRE', 'CEASEFIRE', 'CEASEFIRE', 'CEASEFIRE', 'TAX_ETHNICITY_AMERICAN', 'TERROR']",-2.08667736757624
20260412101500-152,20260412101500,bordermail.com.au,https://www.bordermail.com.au/story/9220836/leigh-masters-suspected-serious-knee-injury-sidelines-star/,[],-1.20663650075415
20260412101500-153,20260412101500,kashmirreader.com,https://kashmirreader.com/2026/04/12/local-body-polls-in-jk-unlikely-in-near-future/,"['MEDIA_MSM', 'GENERAL_GOVERNMENT', 'GENERAL_GOVERNMENT', 'GENERAL_GOVERNMENT', 'GENERAL_GOVERNMENT', 'EPU_POLICY_GOVERNMENT', 'EPU_POLICY_GOVERNMENT', 'EPU_POLICY_GOVERNMENT', 'EPU_POLICY_GOVERNMENT', 'ELECTION', 'ELECTION', 'ELECTION', 'ELECTION', 'ELECTION', 'USPEC_POLITICS_GENERAL1', 'TAX_FNCACT_OFFICIAL', 'KILL', 'KILL', 'KILL', 'URBAN', 'URBAN', 'URBAN', 'WB_696_PUBLIC_SECTOR_MANAGEMENT', 'WB_840_JUSTICE', 'TAX_FNCACT_MINISTER', 'TAX_FNCACT_JUDGE']",-1.73410404624277
20260412101500-154,20260412101500,yahoo.com,https://finance.yahoo.com/markets/crypto/articles/bit-digital-ceo-discusses-ethereum-075600433.html,"['UNGP_FORESTS_RIVERS_OCEANS', 'TAX_ECON_PRICE', 'ECON_STOCKMARKET', 'CRISISLEX_T11_UPDATESSYMPATHY', 'TAX_FNCACT_CEO', 'TAX_FNCACT_CEO', 'TAX_WORLDLANGUAGES_TABAR', 'TAX_WORLDLANGUAGES_TABAR', 'TAX_WORLDLANGUAGES_TABAR', 'EPU_ECONOMY_HISTORIC', 'EPU_ECONOMY_HISTORIC', 'ECON_BITCOIN', 'ECON_BITCOIN', 'ECON_BITCOIN']",2.64026402640264
20260412101500-155,20260412101500,el-balad.com,https://www.el-balad.com/16910441,"['MANMADE_DISASTER_IMPLIED', 'TAX_FNCACT_COMMISSIONER', 'TAX_FNCACT_COMMISSIONER', 'TAX_FNCACT_COMMISSIONER', 'WB_135_TRANSPORT', 'WB_135_TRANSPORT', 'WB_135_TRANSPORT', 'WB_135_TRANSPORT', 'WB_135_TRANSPORT', 'WB_1803_TRANSPORT_INFRASTRUCTURE', 'WB_1803_TRANSPORT_INFRASTRUCTURE', 'WB_1803_TRANSPORT_INFRASTRUCTURE', 'WB_1803_TRANSPORT_INFRASTRUCTURE', 'WB_1803_TRANSPORT_INFRASTRUCTURE', 'WB_167_PORTS', 'WB_167_PORTS', 'WB_167_PORTS', 'WB_167_PORTS', 'WB_167_PORTS', 'TAX_MILITARY_TITLE_OFFICERS', 'TAX_MILITARY_TITLE_OFFICERS', 'TAX_FNCACT_OFFICERS', 'TAX_FNCACT_OFFICERS', 'TAX_FNCACT_OFFICIALS', 'AFFECT', 'AFFECT', 'LEGISLATION', 'EPU_POLICY_LAW', 'BLOCKADE', 'BLOCKADE', 'BLOCKADE', 'BLOCKADE', 'BLOCKADE', 'BLOCKADE', 'BLOCKADE', 'BLOCKADE', 'SEIGE', 'SEIGE', 'SEIGE', 'SEIGE', 'SEIGE', 'SEIGE', 'SEIGE', 'SEIGE', 'USPEC_POLICY1', 'EPU_UNCERTAINTY', 'TAX_MILITARY_TITLE_SERGEANTS', 'TAX_FNCACT_SERGEANTS', 'EPU_CATS_MIGRATION_FEAR_FEAR', 'TAX_FNCACT_DEPUTY', 'TAX_FNCACT_DEPUTY', 'TAX_FNCACT_DEPUTY', 'CRISISLEX_CRISISLEXREC', 'CRISISLEX_CRISISLEXREC', 'CRISISLEX_CRISISLEXREC', 'CRISISLEX_CRISISLEXREC', 'CRISISLEX_CRISISLEXREC', 'PROTEST', 'PROTEST', 'PROTEST', 'PROTEST', 'PROTEST', 'PROTEST', 'PROTEST', 'PROTEST', 'UNGP_FORESTS_RIVERS_OCEANS', 'UNGP_FORESTS_RIVERS_OCEANS', 'UNGP_FORESTS_RIVERS_OCEANS', 'UNGP_FORESTS_RIVERS_OCEANS', 'UNGP_FORESTS_RIVERS_OCEANS']",-7.2538860103627
20260412101500-156,20260412101500,athens-times.com,https://athens-times.com/grills-fire-up-in-monastiraki-crowds-of-athenians-and-tourists-queue-for-lamb-and-kokoretsi/,"['TOURISM', 'TOURISM', 'TAX_FNCACT_TOURISTS', 'TAX_FNCACT_TOURISTS', 'WB_678_DIGITAL_GOVERNMENT', 'WB_694_BROADCAST_AND_MEDIA', 'WB_133_INFORMATION_AND_COMMUNICATION_TECHNOLOGIES', 'TAX_ETHNICITY_GREEK', 'TAX_WORLDLANGUAGES_GREEK', 'MEDIA_SOCIAL', 'WB_652_ICT_APPLICATIONS', 'WB_662_SOCIAL_MEDIA', 'WB_658_ENTERPRISE_APPLICATIONS', 'RURAL']",4.78468899521531
20260412101500-157,20260412101500,cyprus-mail.com,https://cyprus-mail.com/2026/04/12/dinosaur-collagen-used-to-create-one-of-a-kind-handbag,"['CRISISLEX_T11_UPDATESSYMPATHY', 'CRISISLEX_T11_UPDATESSYMPATHY', 'TAX_FNCACT_PALEONTOLOGIST', 'TAX_FNCACT_PALEONTOLOGIST', 'EDUCATION', 'SOC_POINTSOFINTEREST_UNIVERSITY', 'TAX_WORLDMAMMALS_SHEEP', 'TAX_ECON_PRICE', 'TAX_ETHNICITY_DUTCH', 'TAX_WORLDLANGUAGES_DUTCH', 'TAX_FNCACT_CEO', 'TAX_FNCACT_CEO']",-0.245098039215686
20260412101500-158,20260412101500,cyprus-mail.com,https://cyprus-mail.com/2026/04/12/kentucky-bourbon-makers-slash-output-and-jobs-amid-cooling-global-demand,"['TAX_DISEASE_WEIGHT_LOSS', 'TAX_POLITICAL_PARTY_DEMOCRAT', 'CRIME_ILLEGAL_DRUGS', 'ECON_INFLATION', 'ECON_INFLATION', 'ECON_INFLATION', 'WB_1104_MACROECONOMIC_VULNERABILITY_AND_DEBT', 'WB_1104_MACROECONOMIC_VULNERABILITY_AND_DEBT', 'WB_1104_MACROECONOMIC_VULNERABILITY_AND_DEBT', 'WB_442_INFLATION', 'WB_442_INFLATION', 'WB_442_INFLATION', 'TAX_FNCACT_CHAIRMAN', 'TAX_FNCACT_GOVERNORS', 'EDUCATION', 'SOC_POINTSOFINTEREST_UNIVERSITY', 'ECON_STOCKMARKET', 'TAX_FNCACT_CEO', 'TAX_FNCACT_CEO', 'TAX_FNCACT_CEO', 'TRIAL', 'DELAY', 'TAX_WORLDLANGUAGES_LATIN', 'TOURISM', 'TAX_FNCACT_TOURISTS', 'CRISISLEX_CRISISLEXREC', 'TAX_ETHNICITY_AMERICAN', 'TAX_ETHNICITY_AMERICAN', 'TAX_ETHNICITY_AMERICAN', 'TAX_ETHNICITY_AMERICAN', 'TAX_FNCACT_DESIGNER', 'TAX_FNCACT_BARREL_MAKER', 'NATURAL_DISASTER_DROWN', 'EPU_ECONOMY', 'EPU_ECONOMY', 'EPU_ECONOMY', 'TAX_FOODSTAPLES_CORN', 'TAX_FOODSTAPLES_CORN', 'TAX_ECON_PRICE', 'TAX_ECON_PRICE', 'TAX_ECON_PRICE', 'USPEC_POLICY1', 'USPEC_POLICY1', 'USPEC_POLICY1', 'USPEC_POLICY1', 'EPU_UNCERTAINTY', 'EPU_UNCERTAINTY', 'EPU_UNCERTAINTY', 'EPU_UNCERTAINTY', 'TAX_FNCACT_CONTRACTOR', 'WB_2763_CENSUS_DATA', 'WB_2670_JOBS', 'WB_2689_JOBS_DIAGNOSTICS', 'WB_2760_EMPLOYMENT_TOOLS_AND_METHODS', 'TAX_FNCACT_PRESIDENT', 'TAX_FNCACT_PRESIDENT', 'TAX_FNCACT_PRESIDENT', 'TAX_FNCACT_ECONOMIST', 'TAX_FNCACT_ECONOMIST', 'TAX_POLITICAL_PARTY_REPUBLICAN', 'USPEC_POLITICS_GENERAL1', 'EPU_ECONOMY_HISTORIC', 'EPU_ECONOMY_HISTORIC', 'EPU_ECONOMY_HISTORIC', 'EPU_ECONOMY_HISTORIC', 'EPU_ECONOMY_HISTORIC', 'EPU_ECONOMY_HISTORIC', 'EPU_ECONOMY_HISTORIC', 'EPU_ECONOMY_HISTORIC', 'TAX_FNCACT_LEADERS', 'TAX_FNCACT_CANDIDATE', 'TAX_ETHNICITY_FRENCH', 'TAX_WORLDLANGUAGES_FRENCH', 'TAX_FNCACT_DRIVERS', 'ELECTION', 'ELECTION', 'ELECTION', 'MANMADE_DISASTER_IMPLIED', 'EPU_CATS_MIGRATION_FEAR_FEAR', 'TAX_FNCACT_WORKERS', 'TAX_FNCACT_WORKERS', 'TAX_FNCACT_EMPLOYEES', 'TAX_FNCACT_BABY', 'DEMOCRACY', 'DEMOCRACY', 'ECON_ENTREPRENEURSHIP', 'TAX_FNCACT_EXECUTIVE', 'AGRICULTURE', 'TAX_FNCACT_FARMERS', 'FUELPRICES', 'CRISISLEX_T11_UPDATESSYMPATHY', 'WB_825_TOURISM', 'WB_825_TOURISM', 'WB_825_TOURISM', 'WB_1921_PRIVATE_SECTOR_DEVELOPMENT', 'WB_1921_PRIVATE_SECTOR_DEVELOPMENT', 'WB_1921_PRIVATE_SECTOR_DEVELOPMENT', 'WB_346_COMPETITIVE_INDUSTRIES', 'WB_346_COMPETITIVE_INDUSTRIES', 'WB_346_COMPETITIVE_INDUSTRIES', 'WB_818_INDUSTRY_POLICY_AND_REAL_SECTORS', 'WB_818_INDUSTRY_POLICY_AND_REAL_SECTORS', 'WB_818_INDUSTRY_POLICY_AND_REAL_SECTORS', 'ECON_COST_OF_LIVING', 'UNGP_FORESTS_RIVERS_OCEANS', 'WB_175_FERTILIZERS', 'WB_175_FERTILIZERS', 'WB_174_CROP_PRODUCTION', 'WB_174_CROP_PRODUCTION', 'WB_435_AGRICULTURE_AND_FOOD_SECURITY', 'WB_435_AGRICULTURE_AND_FOOD_SECURITY', 'WB_1949_CLIMATE_SMART_AGRICULTURE', 'WB_1949_CLIMATE_SMART_AGRICULTURE', 'CRISISLEX_T04_INFRASTRUCTURE', 'CRISISLEX_T04_INFRASTRUCTURE', 'TAX_FNCACT_GOVERNOR', 'TAX_FNCACT_GOVERNOR', 'ARMEDCONFLICT', 'EPU_CATS_NATIONAL_SECURITY', 'WB_698_TRADE', 'EPU_POLICY_POLICY', 'TAX_POLITICAL_PARTY_REPUBLICANS', 'WB_1467_EDUCATION_FOR_ALL', 'WB_1467_EDUCATION_FOR_ALL', 'WB_1467_EDUCATION_FOR_ALL', 'WB_470_EDUCATION', 'WB_470_EDUCATION', 'WB_470_EDUCATION', 'WB_2131_EMPLOYABILITY_SKILLS_AND_JOBS', 'WB_2131_EMPLOYABILITY_SKILLS_AND_JOBS', 'WB_2131_EMPLOYABILITY_SKILLS_AND_JOBS', 'WB_1484_EDUCATION_SKILLS_DEVELOPMENT_AND_LABOR_MARKET', 'WB_1484_EDUCATION_SKILLS_DEVELOPMENT_AND_LABOR_MARKET', 'WB_1484_EDUCATION_SKILLS_DEVELOPMENT_AND_LABOR_MARKET', 'TAX_FNCACT_SPOKESWOMAN', 'LEADER', 'TAX_FNCACT_POLITICIANS', 'TAX_FNCACT_VICE_PRESIDENT', 'RURAL', 'DRUG_TRADE', 'WB_1331_HEALTH_TECHNOLOGIES', 'WB_2453_ORGANIZED_CRIME', 'WB_1350_PHARMACEUTICALS', 'WB_2433_CONFLICT_AND_VIOLENCE', 'WB_621_HEALTH_NUTRITION_AND_POPULATION', 'WB_2432_FRAGILITY_CONFLICT_AND_VIOLENCE', 'WB_2456_DRUGS_AND_NARCOTICS']",-2.51021599532983
20260412101500-159,20260412101500,floydct.com,https://www.floydct.com/online_features/press_releases/aqst-investors-have-opportunity-to-lead-aquestive-therapeutics-inc-securities-fraud-lawsuit/article_de9bb2e9-918a-56cb-8f77-a32d818b8c13.html,"['TAX_FNCACT_LAWYERS', 'UNGP_FORESTS_RIVERS_OCEANS', 'TAX_ETHNICITY_CHINESE', 'TAX_WORLDLANGUAGES_CHINESE', 'TRIAL', 'TRIAL', 'TRIAL', 'ECON_WORLDCURRENCIES_DOLLARS', 'TAX_ECON_PRICE', 'EPU_CATS_REGULATION', 'EPU_CATS_REGULATION', 'EPU_CATS_REGULATION', 'EPU_CATS_REGULATION', 'EPU_CATS_REGULATION', 'EPU_CATS_REGULATION', 'EPU_CATS_REGULATION', 'EPU_CATS_REGULATION', 'TAX_FNCACT_PEER', 'USPEC_POLITICS_GENERAL1', 'TAX_FNCACT_ATTORNEYS', 'TAX_FNCACT_REPRESENTATIVE', 'TAX_FNCACT_ATTORNEY', 'WB_696_PUBLIC_SECTOR_MANAGEMENT', 'WB_2048_COMPENSATION_CAREERS_AND_INCENTIVES', 'WB_723_PUBLIC_ADMINISTRATION', 'WB_724_HUMAN_RESOURCES_FOR_PUBLIC_SECTOR', 'LEGISLATION', 'LEGISLATION', 'LEGISLATION', 'LEGISLATION', 'LEGISLATION', 'LEGISLATION', 'LEGISLATION', 'LEGISLATION', 'LEGISLATION', 'EPU_POLICY_LAW', 'EPU_POLICY_LAW', 'EPU_POLICY_LAW', 'EPU_POLICY_LAW', 'EPU_POLICY_LAW', 'EPU_POLICY_LAW', 'EPU_POLICY_LAW', 'EPU_POLICY_LAW', 'EPU_POLICY_LAW', 'WB_1614_NUTRITIONAL_PROGRAMS', 'WB_1609_FOOD_AND_IN_KIND_TRANSFERS', 'WB_1615_THERAPEUTIC', 'WB_1466_SOCIAL_ASSISTANCE', 'WB_697_SOCIAL_PROTECTION_AND_LABOR', 'DRUG_TRADE', 'WB_1331_HEALTH_TECHNOLOGIES', 'WB_2453_ORGANIZED_CRIME', 'WB_1350_PHARMACEUTICALS', 'WB_2433_CONFLICT_AND_VIOLENCE', 'WB_621_HEALTH_NUTRITION_AND_POPULATION', 'WB_2432_FRAGILITY_CONFLICT_AND_VIOLENCE', 'WB_2456_DRUGS_AND_NARCOTICS', 'TAX_WORLDMAMMALS_HUMAN', 'TAX_FNCACT_INVESTOR', 'TAX_FNCACT_INVESTOR']",-0.97879282218597
20260412101500-160,20260412101500,somersetcountygazette.co.uk,https://www.somersetcountygazette.co.uk/news/national/26014070.eamonn-holmes-doing-okay-following-stroke-says-son/,"['WB_2670_JOBS', 'WB_696_PUBLIC_SECTOR_MANAGEMENT', 'WB_2048_COMPENSATION_CAREERS_AND_INCENTIVES', 'WB_723_PUBLIC_ADMINISTRATION', 'WB_724_HUMAN_RESOURCES_FOR_PUBLIC_SECTOR', 'SOC_POINTSOFINTEREST_HOSPITAL', 'SOC_POINTSOFINTEREST_HOSPITAL', 'TAX_FNCACT_SPOKESPERSON', 'TAX_FNCACT_CHIEF', 'TAX_FNCACT_PRESENTER', 'TAX_FNCACT_CHIEF_EXECUTIVE', 'GENERAL_HEALTH', 'MEDICAL', 'CRISISLEX_C03_WELLBEING_HEALTH', 'TAX_FNCACT_FATHER', 'AFFECT', 'MANMADE_DISASTER_IMPLIED', 'TAX_DISEASE_STROKE', 'TAX_DISEASE_STROKE', 'WB_1160_SHOCKS_AND_VULNERABILITY', 'WB_1160_SHOCKS_AND_VULNERABILITY', 'WB_695_POVERTY', 'WB_695_POVERTY', 'LEGISLATION', 'EPU_POLICY_LAW', 'TAX_FNCACT_EXECUTIVE']",0.87719298245614
20260412101500-161,20260412101500,indiatimes.com,https://economictimes.indiatimes.com/us/news/quote-of-the-day-by-mencius-truth-uttered-before-its-time-is-always/articleshow/130205284.cms,"['IDEOLOGY', 'IDEOLOGY', 'WB_2433_CONFLICT_AND_VIOLENCE', 'WB_2432_FRAGILITY_CONFLICT_AND_VIOLENCE', 'WB_2462_POLITICAL_VIOLENCE_AND_WAR', 'WB_831_GOVERNANCE', 'TAX_FNCACT_PHILOSOPHER', 'TAX_RELIGION_CONFUCIAN', 'TAX_RELIGION_CONFUCIAN', 'TAX_ETHNICITY_CHINESE', 'TAX_WORLDLANGUAGES_CHINESE', 'WB_2670_JOBS', 'WB_696_PUBLIC_SECTOR_MANAGEMENT', 'WB_2048_COMPENSATION_CAREERS_AND_INCENTIVES', 'WB_723_PUBLIC_ADMINISTRATION', 'WB_724_HUMAN_RESOURCES_FOR_PUBLIC_SECTOR', 'TAX_RELIGION_ORTHODOX', 'MARITIME', 'TAX_FNCACT_LEADERS', 'EDUCATION', 'WB_470_EDUCATION', 'PROTEST', 'STRIKE', 'TAX_WORLDMAMMALS_HUMAN', 'TAX_WORLDMAMMALS_HUMAN', 'TAX_RELIGION_CONFUCIANISTS', 'TAX_RELIGION_CONFUCIANISM', 'TAX_WORLDMAMMALS_HUMANS', 'UNGP_FORESTS_RIVERS_OCEANS', 'UNGP_FORESTS_RIVERS_OCEANS']",3.04054054054054
20260412101500-162,20260412101500,akp.gov.kh,https://www.akp.gov.kh/post/detail/367538,"['TAX_ETHNICITY_KHMER', 'TAX_WORLDLANGUAGES_KHMER', 'PUBLIC_TRANSPORT', 'SOC_POINTSOFINTEREST_HIGH_SCHOOL', 'EDUCATION', 'SOC_POINTSOFINTEREST_SCHOOL', 'GENERAL_GOVERNMENT', 'EPU_POLICY_GOVERNMENT']",3.27868852459016
20260412101500-163,20260412101500,jwire.com.au,https://www.jwire.com.au/netanyahu-battles-court-over-attempt-to-unseat-ben-gvir/,"['GENERAL_GOVERNMENT', 'GENERAL_GOVERNMENT', 'EPU_POLICY_GOVERNMENT', 'EPU_POLICY_GOVERNMENT', 'WB_2024_ANTI_CORRUPTION_AUTHORITIES', 'WB_2024_ANTI_CORRUPTION_AUTHORITIES', 'WB_840_JUSTICE', 'WB_840_JUSTICE', 'WB_2025_INVESTIGATION', 'WB_2025_INVESTIGATION', 'WB_832_ANTI_CORRUPTION', 'WB_832_ANTI_CORRUPTION', 'WB_1014_CRIMINAL_JUSTICE', 'WB_1014_CRIMINAL_JUSTICE', 'ARMEDCONFLICT', 'USPEC_POLICY1', 'EPU_POLICY_POLICY', 'APPOINTMENT', 'SECURITY_SERVICES', 'SECURITY_SERVICES', 'SECURITY_SERVICES', 'TAX_FNCACT_POLICE', 'TAX_FNCACT_POLICE', 'TAX_FNCACT_POLICE', 'TAX_FNCACT_MINISTERS', 'CRISISLEX_CRISISLEXREC', 'CRISISLEX_CRISISLEXREC', 'CRISISLEX_C07_SAFETY', 'CRISISLEX_C07_SAFETY', 'TAX_FNCACT_AUTHORITIES', 'EPU_POLICY_AUTHORITIES', 'CONSTITUTIONAL', 'TAX_FNCACT_CRIMINAL', 'TRANSPARENCY', 'TAX_FNCACT_OFFICIALS', 'TRIAL', 'TRIAL', 'TRIAL', 'TAX_FNCACT_ATTORNEY', 'TAX_FNCACT_ATTORNEY', 'TAX_FNCACT_ATTORNEY', 'WB_1920_FINANCIAL_SECTOR_DEVELOPMENT', 'WB_1920_FINANCIAL_SECTOR_DEVELOPMENT', 'WB_328_FINANCIAL_INTEGRITY', 'WB_328_FINANCIAL_INTEGRITY', 'WB_2082_LAW_ENFORCEMENT', 'WB_2082_LAW_ENFORCEMENT', 'WB_696_PUBLIC_SECTOR_MANAGEMENT', 'WB_696_PUBLIC_SECTOR_MANAGEMENT', 'WB_831_GOVERNANCE', 'WB_831_GOVERNANCE', 'TAX_FNCACT_OFFICEHOLDERS', 'USPEC_POLITICS_GENERAL1', 'TAX_FNCACT_LEADER', 'TAX_FNCACT_MINISTER', 'TAX_FNCACT_MINISTER', 'TAX_FNCACT_MINISTER', 'TAX_FNCACT_MINISTER', 'TAX_FNCACT_MINISTER', 'TAX_FNCACT_MINISTER', 'TAX_FNCACT_MINISTER', 'TAX_FNCACT_MINISTER', 'TAX_FNCACT_MINISTER', 'TAX_FNCACT_MINISTER', 'USPEC_UNCERTAINTY1', 'WB_838_PUBLIC_ACCOUNTABILITY_MECHANISMS', 'IDEOLOGY', 'IDEOLOGY', 'EPU_POLICY_POLITICAL', 'EPU_POLICY_POLITICAL', 'EPU_POLICY_POLITICAL', 'EPU_POLICY_POLITICAL', 'WB_2470_PEACE_OPERATIONS_AND_CONFLICT_MANAGEMENT', 'WB_2432_FRAGILITY_CONFLICT_AND_VIOLENCE', 'WB_2490_NATIONAL_PROTECTION_AND_SECURITY', 'EPU_CATS_NATIONAL_SECURITY', 'DELAY', 'CRISISLEX_C04_LOGISTICS_TRANSPORT', 'LEADER', 'LEADER', 'LEADER', 'LEADER', 'TAX_FNCACT_PRIME_MINISTER', 'TAX_FNCACT_PRIME_MINISTER', 'TAX_FNCACT_PRIME_MINISTER', 'TAX_FNCACT_PRIME_MINISTER', 'LEGISLATION', 'LEGISLATION', 'EPU_POLICY_LAW', 'EPU_POLICY_LAW', 'GRIEVANCES', 'DEMOCRACY', 'DEMOCRACY']",-6.43835616438356
20260412101500-164,20260412101500,dailypioneer.com,https://dailypioneer.com/news/superstar-singer-season-1-makes-its-sony-pal-premiere-from-april-13,"['TAX_FNCACT_JUDGES', 'IDEOLOGY', 'TAX_WORLDLANGUAGES_VALMIKI', 'TAX_FNCACT_CAPTAINS', 'TAX_FNCACT_SINGER', 'TAX_FNCACT_SINGER']",12.6506024096386
20260412101500-165,20260412101500,livemint.com,https://www.livemint.com/industry/media/new-labour-codes-film-ott-producers-labour-codes-entertainment-industry-india-11775977585918.html,"['WB_678_DIGITAL_GOVERNMENT', 'WB_678_DIGITAL_GOVERNMENT', 'WB_678_DIGITAL_GOVERNMENT', 'WB_678_DIGITAL_GOVERNMENT', 'WB_678_DIGITAL_GOVERNMENT', 'WB_694_BROADCAST_AND_MEDIA', 'WB_694_BROADCAST_AND_MEDIA', 'WB_694_BROADCAST_AND_MEDIA', 'WB_694_BROADCAST_AND_MEDIA', 'WB_694_BROADCAST_AND_MEDIA', 'WB_133_INFORMATION_AND_COMMUNICATION_TECHNOLOGIES', 'WB_133_INFORMATION_AND_COMMUNICATION_TECHNOLOGIES', 'WB_133_INFORMATION_AND_COMMUNICATION_TECHNOLOGIES', 'WB_133_INFORMATION_AND_COMMUNICATION_TECHNOLOGIES', 'WB_133_INFORMATION_AND_COMMUNICATION_TECHNOLOGIES', 'USPEC_POLICY1', 'USPEC_POLICY1', 'USPEC_POLICY1', 'TAX_FNCACT_CEO', 'MEDIA_MSM', 'TAX_FNCACT_DIRECTOR', 'TAX_FNCACT_WORKER', 'TAX_FNCACT_MASON', 'DELAY', 'USPEC_UNCERTAINTY1', 'CRISISLEX_T03_DEAD', 'SOC_POINTSOFINTEREST_SCHOOL', 'TAX_FNCACT_JOURNALIST', 'EDUCATION', 'WB_470_EDUCATION', 'WB_1406_DISEASES', 'WB_621_HEALTH_NUTRITION_AND_POPULATION', 'WB_1430_MENTAL_HEALTH', 'WB_1427_NON_COMMUNICABLE_DISEASE_AND_INJURY', 'EPU_ECONOMY_HISTORIC', 'EPU_ECONOMY_HISTORIC', 'EPU_ECONOMY_HISTORIC', 'EPU_ECONOMY_HISTORIC', 'EPU_ECONOMY_HISTORIC', 'EPU_ECONOMY_HISTORIC', 'EPU_ECONOMY_HISTORIC', 'EPU_CATS_ENTITLEMENT_PROGRAMS', 'EPU_CATS_ENTITLEMENT_PROGRAMS', 'CRISISLEX_CRISISLEXREC', 'AFFECT', 'TAX_RELIGION_JAIN', 'TAX_ETHNICITY_JAIN', 'WB_696_PUBLIC_SECTOR_MANAGEMENT', 'WB_2048_COMPENSATION_CAREERS_AND_INCENTIVES', 'WB_723_PUBLIC_ADMINISTRATION', 'WB_724_HUMAN_RESOURCES_FOR_PUBLIC_SECTOR', 'GENERAL_HEALTH', 'MEDICAL', 'LEGISLATION', 'LEGISLATION', 'EPU_POLICY_LAW', 'EPU_POLICY_LAW', 'WB_2745_JOB_QUALITY_AND_LABOR_MARKET_PERFORMANCE', 'WB_2748_EMPLOYMENT', 'EPU_POLICY_REGULATION', 'EPU_CATS_REGULATION', 'EPU_POLICY_REGULATORY', 'EPU_POLICY_REGULATORY', 'TAX_FNCACT_CHIEF', 'TAX_FNCACT_CHIEF', 'TAX_FNCACT_AUTHOR', 'TAX_FNCACT_MANAGING_DIRECTOR', 'TAX_FNCACT_WORKERS', 'TAX_FNCACT_WORKERS', 'TAX_FNCACT_CHIEF_OPERATING_OFFICER', 'TAX_ETHNICITY_INDIAN', 'WB_566_ENVIRONMENT_AND_NATURAL_RESOURCES', 'WB_566_ENVIRONMENT_AND_NATURAL_RESOURCES', 'WB_590_ECOSYSTEMS', 'WB_590_ECOSYSTEMS', 'UNGP_FORESTS_RIVERS_OCEANS', 'UNGP_FORESTS_RIVERS_OCEANS', 'TAX_FNCACT_EMPLOYERS', 'WB_2690_CATEGORIES_OF_EMPLOYMENT', 'WB_2704_EMPLOYER', 'WB_856_WAGES', 'WB_856_WAGES', 'WB_856_WAGES', 'WB_1654_ACTIVE_LABOR_MARKET_POLICIES', 'WB_1654_ACTIVE_LABOR_MARKET_POLICIES', 'WB_1654_ACTIVE_LABOR_MARKET_POLICIES', 'APPOINTMENT', 'HARASSMENT', 'UNGP_CRIME_VIOLENCE', 'TAX_MILITARY_TITLE_OFFICER', 'TAX_MILITARY_TITLE_OFFICER', 'TAX_FNCACT_OFFICER', 'TAX_FNCACT_OFFICER', 'TAX_FNCACT_WRITER', 'WB_1668_LABOR_STANDARDS', 'WB_1668_LABOR_STANDARDS', 'WB_1668_LABOR_STANDARDS', 'WB_1668_LABOR_STANDARDS', 'WB_855_LABOR_MARKETS', 'WB_855_LABOR_MARKETS', 'WB_855_LABOR_MARKETS', 'WB_855_LABOR_MARKETS', 'WB_1672_WORKING_HOURS', 'WB_1672_WORKING_HOURS', 'WB_1672_WORKING_HOURS', 'WB_1672_WORKING_HOURS', 'WB_697_SOCIAL_PROTECTION_AND_LABOR', 'WB_697_SOCIAL_PROTECTION_AND_LABOR', 'WB_697_SOCIAL_PROTECTION_AND_LABOR', 'WB_697_SOCIAL_PROTECTION_AND_LABOR', 'CRISISLEX_C07_SAFETY', 'CRISISLEX_C07_SAFETY', 'TAX_FNCACT_CHIEF_FINANCIAL_OFFICER', 'WB_2736_RETURNS_TO_WORK', 'WB_2736_RETURNS_TO_WORK', 'WB_2670_JOBS', 'WB_2670_JOBS', 'WB_2689_JOBS_DIAGNOSTICS', 'WB_2689_JOBS_DIAGNOSTICS', 'WB_2738_LABOR_EARNINGS', 'WB_2738_LABOR_EARNINGS', 'CRISISLEX_T04_INFRASTRUCTURE', 'CRISISLEX_T04_INFRASTRUCTURE', 'TAX_ECON_PRICE', 'TAX_ECON_PRICE', 'TAX_ECON_PRICE', 'TAX_ECON_PRICE', 'TAX_ECON_PRICE', 'TAX_ECON_PRICE', 'TAX_ECON_PRICE', 'TAX_ECON_PRICE', 'TAX_ECON_PRICE']",0.188857412653447
20260412101500-166,20260412101500,iranherald.com,http://www.iranherald.com/news/278978620/iran-balks-at-us-demands-as-peace-talks-collapse,"['TAX_ETHNICITY_IRANIANS', 'TAX_ETHNICITY_IRANIANS', 'TAX_ETHNICITY_IRANIANS', 'GENERAL_GOVERNMENT', 'GENERAL_GOVERNMENT', 'GENERAL_GOVERNMENT', 'GENERAL_GOVERNMENT', 'GENERAL_GOVERNMENT', 'EPU_POLICY_GOVERNMENT', 'EPU_POLICY_GOVERNMENT', 'EPU_POLICY_GOVERNMENT', 'EPU_POLICY_GOVERNMENT', 'EPU_POLICY_GOVERNMENT', 'ARMEDCONFLICT', 'ARMEDCONFLICT', 'ARMEDCONFLICT', 'ARMEDCONFLICT', 'EPU_CATS_NATIONAL_SECURITY', 'EPU_CATS_NATIONAL_SECURITY', 'EPU_CATS_NATIONAL_SECURITY', 'EPU_CATS_NATIONAL_SECURITY', 'TAX_TERROR_GROUP_HEZBOLLAH', 'TAX_TERROR_GROUP_HEZBOLLAH', 'TAX_TERROR_GROUP_HEZBOLLAH', 'TAX_TERROR_GROUP_HEZBOLLAH', 'TAX_TERROR_GROUP_HEZBOLLAH', 'TAX_TERROR_GROUP_HEZBOLLAH', 'TAX_TERROR_GROUP_HEZBOLLAH', 'TAX_POLITICAL_PARTY_HEZBOLLAH', 'TAX_POLITICAL_PARTY_HEZBOLLAH', 'TAX_POLITICAL_PARTY_HEZBOLLAH', 'TAX_POLITICAL_PARTY_HEZBOLLAH', 'TAX_POLITICAL_PARTY_HEZBOLLAH', 'TAX_POLITICAL_PARTY_HEZBOLLAH', 'TAX_POLITICAL_PARTY_HEZBOLLAH', 'CRISISLEX_C07_SAFETY', 'EPU_POLICY_WHITE_HOUSE', 'EPU_POLICY_WHITE_HOUSE', 'EPU_POLICY_WHITE_HOUSE', 'EPU_POLICY_WHITE_HOUSE', 'EPU_POLICY_WHITE_HOUSE', 'EPU_POLICY_WHITE_HOUSE', 'EPU_POLICY_WHITE_HOUSE', 'EPU_POLICY_WHITE_HOUSE', 'EPU_POLICY_WHITE_HOUSE', 'EPU_POLICY_WHITE_HOUSE', 'EPU_POLICY_WHITE_HOUSE', 'ENV_WATERWAYS', 'ENV_WATERWAYS', 'ENV_WATERWAYS', 'ENV_WATERWAYS', 'ENV_WATERWAYS', 'WB_1805_WATERWAYS', 'WB_1805_WATERWAYS', 'WB_1805_WATERWAYS', 'WB_1805_WATERWAYS', 'WB_1805_WATERWAYS', 'WB_135_TRANSPORT', 'WB_135_TRANSPORT', 'WB_135_TRANSPORT', 'WB_135_TRANSPORT', 'WB_135_TRANSPORT', 'WB_1803_TRANSPORT_INFRASTRUCTURE', 'WB_1803_TRANSPORT_INFRASTRUCTURE', 'WB_1803_TRANSPORT_INFRASTRUCTURE', 'WB_1803_TRANSPORT_INFRASTRUCTURE', 'WB_1803_TRANSPORT_INFRASTRUCTURE', 'TAX_FNCACT_VICE_PRESIDENT', 'TAX_FNCACT_VICE_PRESIDENT', 'TAX_FNCACT_VICE_PRESIDENT', 'TAX_FNCACT_VICE_PRESIDENT', 'TAX_FNCACT_VICE_PRESIDENT', 'TAX_FNCACT_VICE_PRESIDENT', 'NEGOTIATIONS', 'NEGOTIATIONS', 'NEGOTIATIONS', 'NEGOTIATIONS', 'NEGOTIATIONS', 'NEGOTIATIONS', 'NEGOTIATIONS', 'NEGOTIATIONS', 'NEGOTIATIONS', 'WB_696_PUBLIC_SECTOR_MANAGEMENT', 'WB_696_PUBLIC_SECTOR_MANAGEMENT', 'WB_696_PUBLIC_SECTOR_MANAGEMENT', 'WB_696_PUBLIC_SECTOR_MANAGEMENT', 'WB_696_PUBLIC_SECTOR_MANAGEMENT', 'WB_696_PUBLIC_SECTOR_MANAGEMENT', 'WB_696_PUBLIC_SECTOR_MANAGEMENT', 'WB_696_PUBLIC_SECTOR_MANAGEMENT', 'WB_696_PUBLIC_SECTOR_MANAGEMENT', 'WB_840_JUSTICE', 'WB_840_JUSTICE', 'WB_840_JUSTICE', 'WB_840_JUSTICE', 'WB_840_JUSTICE', 'WB_840_JUSTICE', 'WB_840_JUSTICE', 'WB_840_JUSTICE', 'WB_840_JUSTICE', 'WB_2473_DIPLOMACY_AND_NEGOTIATIONS', 'WB_2473_DIPLOMACY_AND_NEGOTIATIONS', 'WB_2473_DIPLOMACY_AND_NEGOTIATIONS', 'WB_2473_DIPLOMACY_AND_NEGOTIATIONS', 'WB_2473_DIPLOMACY_AND_NEGOTIATIONS', 'WB_2473_DIPLOMACY_AND_NEGOTIATIONS', 'WB_2473_DIPLOMACY_AND_NEGOTIATIONS', 'WB_2473_DIPLOMACY_AND_NEGOTIATIONS', 'WB_2473_DIPLOMACY_AND_NEGOTIATIONS', 'WB_939_NEGOTIATION', 'WB_939_NEGOTIATION', 'WB_939_NEGOTIATION', 'WB_939_NEGOTIATION', 'WB_939_NEGOTIATION', 'WB_939_NEGOTIATION', 'WB_939_NEGOTIATION', 'WB_939_NEGOTIATION', 'WB_939_NEGOTIATION', 'WB_2470_PEACE_OPERATIONS_AND_CONFLICT_MANAGEMENT', 'WB_2470_PEACE_OPERATIONS_AND_CONFLICT_MANAGEMENT', 'WB_2470_PEACE_OPERATIONS_AND_CONFLICT_MANAGEMENT', 'WB_2470_PEACE_OPERATIONS_AND_CONFLICT_MANAGEMENT', 'WB_2470_PEACE_OPERATIONS_AND_CONFLICT_MANAGEMENT', 'WB_2470_PEACE_OPERATIONS_AND_CONFLICT_MANAGEMENT', 'WB_2470_PEACE_OPERATIONS_AND_CONFLICT_MANAGEMENT', 'WB_2470_PEACE_OPERATIONS_AND_CONFLICT_MANAGEMENT', 'WB_2470_PEACE_OPERATIONS_AND_CONFLICT_MANAGEMENT', 'WB_936_ALTERNATIVE_DISPUTE_RESOLUTION', 'WB_936_ALTERNATIVE_DISPUTE_RESOLUTION', 'WB_936_ALTERNATIVE_DISPUTE_RESOLUTION', 'WB_936_ALTERNATIVE_DISPUTE_RESOLUTION', 'WB_936_ALTERNATIVE_DISPUTE_RESOLUTION', 'WB_936_ALTERNATIVE_DISPUTE_RESOLUTION', 'WB_936_ALTERNATIVE_DISPUTE_RESOLUTION', 'WB_936_ALTERNATIVE_DISPUTE_RESOLUTION', 'WB_936_ALTERNATIVE_DISPUTE_RESOLUTION', 'WB_843_DISPUTE_RESOLUTION', 'WB_843_DISPUTE_RESOLUTION', 'WB_843_DISPUTE_RESOLUTION', 'WB_843_DISPUTE_RESOLUTION', 'WB_843_DISPUTE_RESOLUTION', 'WB_843_DISPUTE_RESOLUTION', 'WB_843_DISPUTE_RESOLUTION', 'WB_843_DISPUTE_RESOLUTION', 'WB_843_DISPUTE_RESOLUTION', 'WB_2471_PEACEKEEPING', 'WB_2471_PEACEKEEPING', 'WB_2471_PEACEKEEPING', 'WB_2471_PEACEKEEPING', 'WB_2471_PEACEKEEPING', 'WB_2471_PEACEKEEPING', 'WB_2471_PEACEKEEPING', 'WB_2471_PEACEKEEPING', 'WB_2471_PEACEKEEPING', 'WB_2465_REVOLUTIONARY_VIOLENCE', 'WB_2465_REVOLUTIONARY_VIOLENCE', 'WB_2462_POLITICAL_VIOLENCE_AND_WAR', 'WB_2462_POLITICAL_VIOLENCE_AND_WAR', 'WB_2203_HUMAN_RIGHTS', 'WB_2519_RESPONSES_TO_HUMAN_RIGHTS_ABUSES', 'WB_2520_REPARATIONS', 'MILITARY', 'MILITARY', 'TAX_FNCACT_NAVY', 'TAX_FNCACT_NAVY', 'MANMADE_DISASTER_IMPLIED', 'MANMADE_DISASTER_IMPLIED', 'MANMADE_DISASTER_IMPLIED', 'MANMADE_DISASTER_IMPLIED', 'MANMADE_DISASTER_IMPLIED', 'MANMADE_DISASTER_IMPLIED', 'MANMADE_DISASTER_IMPLIED', 'MANMADE_DISASTER_IMPLIED', 'MEDIA_SOCIAL', 'MEDIA_SOCIAL', 'MEDIA_SOCIAL', 'MEDIA_SOCIAL', 'WB_652_ICT_APPLICATIONS', 'WB_652_ICT_APPLICATIONS', 'WB_652_ICT_APPLICATIONS', 'WB_652_ICT_APPLICATIONS', 'WB_662_SOCIAL_MEDIA', 'WB_662_SOCIAL_MEDIA', 'WB_662_SOCIAL_MEDIA', 'WB_662_SOCIAL_MEDIA', 'WB_658_ENTERPRISE_APPLICATIONS', 'WB_658_ENTERPRISE_APPLICATIONS', 'WB_658_ENTERPRISE_APPLICATIONS', 'WB_658_ENTERPRISE_APPLICATIONS', 'MARITIME_PIRACY', 'DELAY', 'UNGP_FORESTS_RIVERS_OCEANS', 'UNGP_FORESTS_RIVERS_OCEANS', 'WMD', 'WMD', 'WMD', 'TAX_WEAPONS_DESTROYERS', 'TAX_FNCACT_OFFICIAL', 'TAX_FNCACT_OFFICIAL', 'TAX_FNCACT_OFFICIAL', 'TAX_FNCACT_OFFICIAL', 'TAX_FNCACT_OFFICIAL', 'TAX_FNCACT_OFFICIAL', 'TAX_FNCACT_OFFICIAL', 'LEGISLATION', 'EPU_POLICY_LAW', 'AFFECT', 'WB_566_ENVIRONMENT_AND_NATURAL_RESOURCES', 'WB_901_ENVIRONMENTAL_SAFEGUARDS', 'WB_1790_INTERNATIONAL_WATERWAYS', 'TRAFFIC', 'TAX_FNCACT_LAWMAKER', 'TAX_WEAPONS_WARSHIPS', 'LEADER', 'LEADER', 'LEADER', 'LEADER', 'LEADER', 'LEADER', 'LEADER', 'LEADER', 'LEADER', 'LEADER', 'LEADER', 'LEADER', 'TAX_FNCACT_PRESIDENT', 'TAX_FNCACT_PRESIDENT', 'TAX_FNCACT_PRESIDENT', 'TAX_FNCACT_PRESIDENT', 'TAX_FNCACT_PRESIDENT', 'TAX_FNCACT_PRESIDENT', 'TAX_FNCACT_PRESIDENT', 'TAX_FNCACT_PRESIDENT', 'TAX_FNCACT_PRESIDENT', 'TAX_FNCACT_PRESIDENT', 'TAX_FNCACT_PRESIDENT', 'TAX_FNCACT_PRESIDENT', 'USPEC_POLITICS_GENERAL1', 'USPEC_POLITICS_GENERAL1', 'USPEC_POLITICS_GENERAL1', 'USPEC_POLITICS_GENERAL1', 'USPEC_POLITICS_GENERAL1', 'USPEC_POLITICS_GENERAL1', 'USPEC_POLITICS_GENERAL1', 'USPEC_POLITICS_GENERAL1', 'USPEC_POLITICS_GENERAL1', 'USPEC_POLITICS_GENERAL1', 'USPEC_POLITICS_GENERAL1', 'USPEC_POLITICS_GENERAL1', 'ENV_OIL', 'TAX_FNCACT_OFFICIALS', 'TAX_FNCACT_OFFICIALS', 'TAX_FNCACT_OFFICIALS', 'TAX_FNCACT_OFFICIALS', 'TAX_FNCACT_OFFICIALS', 'TAX_FNCACT_OFFICIALS', 'TAX_FNCACT_OFFICIALS', 'TAX_FNCACT_LEADERS', 'TAX_FNCACT_LEADERS', 'TAX_FNCACT_LEADERS', 'TAX_FNCACT_LEADERS', 'EPU_ECONOMY_HISTORIC', 'TERROR', 'TAX_RELIGION_ISLAMIC', 'TAX_RELIGION_ISLAMIC', 'TAX_RELIGION_ISLAMIC', 'TAX_FNCACT_SPOKESMAN', 'MARITIME_INCIDENT', 'MARITIME_INCIDENT', 'MARITIME_INCIDENT', 'MARITIME_INCIDENT', 'MARITIME', 'MARITIME', 'MARITIME', 'MARITIME', 'KILL', 'KILL', 'CRISISLEX_CRISISLEXREC', 'CRISISLEX_CRISISLEXREC', 'CRISISLEX_T02_INJURED', 'CRISISLEX_T02_INJURED', 'CRISISLEX_T03_DEAD', 'CRISISLEX_T03_DEAD', 'ENV_MINING', 'ENV_MINING', 'ENV_MINING', 'WB_2478_PEACE_PROCESSES_AND_DIALOGUE', 'WB_2433_CONFLICT_AND_VIOLENCE', 'WB_2433_CONFLICT_AND_VIOLENCE', 'WB_2432_FRAGILITY_CONFLICT_AND_VIOLENCE', 'WB_2432_FRAGILITY_CONFLICT_AND_VIOLENCE', 'TAX_FNCACT_MINISTER', 'TAX_FNCACT_MINISTER', 'MEDIA_MSM', 'MEDIA_MSM', 'MEDIA_MSM', 'MEDIA_MSM', 'MEDIA_MSM', 'MEDIA_MSM', 'PROTEST', 'TAX_FNCACT_ENVOY', 'TAX_FNCACT_ENVOY', 'TAX_FNCACT_ENVOY', 'TAX_ETHNICITY_PERSIAN', 'TAX_WORLDLANGUAGES_PERSIAN', 'TAX_MILITARY_TITLE_COMMANDER', 'TAX_FNCACT_COMMANDER', 'GOV_LOCALGOV', 'TAX_FNCACT_PRIME_MINISTER', 'TAX_FNCACT_PRIME_MINISTER', 'DRONES', 'WB_678_DIGITAL_GOVERNMENT', 'WB_678_DIGITAL_GOVERNMENT', 'WB_678_DIGITAL_GOVERNMENT', 'WB_678_DIGITAL_GOVERNMENT', 'WB_678_DIGITAL_GOVERNMENT', 'WB_678_DIGITAL_GOVERNMENT', 'WB_678_DIGITAL_GOVERNMENT', 'WB_678_DIGITAL_GOVERNMENT', 'WB_678_DIGITAL_GOVERNMENT', 'WB_678_DIGITAL_GOVERNMENT', 'WB_694_BROADCAST_AND_MEDIA', 'WB_694_BROADCAST_AND_MEDIA', 'WB_694_BROADCAST_AND_MEDIA', 'WB_694_BROADCAST_AND_MEDIA', 'WB_694_BROADCAST_AND_MEDIA', 'WB_694_BROADCAST_AND_MEDIA', 'WB_694_BROADCAST_AND_MEDIA', 'WB_694_BROADCAST_AND_MEDIA', 'WB_694_BROADCAST_AND_MEDIA', 'WB_694_BROADCAST_AND_MEDIA', 'WB_133_INFORMATION_AND_COMMUNICATION_TECHNOLOGIES', 'WB_133_INFORMATION_AND_COMMUNICATION_TECHNOLOGIES', 'WB_133_INFORMATION_AND_COMMUNICATION_TECHNOLOGIES', 'WB_133_INFORMATION_AND_COMMUNICATION_TECHNOLOGIES', 'WB_133_INFORMATION_AND_COMMUNICATION_TECHNOLOGIES', 'WB_133_INFORMATION_AND_COMMUNICATION_TECHNOLOGIES', 'WB_133_INFORMATION_AND_COMMUNICATION_TECHNOLOGIES', 'WB_133_INFORMATION_AND_COMMUNICATION_TECHNOLOGIES', 'WB_133_INFORMATION_AND_COMMUNICATION_TECHNOLOGIES', 'WB_133_INFORMATION_AND_COMMUNICATION_TECHNOLOGIES', 'WB_938_MEDIATION', 'WB_938_MEDIATION', 'CEASEFIRE', 'CEASEFIRE', 'USPEC_UNCERTAINTY1', 'USPEC_UNCERTAINTY1', 'TAX_ETHNICITY_IRANIAN', 'TAX_ETHNICITY_IRANIAN', 'TAX_ETHNICITY_IRANIAN', 'TAX_ETHNICITY_IRANIAN', 'TAX_ETHNICITY_IRANIAN', 'TAX_ETHNICITY_IRANIAN', 'TAX_ETHNICITY_IRANIAN', 'TAX_ETHNICITY_IRANIAN', 'TAX_ETHNICITY_IRANIAN', 'TAX_ETHNICITY_IRANIAN', 'TAX_ETHNICITY_IRANIAN', 'TAX_ETHNICITY_IRANIAN', 'TAX_ETHNICITY_IRANIAN', 'TAX_ETHNICITY_IRANIAN', 'TAX_ETHNICITY_IRANIAN']",-1.80007659900421
20260412101500-167,20260412101500,kpbs.org,https://www.kpbs.org/news/politics/2026/04/12/no-deal-u-s-iran-peace-talks-in-islamabad-collapse,"['TAX_ETHNICITY_IRANIANS', 'TAX_ETHNICITY_IRANIANS', 'TAX_RELIGION_ORTHODOX', 'ARMEDCONFLICT', 'ARMEDCONFLICT', 'ARMEDCONFLICT', 'ARMEDCONFLICT', 'EPU_CATS_NATIONAL_SECURITY', 'EPU_CATS_NATIONAL_SECURITY', 'EPU_CATS_NATIONAL_SECURITY', 'EPU_CATS_NATIONAL_SECURITY', 'EPU_ECONOMY_HISTORIC', 'TAX_TERROR_GROUP_HEZBOLLAH', 'TAX_TERROR_GROUP_HEZBOLLAH', 'TAX_TERROR_GROUP_HEZBOLLAH', 'TAX_TERROR_GROUP_HEZBOLLAH', 'TAX_TERROR_GROUP_HEZBOLLAH', 'TAX_POLITICAL_PARTY_HEZBOLLAH', 'TAX_POLITICAL_PARTY_HEZBOLLAH', 'TAX_POLITICAL_PARTY_HEZBOLLAH', 'TAX_POLITICAL_PARTY_HEZBOLLAH', 'TAX_POLITICAL_PARTY_HEZBOLLAH', 'UNGP_FORESTS_RIVERS_OCEANS', 'CRISISLEX_C07_SAFETY', 'CRISISLEX_C07_SAFETY', 'TAX_FNCACT_WOMAN', 'TAX_FNCACT_WOMAN', 'TAX_WEAPONS_ARTILLERY', 'WB_696_PUBLIC_SECTOR_MANAGEMENT', 'WB_696_PUBLIC_SECTOR_MANAGEMENT', 'WB_696_PUBLIC_SECTOR_MANAGEMENT', 'WB_696_PUBLIC_SECTOR_MANAGEMENT', 'WB_840_JUSTICE', 'WB_840_JUSTICE', 'WB_840_JUSTICE', 'WB_840_JUSTICE', 'WB_2473_DIPLOMACY_AND_NEGOTIATIONS', 'WB_2473_DIPLOMACY_AND_NEGOTIATIONS', 'WB_2473_DIPLOMACY_AND_NEGOTIATIONS', 'WB_2473_DIPLOMACY_AND_NEGOTIATIONS', 'WB_939_NEGOTIATION', 'WB_939_NEGOTIATION', 'WB_939_NEGOTIATION', 'WB_939_NEGOTIATION', 'WB_936_ALTERNATIVE_DISPUTE_RESOLUTION', 'WB_936_ALTERNATIVE_DISPUTE_RESOLUTION', 'WB_936_ALTERNATIVE_DISPUTE_RESOLUTION', 'WB_936_ALTERNATIVE_DISPUTE_RESOLUTION', 'WB_843_DISPUTE_RESOLUTION', 'WB_843_DISPUTE_RESOLUTION', 'WB_843_DISPUTE_RESOLUTION', 'WB_843_DISPUTE_RESOLUTION', 'ENV_WATERWAYS', 'WB_1805_WATERWAYS', 'WB_135_TRANSPORT', 'WB_1803_TRANSPORT_INFRASTRUCTURE', 'TAX_FNCACT_VICE_PRESIDENT', 'WB_2433_CONFLICT_AND_VIOLENCE', 'WB_2465_REVOLUTIONARY_VIOLENCE', 'WB_2462_POLITICAL_VIOLENCE_AND_WAR', 'WB_2203_HUMAN_RIGHTS', 'WB_2519_RESPONSES_TO_HUMAN_RIGHTS_ABUSES', 'WB_2520_REPARATIONS', 'TAX_FNCACT_AMBASSADORS', 'TAX_FNCACT_NAVY', 'TAX_FNCACT_TROOPS', 'USPEC_UNCERTAINTY1', 'TAX_FNCACT_LEADER', 'TAX_ETHNICITY_AMERICANS', 'WMD', 'WMD', 'MANMADE_DISASTER_IMPLIED', 'TAX_FNCACT_CHILDREN', 'TAX_WEAPONS_DESTROYERS', 'PROTEST', 'STRIKE', 'CRISISLEX_T11_UPDATESSYMPATHY', 'TAX_FNCACT_OFFICIAL', 'TAX_FNCACT_SECRETARY_OF_STATE', 'ACT_YIELD', 'TAX_FNCACT_ANALYSTS', 'TAX_ETHNICITY_AMERICAN', 'MILITARY', 'EDUCATION', 'SOC_POINTSOFINTEREST_SCHOOL', 'TAX_WEAPONS_WARSHIPS', 'TAX_WEAPONS_WARSHIPS', 'CEASEFIRE', 'CEASEFIRE', 'CEASEFIRE', 'LEADER', 'LEADER', 'LEADER', 'LEADER', 'TAX_FNCACT_PRESIDENT', 'TAX_FNCACT_PRESIDENT', 'TAX_FNCACT_PRESIDENT', 'TAX_FNCACT_PRESIDENT', 'USPEC_POLITICS_GENERAL1', 'USPEC_POLITICS_GENERAL1', 'USPEC_POLITICS_GENERAL1', 'USPEC_POLITICS_GENERAL1', 'TAX_FNCACT_OFFICIALS', 'TAX_RELIGION_ISLAMIC', 'TAX_FNCACT_FOREIGN_MINISTER', 'TAX_FNCACT_MEDIATOR', 'SANCTIONS', 'WB_2490_NATIONAL_PROTECTION_AND_SECURITY', 'WB_2490_NATIONAL_PROTECTION_AND_SECURITY', 'TAX_FNCACT_NEGOTIATOR', 'ENV_MINING', 'TAX_FNCACT_SPOKESPERSON', 'NEGOTIATIONS', 'WB_2470_PEACE_OPERATIONS_AND_CONFLICT_MANAGEMENT', 'WB_2478_PEACE_PROCESSES_AND_DIALOGUE', 'WB_2432_FRAGILITY_CONFLICT_AND_VIOLENCE', 'WB_2471_PEACEKEEPING', 'EPU_UNCERTAINTY', 'TAX_FNCACT_MINISTER', 'TAX_FNCACT_MINISTER', 'TAX_FNCACT_MINISTER', 'TAX_FNCACT_PRIME_MINISTER', 'TAX_FNCACT_PRIME_MINISTER', 'TAX_MILITARY_TITLE_OFFICERS', 'TAX_MILITARY_TITLE_OFFICERS', 'TAX_FNCACT_OFFICERS', 'TAX_FNCACT_OFFICERS', 'WB_678_DIGITAL_GOVERNMENT', 'WB_694_BROADCAST_AND_MEDIA', 'WB_133_INFORMATION_AND_COMMUNICATION_TECHNOLOGIES', 'CRISISLEX_CRISISLEXREC', 'KILL', 'KILL', 'KILL', 'KILL', 'CRISISLEX_T03_DEAD', 'CRISISLEX_T03_DEAD', 'CRISISLEX_T03_DEAD', 'CRISISLEX_T03_DEAD', 'TAX_FNCACT_SECRETARY', 'TAX_ETHNICITY_IRANIAN', 'TAX_ETHNICITY_IRANIAN', 'TAX_ETHNICITY_IRANIAN', 'TAX_ETHNICITY_IRANIAN']",-2.53759398496241
20260412101500-168,20260412101500,kashmirreader.com,https://kashmirreader.com/2026/04/12/iran-us-talks-begin-in-islamabad/,"['TAX_FNCACT_FIELD_MARSHAL', 'WB_2433_CONFLICT_AND_VIOLENCE', 'WB_2432_FRAGILITY_CONFLICT_AND_VIOLENCE', 'TAX_FNCACT_DEPUTY', 'TAX_FNCACT_MINISTER', 'TAX_FNCACT_MINISTER', 'TAX_FNCACT_MINISTER', 'TAX_FNCACT_MINISTER', 'TAX_FNCACT_MINISTER', 'TAX_FNCACT_MINISTER', 'TAX_FNCACT_CHIEF', 'TAX_FNCACT_INTERIOR_MINISTER', 'MILITARY', 'TAX_FNCACT_MARSHAL', 'WB_678_DIGITAL_GOVERNMENT', 'WB_694_BROADCAST_AND_MEDIA', 'WB_133_INFORMATION_AND_COMMUNICATION_TECHNOLOGIES', 'TAX_FNCACT_FOREIGN_MINISTER', 'TAX_FNCACT_FOREIGN_MINISTER', 'TAX_ETHNICITY_IRANIAN', 'TAX_ETHNICITY_IRANIAN', 'TAX_FNCACT_SPEAKER', 'TAX_FNCACT_ENVOY', 'CEASEFIRE', 'CEASEFIRE', 'TAX_FNCACT_OFFICIALS', 'LEADER', 'LEADER', 'TAX_FNCACT_PRESIDENT', 'TAX_FNCACT_PRESIDENT', 'USPEC_POLITICS_GENERAL1', 'USPEC_POLITICS_GENERAL1', 'TAX_FNCACT_LEADERS', 'TAX_FNCACT_PRIME_MINISTER', 'TAX_FNCACT_PRIME_MINISTER', 'TAX_FNCACT_PRIME_MINISTER', 'TAX_FNCACT_VICE_PRESIDENT', 'TAX_FNCACT_OFFICIAL', 'TAX_FNCACT_OFFICIAL']",-1.07913669064748
20260412101500-169,20260412101500,el-balad.com,https://www.el-balad.com/16910444,"['TAX_FNCACT_SUPPORTERS', 'UNGP_FORESTS_RIVERS_OCEANS', 'TAX_FNCACT_LEADER', 'TAX_FNCACT_LEADER', 'TAX_FNCACT_CHIEF', 'TAX_FNCACT_CHIEF', 'TAX_FNCACT_CHIEF', 'TAX_FNCACT_CHIEF', 'TAX_FNCACT_CHIEF', 'TAX_FNCACT_CHIEF', 'TAX_FNCACT_CHIEF', 'TAX_FNCACT_COMMISSIONERS', 'TAX_FNCACT_COMMISSIONERS', 'MARITIME', 'SECURITY_SERVICES', 'SECURITY_SERVICES', 'SECURITY_SERVICES', 'SECURITY_SERVICES', 'TAX_FNCACT_POLICE', 'TAX_FNCACT_POLICE', 'TAX_FNCACT_POLICE', 'TAX_FNCACT_POLICE', 'CRISISLEX_C07_SAFETY', 'CRISISLEX_C07_SAFETY', 'CRISISLEX_C07_SAFETY', 'CRISISLEX_C07_SAFETY', 'APPOINTMENT', 'WB_696_PUBLIC_SECTOR_MANAGEMENT', 'WB_831_GOVERNANCE', 'USPEC_POLICY1', 'USPEC_POLICY1', 'USPEC_POLICY1', 'EPU_POLICY_BUDGET', 'EPU_POLICY_BUDGET', 'EPU_POLICY_BUDGET', 'WB_2670_JOBS', 'WB_2048_COMPENSATION_CAREERS_AND_INCENTIVES', 'WB_723_PUBLIC_ADMINISTRATION', 'WB_724_HUMAN_RESOURCES_FOR_PUBLIC_SECTOR', 'EPU_CATS_MIGRATION_FEAR_FEAR', 'TAX_FNCACT_INSIDER', 'EPU_UNCERTAINTY', 'TAX_FNCACT_LEADERS', 'ECON_BUDGET_DEFICIT', 'ECON_BUDGET_DEFICIT', 'ECON_BUDGET_DEFICIT', 'EPU_POLICY_POLITICAL', 'TAX_FNCACT_COMMISSIONER', 'TAX_FNCACT_COMMISSIONER']",-0.479616306954437
20260412101500-170,20260412101500,rediff.com,https://www.rediff.com/news/report/bank-employee-arrested-in-delhi-cyber-fraud-case/20260412.htm,"['WB_670_ICT_SECURITY', 'WB_2372_AUTHENTICATION_AND_AUTHORIZATION', 'TAX_FNCACT_OFFICIAL', 'MEDIA_SOCIAL', 'MEDIA_SOCIAL', 'WB_652_ICT_APPLICATIONS', 'WB_652_ICT_APPLICATIONS', 'WB_662_SOCIAL_MEDIA', 'WB_662_SOCIAL_MEDIA', 'WB_658_ENTERPRISE_APPLICATIONS', 'WB_658_ENTERPRISE_APPLICATIONS', 'SOC_GENERALCRIME', 'SOC_GENERALCRIME', 'SOC_GENERALCRIME', 'CRISISLEX_C07_SAFETY', 'CRISISLEX_C07_SAFETY', 'CRISISLEX_C07_SAFETY', 'TAX_FNCACT_POLICE_OFFICER', 'TAX_FNCACT_POLICE_OFFICER', 'WB_678_DIGITAL_GOVERNMENT', 'WB_678_DIGITAL_GOVERNMENT', 'WB_694_BROADCAST_AND_MEDIA', 'WB_694_BROADCAST_AND_MEDIA', 'WB_133_INFORMATION_AND_COMMUNICATION_TECHNOLOGIES', 'WB_133_INFORMATION_AND_COMMUNICATION_TECHNOLOGIES', 'WB_2024_ANTI_CORRUPTION_AUTHORITIES', 'WB_2024_ANTI_CORRUPTION_AUTHORITIES', 'WB_2024_ANTI_CORRUPTION_AUTHORITIES', 'WB_840_JUSTICE', 'WB_840_JUSTICE', 'WB_840_JUSTICE', 'WB_2025_INVESTIGATION', 'WB_2025_INVESTIGATION', 'WB_2025_INVESTIGATION', 'WB_1014_CRIMINAL_JUSTICE', 'WB_1014_CRIMINAL_JUSTICE', 'WB_1014_CRIMINAL_JUSTICE', 'SECURITY_SERVICES', 'SECURITY_SERVICES', 'SECURITY_SERVICES', 'SECURITY_SERVICES', 'SECURITY_SERVICES', 'SECURITY_SERVICES', 'TAX_FNCACT_POLICE', 'TAX_FNCACT_POLICE', 'TAX_FNCACT_POLICE', 'TAX_FNCACT_POLICE', 'TAX_FNCACT_POLICE', 'TAX_FNCACT_POLICE', 'TRIAL', 'TRIAL', 'TAX_FNCACT_EMPLOYEE', 'TAX_FNCACT_EMPLOYEE', 'TAX_FNCACT_EMPLOYEE', 'TAX_FNCACT_EMPLOYEE', 'TAX_FNCACT_EMPLOYEE', 'ARREST', 'ARREST', 'CRISISLEX_CRISISLEXREC', 'CRISISLEX_CRISISLEXREC', 'TAX_FNCACT_VICTIMS', 'TAX_FNCACT_VICTIMS', 'CRISISLEX_T08_MISSINGFOUNDTRAPPEDPEOPLE', 'CRISISLEX_T08_MISSINGFOUNDTRAPPEDPEOPLE', 'TAX_FNCACT_OFFICER', 'TAX_FNCACT_OFFICER', 'TAX_FNCACT_OFFICER', 'CORRUPTION', 'CORRUPTION', 'CORRUPTION', 'CORRUPTION', 'CORRUPTION', 'CORRUPTION', 'WB_2019_ANTI_CORRUPTION_LEGISLATION', 'WB_2019_ANTI_CORRUPTION_LEGISLATION', 'WB_2019_ANTI_CORRUPTION_LEGISLATION', 'WB_2019_ANTI_CORRUPTION_LEGISLATION', 'WB_2019_ANTI_CORRUPTION_LEGISLATION', 'WB_2019_ANTI_CORRUPTION_LEGISLATION', 'WB_696_PUBLIC_SECTOR_MANAGEMENT', 'WB_696_PUBLIC_SECTOR_MANAGEMENT', 'WB_696_PUBLIC_SECTOR_MANAGEMENT', 'WB_696_PUBLIC_SECTOR_MANAGEMENT', 'WB_696_PUBLIC_SECTOR_MANAGEMENT', 'WB_696_PUBLIC_SECTOR_MANAGEMENT', 'WB_831_GOVERNANCE', 'WB_831_GOVERNANCE', 'WB_831_GOVERNANCE', 'WB_831_GOVERNANCE', 'WB_831_GOVERNANCE', 'WB_831_GOVERNANCE', 'WB_832_ANTI_CORRUPTION', 'WB_832_ANTI_CORRUPTION', 'WB_832_ANTI_CORRUPTION', 'WB_832_ANTI_CORRUPTION', 'WB_832_ANTI_CORRUPTION', 'WB_832_ANTI_CORRUPTION', 'WB_2020_BRIBERY_FRAUD_AND_COLLUSION', 'WB_2020_BRIBERY_FRAUD_AND_COLLUSION', 'WB_2020_BRIBERY_FRAUD_AND_COLLUSION', 'WB_2020_BRIBERY_FRAUD_AND_COLLUSION', 'WB_2020_BRIBERY_FRAUD_AND_COLLUSION', 'WB_2020_BRIBERY_FRAUD_AND_COLLUSION']",-9.15032679738562
20260412101500-171,20260412101500,enewschannels.com,https://enewschannels.com/working-together-dreading-valentines-day/,[],2.5089605734767
20260412101500-172,20260412101500,postandcourier.com,https://www.postandcourier.com/aikenstandard/aikenstandard/news/local-government/aiken-city-council-short-term-rental-ordinance/article_b41890eb-2d17-4cd4-8334-3bd10eb86384.html,"['TAX_FNCACT_CITY_MANAGER', 'LEGISLATION', 'LEGISLATION', 'USPEC_POLITICS_GENERAL1', 'USPEC_POLITICS_GENERAL1', 'EPU_POLICY_LEGISLATION', 'EPU_POLICY_LEGISLATION', 'TAX_FNCACT_DIRECTOR', 'ECON_HOUSING_PRICES', 'EPU_ECONOMY_HISTORIC', 'EPU_ECONOMY_HISTORIC', 'EPU_ECONOMY_HISTORIC', 'EPU_ECONOMY_HISTORIC', 'EPU_ECONOMY_HISTORIC', 'AFFECT', 'SOC_POLARIZED', 'ECON_TAXATION', 'EPU_POLICY_TAX', 'EPU_POLICY_POLICY', 'TAX_ECON_PRICE', 'EPU_ECONOMY', 'TAX_FNCACT_REPRESENTATIVES', 'SLFID_ECONOMIC_DEVELOPMENT', 'URBAN', 'URBAN', 'EPU_CATS_TAXES', 'USPEC_POLICY1', 'EPU_POLICY_REGULATION', 'EPU_CATS_REGULATION', 'TOURISM', 'WB_825_TOURISM', 'WB_346_COMPETITIVE_INDUSTRIES', 'WB_818_INDUSTRY_POLICY_AND_REAL_SECTORS', 'TAX_FNCACT_MANAGER', 'TAX_FNCACT_CONSULTANTS', 'WB_1921_PRIVATE_SECTOR_DEVELOPMENT', 'WB_1921_PRIVATE_SECTOR_DEVELOPMENT', 'WB_405_BUSINESS_CLIMATE', 'WB_405_BUSINESS_CLIMATE', 'WB_2531_INSPECTIONS_LICENSING_AND_PERMITS', 'WB_2531_INSPECTIONS_LICENSING_AND_PERMITS', 'WB_2530_BUSINESS_ENVIRONMENT', 'WB_2530_BUSINESS_ENVIRONMENT', 'ECON_STOCKMARKET', 'WB_554_MINING_POLICY_LAWS_AND_REGULATIONS', 'WB_559_MINING_LAWS_AND_REGULATIONS', 'WB_2287_LAND_USE_LAWS', 'WB_507_ENERGY_AND_EXTRACTIVES']",0.0
20260412101500-173,20260412101500,wiltsglosstandard.co.uk,https://www.wiltsglosstandard.co.uk/news/national/26013936.rachel-reeves-warns-cost-british-families-businesses-iran-war/,"['TAX_FNCACT_GUIDE', 'TAX_FNCACT_CHANCELLOR', 'WB_1921_PRIVATE_SECTOR_DEVELOPMENT', 'WB_346_COMPETITIVE_INDUSTRIES', 'WB_818_INDUSTRY_POLICY_AND_REAL_SECTORS', 'WB_1281_MANUFACTURING', 'ENV_OIL', 'ENV_OIL', 'NEGOTIATIONS', 'WB_696_PUBLIC_SECTOR_MANAGEMENT', 'WB_840_JUSTICE', 'WB_2473_DIPLOMACY_AND_NEGOTIATIONS', 'WB_939_NEGOTIATION', 'WB_2470_PEACE_OPERATIONS_AND_CONFLICT_MANAGEMENT', 'WB_936_ALTERNATIVE_DISPUTE_RESOLUTION', 'WB_2432_FRAGILITY_CONFLICT_AND_VIOLENCE', 'WB_843_DISPUTE_RESOLUTION', 'WB_2471_PEACEKEEPING', 'LEADER', 'TAX_FNCACT_PRIME_MINISTER', 'FUELPRICES', 'ECON_GASOLINEPRICE', 'ECON_HEATINGOIL', 'WB_135_TRANSPORT', 'WMD', 'CEASEFIRE', 'CEASEFIRE', 'MARITIME', 'TAX_ECON_PRICE', 'TAX_ECON_PRICE', 'TAX_ECON_PRICE', 'TAX_ECON_PRICE', 'TAX_ECON_PRICE', 'TAX_ECON_PRICE', 'ARMEDCONFLICT', 'EPU_CATS_NATIONAL_SECURITY', 'ALLIANCE', 'USPEC_POLICY1', 'EPU_UNCERTAINTY', 'GENERAL_GOVERNMENT', 'GENERAL_GOVERNMENT', 'EPU_POLICY_GOVERNMENT', 'EPU_POLICY_GOVERNMENT', 'IDEOLOGY', 'EPU_ECONOMY', 'EPU_ECONOMY_HISTORIC', 'CRISISLEX_CRISISLEXREC', 'CLOSURE', 'TAX_FNCACT_MINISTER']",0.460829493087557
20260412101500-174,20260412101500,trinidadexpress.com,https://trinidadexpress.com/news/local/sturge-promises-campaign-finance-reform/article_b1b0b8e8-85e4-40ff-bbee-2491d2d31df8.html,"['TAX_FNCACT_CANDIDATES', 'TRIAL', 'TAX_FNCACT_ATTORNEY', 'TAX_FNCACT_INCUMBENT', 'TAX_FNCACT_INCUMBENT', 'TAX_FNCACT_OFFICIALS', 'TAX_FNCACT_CANDIDATE', 'TAX_FNCACT_CANDIDATE', 'TAX_FNCACT_CANDIDATE', 'USPEC_UNCERTAINTY1', 'DRUG_TRADE', 'WB_1331_HEALTH_TECHNOLOGIES', 'WB_2453_ORGANIZED_CRIME', 'WB_1350_PHARMACEUTICALS', 'WB_2433_CONFLICT_AND_VIOLENCE', 'WB_621_HEALTH_NUTRITION_AND_POPULATION', 'WB_2432_FRAGILITY_CONFLICT_AND_VIOLENCE', 'WB_2456_DRUGS_AND_NARCOTICS', 'MOVEMENT_GENERAL', 'TAX_FNCACT_SUPPORTERS', 'TAX_FNCACT_DEPUTY', 'GENERAL_GOVERNMENT', 'USPEC_POLITICS_GENERAL1', 'EPU_POLICY_CONGRESS', 'DELAY', 'ELECTION', 'ELECTION', 'ELECTION', 'ELECTION', 'ELECTION', 'ELECTION', 'ELECTION', 'ELECTION', 'ELECTION', 'ELECTION', 'ELECTION', 'ELECTION', 'ELECTION', 'APPOINTMENT', 'APPOINTMENT', 'CORRUPTION', 'CORRUPTION', 'WB_678_DIGITAL_GOVERNMENT', 'WB_694_BROADCAST_AND_MEDIA', 'WB_133_INFORMATION_AND_COMMUNICATION_TECHNOLOGIES', 'TAX_FNCACT_CITIZENS', 'UNGP_POLITICAL_FREEDOMS', 'LEADER', 'LEADER', 'LEADER', 'LEADER', 'LEADER', 'TAX_FNCACT_PRIME_MINISTER', 'TAX_FNCACT_PRIME_MINISTER', 'TAX_FNCACT_PRIME_MINISTER', 'TAX_FNCACT_PRIME_MINISTER', 'TAX_FNCACT_PRIME_MINISTER', 'WB_644_NUTRITION', 'WB_1441_SUPPLEMENTS', 'EPU_POLICY_POLITICAL', 'EPU_POLICY_POLITICAL', 'EPU_POLICY_POLITICAL', 'EPU_POLICY_POLITICAL', 'EPU_POLICY_POLITICAL', 'EPU_POLICY_POLITICAL', 'EPU_POLICY_POLITICAL', 'EPU_POLICY_POLITICAL', 'EPU_POLICY_POLITICAL', 'EPU_POLICY_POLITICAL', 'EPU_POLICY_POLITICAL', 'EPU_POLICY_POLITICAL', 'EPU_POLICY_POLITICAL', 'EPU_POLICY_POLITICAL', 'EPU_POLICY_POLITICAL', 'EPU_POLICY_POLITICAL', 'EPU_POLICY_POLITICAL', 'TAX_FNCACT_MINISTER', 'TAX_FNCACT_MINISTER', 'TAX_FNCACT_MINISTER', 'TAX_FNCACT_MINISTER', 'TAX_FNCACT_MINISTER', 'TAX_FNCACT_MINISTER', 'TAX_FNCACT_MINISTER', 'TAX_FNCACT_MINISTER', 'ECON_MONEYLAUNDERING', 'WB_2076_MONEY_LAUNDERING', 'WB_1920_FINANCIAL_SECTOR_DEVELOPMENT', 'WB_328_FINANCIAL_INTEGRITY', 'TAX_FNCACT_BUSINESSMAN', 'TAX_WORLDLANGUAGES_GANGA', 'MEDIA_SOCIAL', 'WB_652_ICT_APPLICATIONS', 'WB_662_SOCIAL_MEDIA', 'WB_658_ENTERPRISE_APPLICATIONS', 'KILL', 'EPU_POLICY_SPENDING', 'EPU_POLICY_SPENDING', 'EPU_POLICY_SPENDING', 'LEGISLATION', 'LEGISLATION', 'LEGISLATION', 'LEGISLATION', 'LEGISLATION', 'LEGISLATION', 'LEGISLATION', 'LEGISLATION', 'USPEC_POLICY1', 'USPEC_POLICY1', 'USPEC_POLICY1', 'USPEC_POLICY1', 'USPEC_POLICY1', 'USPEC_POLICY1', 'USPEC_POLICY1', 'USPEC_POLICY1', 'EPU_POLICY_LEGISLATION', 'EPU_POLICY_LEGISLATION', 'EPU_POLICY_LEGISLATION', 'EPU_POLICY_LEGISLATION', 'EPU_POLICY_LEGISLATION', 'EPU_POLICY_LEGISLATION', 'EPU_POLICY_LEGISLATION', 'EPU_POLICY_LEGISLATION', 'TAX_FNCACT_SPEAKER', 'EPU_POLICY_REFORM', 'EPU_POLICY_REFORM', 'EPU_POLICY_REFORM', 'EPU_POLICY_REFORM', 'EPU_POLICY_REFORM', 'EPU_POLICY_REFORM', 'EPU_POLICY_REFORM', 'EPU_POLICY_REFORM', 'EPU_POLICY_REFORM', 'EPU_POLICY_REFORM', 'EPU_POLICY_REFORM', 'CRISISLEX_T04_INFRASTRUCTURE', 'TAX_FNCACT_POLITICAL_LEADER', 'SOC_POINTSOFINTEREST_HEADQUARTERS', 'EPU_POLICY_GOVERNMENT', 'EPU_POLICY_GOVERNMENT', 'EPU_POLICY_GOVERNMENT', 'EPU_POLICY_GOVERNMENT', 'EPU_POLICY_GOVERNMENT', 'EPU_POLICY_GOVERNMENT', 'EPU_POLICY_GOVERNMENT', 'EPU_POLICY_GOVERNMENT', 'EPU_POLICY_GOVERNMENT', 'EPU_POLICY_GOVERNMENT', 'EPU_POLICY_GOVERNMENT', 'EPU_POLICY_GOVERNMENT', 'EPU_POLICY_GOVERNMENT', 'EPU_POLICY_GOVERNMENT', 'EPU_POLICY_GOVERNMENT', 'EPU_POLICY_GOVERNMENT', 'EPU_POLICY_GOVERNMENT', 'DEMOCRACY', 'TAX_FNCACT_GOVERNMENT_MINISTER', 'TAKE_OFFICE', 'CRISISLEX_T03_DEAD', 'IDEOLOGY', 'IDEOLOGY', 'TAX_FNCACT_SENATOR', 'TAX_FNCACT_LEADER', 'TAX_FNCACT_FINANCIERS', 'TAX_FNCACT_FINANCIERS', 'MANMADE_DISASTER_IMPLIED', 'WB_696_PUBLIC_SECTOR_MANAGEMENT', 'WB_831_GOVERNANCE', 'WB_1921_PRIVATE_SECTOR_DEVELOPMENT', 'WB_405_BUSINESS_CLIMATE', 'WB_2531_INSPECTIONS_LICENSING_AND_PERMITS', 'WB_2530_BUSINESS_ENVIRONMENT', 'TAX_FNCACT_FINANCIER', 'TAX_POLITICAL_PARTY_UNITED_NATIONAL_CONGRESS', 'EPU_CATS_MIGRATION_FEAR_FEAR', 'EPU_CATS_MIGRATION_FEAR_FEAR', 'EPU_CATS_MIGRATION_FEAR_FEAR', 'UNGP_FORESTS_RIVERS_OCEANS', 'UNGP_FORESTS_RIVERS_OCEANS', 'TAX_POLITICAL_PARTY_PEOPLE_NATIONAL_MOVEMENT', 'TRANSPARENCY', 'TRANSPARENCY', 'TRANSPARENCY']",-0.355366027007818
20260412101500-175,20260412101500,cairnspost.com.au,https://www.cairnspost.com.au/entertainment/he-proposed-in-deborahlee-furnesss-jacuzzi/news-story/ddc81959ee670245f9c5a0d640cd49c0&memtype=anonymous&mode=premium&nk=3462c7ffbffdeb0d7ca93d908d1aafe0-1775988098,"['LEGISLATION', 'EPU_POLICY_LAW', 'TAX_ECON_PRICE']",-4.12371134020619
20260412101500-176,20260412101500,pakistantoday.com.pk,https://www.pakistantoday.com.pk/2026/04/12/teaser-for-mehwish-hayat-and-fahad-mustafas-zombeid-promises-gore-and-chaos,"['MOVEMENT_GENERAL', 'TAX_DISEASE_OUTBREAK', 'TAX_DISEASE_OUTBREAK', 'WB_635_PUBLIC_HEALTH', 'WB_635_PUBLIC_HEALTH', 'WB_2165_HEALTH_EMERGENCIES', 'WB_2165_HEALTH_EMERGENCIES', 'WB_2166_HEALTH_EMERGENCY_PREPAREDNESS_AND_DISASTER_RESPONSE', 'WB_2166_HEALTH_EMERGENCY_PREPAREDNESS_AND_DISASTER_RESPONSE', 'WB_621_HEALTH_NUTRITION_AND_POPULATION', 'WB_621_HEALTH_NUTRITION_AND_POPULATION', 'WB_2167_PANDEMICS', 'WB_2167_PANDEMICS', 'CRISISLEX_CRISISLEXREC', 'WB_2433_CONFLICT_AND_VIOLENCE', 'WB_2432_FRAGILITY_CONFLICT_AND_VIOLENCE', 'UNGP_CRIME_VIOLENCE', 'EPU_CATS_MIGRATION_FEAR_FEAR']",-5.70719602977667
20260412101500-177,20260412101500,livemint.com,https://www.livemint.com/industry/media/meta-instagram-reels-creators-india-influencers-brands-youtube-subscribers-11775969707831.html,"['TAX_FNCACT_EXECUTIVE_OFFICER', 'MEDIA_SOCIAL', 'MEDIA_SOCIAL', 'MEDIA_SOCIAL', 'MEDIA_SOCIAL', 'MEDIA_SOCIAL', 'MEDIA_SOCIAL', 'TAX_DISEASE_FATIGUE', 'TAX_DISEASE_FATIGUE', 'TAX_FNCACT_EXECUTIVE', 'EPU_ECONOMY_HISTORIC', 'TAX_FNCACT_CHIEF_EXECUTIVE', 'TAX_MILITARY_TITLE_OFFICER', 'TAX_FNCACT_OFFICER', 'TAX_FNCACT_SALESPERSONS', 'TAX_FNCACT_CHIEF', 'WB_290_TELECOMMUNICATIONS_ORGANIZATIONAL_DESIGN', 'WB_288_TELECOMMUNICATIONS_SECTOR_POLICY_AND_REGULATION', 'WB_286_TELECOMMUNICATIONS_AND_BROADBAND_ACCESS', 'TAX_FNCACT_CHIEF_EXECUTIVE_OFFICER', 'USPEC_POLICY1', 'EPU_POLICY_BUDGET', 'WB_678_DIGITAL_GOVERNMENT', 'WB_678_DIGITAL_GOVERNMENT', 'WB_652_ICT_APPLICATIONS', 'WB_652_ICT_APPLICATIONS', 'WB_665_SOFTWARE_AS_A_SERVICE', 'WB_665_SOFTWARE_AS_A_SERVICE', 'WB_658_ENTERPRISE_APPLICATIONS', 'WB_658_ENTERPRISE_APPLICATIONS', 'WB_133_INFORMATION_AND_COMMUNICATION_TECHNOLOGIES', 'WB_133_INFORMATION_AND_COMMUNICATION_TECHNOLOGIES', 'ELECTION', 'TAX_ECON_PRICE']",1.93965517241379
20260412101500-178,20260412101500,pakistantoday.com.pk,https://www.pakistantoday.com.pk/2026/04/12/five-police-officials-suspended-after-woman-slapped-in-bahawalpur,"['CRISISLEX_C04_LOGISTICS_TRANSPORT', 'TAX_FNCACT_OFFICER', 'TAX_FNCACT_OFFICER', 'TRAFFIC', 'SECURITY_SERVICES', 'SECURITY_SERVICES', 'SECURITY_SERVICES', 'SECURITY_SERVICES', 'SECURITY_SERVICES', 'SECURITY_SERVICES', 'SECURITY_SERVICES', 'SECURITY_SERVICES', 'SECURITY_SERVICES', 'TAX_FNCACT_POLICE', 'TAX_FNCACT_POLICE', 'TAX_FNCACT_POLICE', 'TAX_FNCACT_POLICE', 'TAX_FNCACT_POLICE', 'TAX_FNCACT_POLICE', 'TAX_FNCACT_POLICE', 'TAX_FNCACT_POLICE', 'TAX_FNCACT_POLICE', 'CRISISLEX_C07_SAFETY', 'CRISISLEX_C07_SAFETY', 'CRISISLEX_C07_SAFETY', 'CRISISLEX_C07_SAFETY', 'CRISISLEX_C07_SAFETY', 'CRISISLEX_C07_SAFETY', 'CRISISLEX_C07_SAFETY', 'CRISISLEX_C07_SAFETY', 'CRISISLEX_C07_SAFETY', 'MANMADE_DISASTER_IMPLIED', 'SOC_GENERALCRIME', 'SOC_SELFIMMOLATION', 'TAX_FNCACT_POLICE_OFFICER', 'CRISISLEX_CRISISLEXREC', 'MEDIA_SOCIAL', 'MEDIA_SOCIAL', 'WB_652_ICT_APPLICATIONS', 'WB_652_ICT_APPLICATIONS', 'WB_662_SOCIAL_MEDIA', 'WB_662_SOCIAL_MEDIA', 'WB_658_ENTERPRISE_APPLICATIONS', 'WB_658_ENTERPRISE_APPLICATIONS', 'TAX_FNCACT_OFFICIALS', 'TAX_FNCACT_OFFICIALS', 'TAX_FNCACT_OFFICIALS', 'TAX_FNCACT_OFFICIALS', 'DISASTER_FIRE', 'TAX_FNCACT_WOMAN', 'TAX_FNCACT_WOMAN', 'TAX_FNCACT_WOMAN', 'TAX_FNCACT_WOMAN', 'TAX_FNCACT_WOMAN', 'TAX_FNCACT_CONSTABLE', 'TAX_FNCACT_CONSTABLE', 'TAX_FNCACT_CONSTABLE', 'TAX_FNCACT_CONSTABLE', 'TAX_FNCACT_DRIVER', 'SOC_POINTSOFINTEREST_POLICE_STATION', 'MILITARY', 'TAX_FNCACT_SERVICEMAN', 'KILL', 'CRISISLEX_T03_DEAD', 'TAX_FNCACT_BUS_DRIVER', 'ARREST', 'PUBLIC_TRANSPORT', 'PUBLIC_TRANSPORT', 'GENERAL_HEALTH', 'MEDICAL', 'SOC_POINTSOFINTEREST_HOSPITAL', 'CRISISLEX_C03_WELLBEING_HEALTH', 'WB_678_DIGITAL_GOVERNMENT', 'WB_678_DIGITAL_GOVERNMENT', 'WB_694_BROADCAST_AND_MEDIA', 'WB_694_BROADCAST_AND_MEDIA', 'WB_133_INFORMATION_AND_COMMUNICATION_TECHNOLOGIES', 'WB_133_INFORMATION_AND_COMMUNICATION_TECHNOLOGIES', 'TAX_FNCACT_CHILDREN', 'TAX_FNCACT_OFFICIAL', 'TAX_FNCACT_PUBLIC_RELATIONS_OFFICER']",-6.64556962025316
20260412101500-179,20260412101500,jwire.com.au,https://www.jwire.com.au/jnf-blue-box-continues/,"['KILL', 'CRISISLEX_CRISISLEXREC', 'ARMEDCONFLICT', 'ARMEDCONFLICT', 'EPU_CATS_NATIONAL_SECURITY', 'EPU_CATS_NATIONAL_SECURITY', 'TAX_WEAPONS_BOMB', 'EPU_CATS_MIGRATION_FEAR_FEAR', 'MANMADE_DISASTER_IMPLIED', 'PROTEST', 'TAX_FNCACT_CEO', 'TAX_RELIGION_JEWISH', 'TAX_ETHNICITY_JEWISH', 'AGRICULTURE', 'WB_137_WATER', 'BORDER', 'CRISISLEX_O02_RESPONSEAGENCIESATCRISIS', 'WB_566_ENVIRONMENT_AND_NATURAL_RESOURCES', 'WB_1777_FORESTS', 'WB_590_ECOSYSTEMS', 'UNGP_FORESTS_RIVERS_OCEANS', 'TAX_FNCACT_CHILDREN']",3.08056872037915
20260412101500-180,20260412101500,theage.com.au,https://www.theage.com.au/national/nsw/every-school-will-offer-gifted-education-but-who-decides-who-is-gifted-20260410-p5zmwx.html,"['TAX_FNCACT_STUDENT', 'TAX_FNCACT_STUDENT', 'TAX_FNCACT_STUDENT', 'SOC_POINTSOFINTEREST_SCHOOLS', 'SOC_POINTSOFINTEREST_SCHOOLS', 'SOC_POINTSOFINTEREST_SCHOOLS', 'SOC_POINTSOFINTEREST_SCHOOLS', 'SOC_POINTSOFINTEREST_SCHOOLS', 'SOC_POINTSOFINTEREST_SCHOOLS', 'SOC_POINTSOFINTEREST_SCHOOLS', 'UNGP_FORESTS_RIVERS_OCEANS', 'SOC_POINTSOFINTEREST_UNIVERSITY', 'TAX_FNCACT_CONSULTANT', 'TAX_FNCACT_DEPARTMENT_HEAD', 'SOC_POINTSOFINTEREST_HIGH_SCHOOL', 'SOC_POINTSOFINTEREST_HIGH_SCHOOL', 'SOC_POINTSOFINTEREST_HIGH_SCHOOL', 'TAX_FNCACT_CHILDREN', 'TAX_FNCACT_CHILDREN', 'TAX_FNCACT_CHILDREN', 'TAX_FNCACT_EDUCATOR', 'TAX_RELIGION_CATHOLIC', 'TAX_RELIGION_CATHOLIC', 'WB_1467_EDUCATION_FOR_ALL', 'WB_2131_EMPLOYABILITY_SKILLS_AND_JOBS', 'WB_1484_EDUCATION_SKILLS_DEVELOPMENT_AND_LABOR_MARKET', 'TAX_MILITARY_TITLE_OFFICER', 'TAX_FNCACT_OFFICER', 'TAX_FNCACT_DEPUTY', 'USPEC_POLICY1', 'USPEC_POLICY1', 'EPU_POLICY_POLICY', 'EPU_POLICY_POLICY', 'TAX_FNCACT_EDITOR', 'TAX_FNCACT_PROFESSOR', 'SOC_POINTSOFINTEREST_COLLEGE', 'SOC_POINTSOFINTEREST_COLLEGE', 'GENERAL_GOVERNMENT', 'GENERAL_GOVERNMENT', 'EPU_POLICY_GOVERNMENT', 'EPU_POLICY_GOVERNMENT', 'CRISISLEX_T11_UPDATESSYMPATHY', 'TAX_FNCACT_SPOKESMAN', 'TAX_FNCACT_SPOKESMAN', 'WB_470_EDUCATION', 'WB_470_EDUCATION', 'WB_470_EDUCATION', 'WB_470_EDUCATION', 'WB_470_EDUCATION', 'WB_470_EDUCATION', 'WB_470_EDUCATION', 'WB_470_EDUCATION', 'WB_470_EDUCATION', 'WB_470_EDUCATION', 'WB_470_EDUCATION', 'WB_470_EDUCATION', 'WB_470_EDUCATION', 'WB_470_EDUCATION', 'LEADER', 'TAX_FNCACT_PRESIDENT', 'USPEC_POLITICS_GENERAL1', 'TAX_FNCACT_PRINCIPAL', 'TAX_FNCACT_STUDENTS', 'TAX_FNCACT_STUDENTS', 'TAX_FNCACT_STUDENTS', 'TAX_FNCACT_STUDENTS', 'TAX_FNCACT_STUDENTS', 'TAX_FNCACT_STUDENTS', 'TAX_FNCACT_STUDENTS', 'TAX_FNCACT_STUDENTS', 'TAX_FNCACT_STUDENTS', 'TAX_FNCACT_STUDENTS', 'TAX_FNCACT_STUDENTS', 'TAX_FNCACT_STUDENTS', 'EDUCATION', 'EDUCATION', 'EDUCATION', 'EDUCATION', 'EDUCATION', 'EDUCATION', 'EDUCATION', 'EDUCATION', 'SOC_POINTSOFINTEREST_SCHOOL', 'SOC_POINTSOFINTEREST_SCHOOL', 'SOC_POINTSOFINTEREST_SCHOOL', 'SOC_POINTSOFINTEREST_SCHOOL', 'SOC_POINTSOFINTEREST_SCHOOL', 'SOC_POINTSOFINTEREST_SCHOOL', 'SOC_POINTSOFINTEREST_SCHOOL', 'SOC_POINTSOFINTEREST_SCHOOL']",4.55635491606715
20260412101500-181,20260412101500,clactonandfrintongazette.co.uk,https://www.clactonandfrintongazette.co.uk/news/national/uk-today/26013925.primark-launches-app-shoppers-can-check-stock-stores/,"['ECON_STOCKMARKET', 'TAX_MILITARY_TITLE_OFFICER', 'TAX_FNCACT_OFFICER', 'TAX_FNCACT_CHIEF', 'TAX_FNCACT_DIRECTOR']",5.37634408602151
20260412101500-182,20260412101500,herefordtimes.com,https://www.herefordtimes.com/news/26013989.iran-us-end-peace-deal-talks-pakistan-21-hours/,"['TAX_TERROR_GROUP_HEZBOLLAH', 'TAX_TERROR_GROUP_HEZBOLLAH', 'TAX_TERROR_GROUP_HEZBOLLAH', 'TAX_TERROR_GROUP_HEZBOLLAH', 'TAX_POLITICAL_PARTY_HEZBOLLAH', 'TAX_POLITICAL_PARTY_HEZBOLLAH', 'TAX_POLITICAL_PARTY_HEZBOLLAH', 'TAX_POLITICAL_PARTY_HEZBOLLAH', 'EPU_POLICY_GOVERNMENT', 'TAX_ETHNICITY_CHINESE', 'TAX_WORLDLANGUAGES_CHINESE', 'TAX_ETHNICITY_IRANIANS', 'ARMEDCONFLICT', 'ARMEDCONFLICT', 'ARMEDCONFLICT', 'ARMEDCONFLICT', 'ARMEDCONFLICT', 'ARMEDCONFLICT', 'EPU_CATS_NATIONAL_SECURITY', 'EPU_CATS_NATIONAL_SECURITY', 'EPU_CATS_NATIONAL_SECURITY', 'EPU_CATS_NATIONAL_SECURITY', 'EPU_CATS_NATIONAL_SECURITY', 'EPU_CATS_NATIONAL_SECURITY', 'CRISISLEX_T01_CAUTION_ADVICE', 'TAX_WORLDLANGUAGES_QATARI', 'EPU_POLICY_WHITE_HOUSE', 'TAX_FNCACT_SPEAKER', 'TAX_FNCACT_SPEAKER', 'TAX_FNCACT_SPEAKER', 'WB_2433_CONFLICT_AND_VIOLENCE', 'WB_2465_REVOLUTIONARY_VIOLENCE', 'WB_2462_POLITICAL_VIOLENCE_AND_WAR', 'NEGOTIATIONS', 'NEGOTIATIONS', 'NEGOTIATIONS', 'NEGOTIATIONS', 'NEGOTIATIONS', 'NEGOTIATIONS', 'NEGOTIATIONS', 'WB_696_PUBLIC_SECTOR_MANAGEMENT', 'WB_696_PUBLIC_SECTOR_MANAGEMENT', 'WB_696_PUBLIC_SECTOR_MANAGEMENT', 'WB_696_PUBLIC_SECTOR_MANAGEMENT', 'WB_696_PUBLIC_SECTOR_MANAGEMENT', 'WB_696_PUBLIC_SECTOR_MANAGEMENT', 'WB_696_PUBLIC_SECTOR_MANAGEMENT', 'WB_840_JUSTICE', 'WB_840_JUSTICE', 'WB_840_JUSTICE', 'WB_840_JUSTICE', 'WB_840_JUSTICE', 'WB_840_JUSTICE', 'WB_840_JUSTICE', 'WB_2473_DIPLOMACY_AND_NEGOTIATIONS', 'WB_2473_DIPLOMACY_AND_NEGOTIATIONS', 'WB_2473_DIPLOMACY_AND_NEGOTIATIONS', 'WB_2473_DIPLOMACY_AND_NEGOTIATIONS', 'WB_2473_DIPLOMACY_AND_NEGOTIATIONS', 'WB_2473_DIPLOMACY_AND_NEGOTIATIONS', 'WB_2473_DIPLOMACY_AND_NEGOTIATIONS', 'WB_939_NEGOTIATION', 'WB_939_NEGOTIATION', 'WB_939_NEGOTIATION', 'WB_939_NEGOTIATION', 'WB_939_NEGOTIATION', 'WB_939_NEGOTIATION', 'WB_939_NEGOTIATION', 'WB_2470_PEACE_OPERATIONS_AND_CONFLICT_MANAGEMENT', 'WB_2470_PEACE_OPERATIONS_AND_CONFLICT_MANAGEMENT', 'WB_2470_PEACE_OPERATIONS_AND_CONFLICT_MANAGEMENT', 'WB_2470_PEACE_OPERATIONS_AND_CONFLICT_MANAGEMENT', 'WB_2470_PEACE_OPERATIONS_AND_CONFLICT_MANAGEMENT', 'WB_2470_PEACE_OPERATIONS_AND_CONFLICT_MANAGEMENT', 'WB_2470_PEACE_OPERATIONS_AND_CONFLICT_MANAGEMENT', 'WB_936_ALTERNATIVE_DISPUTE_RESOLUTION', 'WB_936_ALTERNATIVE_DISPUTE_RESOLUTION', 'WB_936_ALTERNATIVE_DISPUTE_RESOLUTION', 'WB_936_ALTERNATIVE_DISPUTE_RESOLUTION', 'WB_936_ALTERNATIVE_DISPUTE_RESOLUTION', 'WB_936_ALTERNATIVE_DISPUTE_RESOLUTION', 'WB_936_ALTERNATIVE_DISPUTE_RESOLUTION', 'WB_2432_FRAGILITY_CONFLICT_AND_VIOLENCE', 'WB_2432_FRAGILITY_CONFLICT_AND_VIOLENCE', 'WB_2432_FRAGILITY_CONFLICT_AND_VIOLENCE', 'WB_2432_FRAGILITY_CONFLICT_AND_VIOLENCE', 'WB_2432_FRAGILITY_CONFLICT_AND_VIOLENCE', 'WB_2432_FRAGILITY_CONFLICT_AND_VIOLENCE', 'WB_2432_FRAGILITY_CONFLICT_AND_VIOLENCE', 'WB_843_DISPUTE_RESOLUTION', 'WB_843_DISPUTE_RESOLUTION', 'WB_843_DISPUTE_RESOLUTION', 'WB_843_DISPUTE_RESOLUTION', 'WB_843_DISPUTE_RESOLUTION', 'WB_843_DISPUTE_RESOLUTION', 'WB_843_DISPUTE_RESOLUTION', 'WB_2471_PEACEKEEPING', 'WB_2471_PEACEKEEPING', 'WB_2471_PEACEKEEPING', 'WB_2471_PEACEKEEPING', 'WB_2471_PEACEKEEPING', 'WB_2471_PEACEKEEPING', 'WB_2471_PEACEKEEPING', 'WB_713_PUBLIC_FINANCE', 'WB_1045_TREASURY', 'GENERAL_GOVERNMENT', 'GENERAL_GOVERNMENT', 'GENERAL_GOVERNMENT', 'RETALIATE', 'TAX_FNCACT_STUDENT', 'ENV_NATURALGAS', 'MARITIME_INCIDENT', 'MARITIME', 'MANMADE_DISASTER_IMPLIED', 'TAX_FNCACT_WORKERS', 'TAX_FNCACT_WORKERS', 'AFFECT', 'WB_2048_COMPENSATION_CAREERS_AND_INCENTIVES', 'WB_723_PUBLIC_ADMINISTRATION', 'WB_724_HUMAN_RESOURCES_FOR_PUBLIC_SECTOR', 'GENERAL_HEALTH', 'MEDICAL', 'WMD', 'WMD', 'TAX_FNCACT_OFFICIAL', 'TAX_FNCACT_SECRETARY_OF_STATE', 'TAX_FNCACT_SECRETARY_OF_STATE', 'PROTEST', 'PROTEST', 'TAX_FNCACT_DEMONSTRATORS', 'TAX_FNCACT_DEMONSTRATORS', 'TAX_WEAPONS_DESTROYERS', 'TERROR', 'CRISISLEX_CRISISLEXREC', 'TAX_ETHNICITY_AMERICAN', 'TAX_MILITARY_TITLE_ADMIRAL', 'TAX_FNCACT_ADMIRAL', 'DELAY', 'TAX_RELIGION_ISLAMIC', 'TAX_RELIGION_ISLAMIC', 'TAX_FNCACT_FOREIGN_MINISTER', 'TAX_FNCACT_FOREIGN_MINISTER', 'CEASEFIRE', 'CEASEFIRE', 'CEASEFIRE', 'CEASEFIRE', 'CEASEFIRE', 'CEASEFIRE', 'LEADER', 'LEADER', 'LEADER', 'LEADER', 'LEADER', 'TAX_FNCACT_PRESIDENT', 'TAX_FNCACT_PRESIDENT', 'TAX_FNCACT_PRESIDENT', 'TAX_FNCACT_PRESIDENT', 'TAX_FNCACT_PRESIDENT', 'USPEC_POLITICS_GENERAL1', 'USPEC_POLITICS_GENERAL1', 'USPEC_POLITICS_GENERAL1', 'USPEC_POLITICS_GENERAL1', 'USPEC_POLITICS_GENERAL1', 'TAX_FNCACT_OFFICIALS', 'TAX_FNCACT_OFFICIALS', 'TAX_FNCACT_OFFICIALS', 'ENV_OIL', 'MEDIA_MSM', 'MEDIA_MSM', 'TAX_FNCACT_MINISTER', 'TAX_FNCACT_MINISTER', 'TAX_FNCACT_MINISTER', 'TAX_FNCACT_MINISTER', 'TAX_FNCACT_MINISTER', 'TAX_FNCACT_MINISTER', 'TAX_FNCACT_MINISTER', 'TAX_FNCACT_MINISTER', 'WB_135_TRANSPORT', 'WB_135_TRANSPORT', 'USPEC_UNCERTAINTY1', 'TAX_FNCACT_SPOKESPERSON', 'ENV_MINING', 'WB_678_DIGITAL_GOVERNMENT', 'WB_694_BROADCAST_AND_MEDIA', 'WB_133_INFORMATION_AND_COMMUNICATION_TECHNOLOGIES', 'TAX_FNCACT_POPE', 'TAX_ETHNICITY_IRANIAN', 'TAX_ETHNICITY_IRANIAN', 'TAX_ETHNICITY_IRANIAN', 'TAX_ETHNICITY_IRANIAN', 'TAX_ETHNICITY_IRANIAN', 'KILL', 'CRISISLEX_T03_DEAD', 'TAX_FNCACT_SECRETARY', 'TAX_FNCACT_SECRETARY', 'TAX_FNCACT_SECRETARY', 'TAX_WORLDLANGUAGES_AMMAR', 'TAX_ETHNICITY_PERSIAN', 'TAX_WORLDLANGUAGES_PERSIAN', 'TAX_FNCACT_ENVOY', 'TAX_FNCACT_PRIME_MINISTER', 'TAX_FNCACT_PRIME_MINISTER', 'TAX_FNCACT_PRIME_MINISTER', 'TAX_FNCACT_PRIME_MINISTER', 'TAX_FNCACT_PRIME_MINISTER', 'TAX_FNCACT_PRIME_MINISTER']",-2.38095238095238
20260412101500-183,20260412101500,dailypioneer.com,https://dailypioneer.com/news/adg-br-east-reviews-restoration-efforts-in-landslide-hit-north-sikkim,"['TAX_FNCACT_DIRECTOR', 'BORDER', 'BORDER', 'BORDER', 'WB_1921_PRIVATE_SECTOR_DEVELOPMENT', 'WB_405_BUSINESS_CLIMATE', 'WB_2531_INSPECTIONS_LICENSING_AND_PERMITS', 'WB_2530_BUSINESS_ENVIRONMENT', 'WB_2601_TRADE_LINKAGES_SPILLOVERS_AND_CONNECTIVITY', 'WB_2601_TRADE_LINKAGES_SPILLOVERS_AND_CONNECTIVITY', 'WB_772_TRADE_FACILITATION_AND_LOGISTICS', 'WB_772_TRADE_FACILITATION_AND_LOGISTICS', 'WB_699_URBAN_DEVELOPMENT', 'WB_699_URBAN_DEVELOPMENT', 'WB_866_CONNECTIVITY_AND_LAGGING_REGIONS', 'WB_866_CONNECTIVITY_AND_LAGGING_REGIONS', 'WB_698_TRADE', 'WB_698_TRADE', 'WB_797_NATIONAL_URBAN_POLICIES', 'WB_797_NATIONAL_URBAN_POLICIES', 'UNGP_FORESTS_RIVERS_OCEANS', 'TAX_FNCACT_TROOPS']",1.02564102564103
20260412101500-184,20260412101500,eadt.co.uk,https://www.eadt.co.uk/news/national/26013983.hungary-polls-key-election-unseat-orban-16-years/,"['WB_678_DIGITAL_GOVERNMENT', 'WB_694_BROADCAST_AND_MEDIA', 'WB_133_INFORMATION_AND_COMMUNICATION_TECHNOLOGIES', 'AFFECT', 'WB_135_TRANSPORT', 'ECON_WORLDCURRENCIES_EURO', 'GENERAL_HEALTH', 'MEDICAL', 'LEGISLATION', 'EPU_POLICY_LAW', 'EPU_POLICY_POLITICAL', 'DEMOCRACY', 'DEMOCRACY', 'UNGP_POLITICAL_FREEDOMS', 'UNGP_POLITICAL_FREEDOMS', 'TAX_FNCACT_CITIZENS', 'LEADER', 'TAX_FNCACT_PRIME_MINISTER', 'USPEC_POLITICS_GENERAL1', 'USPEC_POLITICS_GENERAL1', 'USPEC_POLITICS_GENERAL1', 'MEDIA_MSM', 'MEDIA_MSM', 'TAX_FNCACT_LEADER', 'TAX_FNCACT_LEADER', 'TAX_FNCACT_LEADER', 'TAX_FNCACT_MINISTER', 'UNGP_FORESTS_RIVERS_OCEANS', 'TAX_FNCACT_INSIDER', 'TAX_ETHNICITY_HUNGARIAN', 'TAX_WORLDLANGUAGES_HUNGARIAN', 'TRIAL', 'SLFID_RULE_OF_LAW', 'TAX_WORLDLANGUAGES_RUSSIA', 'PIRACY', 'VETO', 'USPEC_UNCERTAINTY1', 'WB_1458_HEALTH_PROMOTION_AND_DISEASE_PREVENTION', 'WB_1462_WATER_SANITATION_AND_HYGIENE', 'WB_635_PUBLIC_HEALTH', 'WB_621_HEALTH_NUTRITION_AND_POPULATION', 'EPU_ECONOMY_HISTORIC', 'TAX_WORLDLANGUAGES_MAGYAR', 'TAX_WORLDLANGUAGES_MAGYAR', 'TAX_WORLDLANGUAGES_MAGYAR', 'TAX_WORLDLANGUAGES_MAGYAR', 'TAX_WORLDLANGUAGES_MAGYAR', 'TAX_WORLDLANGUAGES_MAGYAR', 'TAX_WORLDLANGUAGES_MAGYAR', 'PROPAGANDA', 'TAX_FNCACT_SUPPORTERS', 'PROTEST', 'MOVEMENT_GENERAL', 'TAX_FNCACT_ACTIVISTS', 'GENERAL_GOVERNMENT', 'GENERAL_GOVERNMENT', 'EPU_POLICY_GOVERNMENT', 'EPU_POLICY_GOVERNMENT', 'EPU_CATS_HEALTHCARE', 'UNREST_CRACKDOWN', 'EXTREMISM', 'EXTREMISM', 'CORRUPTION', 'CORRUPTION', 'ELECTION', 'ELECTION', 'ELECTION', 'ELECTION', 'ELECTION', 'ELECTION', 'ELECTION']",-1.05105105105105
20260412101500-185,20260412101500,anglocelt.ie,https://www.anglocelt.ie/2026/04/12/rory-mcilroy-looks-for-answers-on-the-range-as-masters-lead-vanishes/,[],1.41414141414141
20260412101500-186,20260412101500,wiltsglosstandard.co.uk,https://www.wiltsglosstandard.co.uk/news/national/26014009.dublin-fuel-protesters-ambushed-late-night-garda-operation-spokesman-says/,"['TAX_FNCACT_SPOKESMAN', 'ARMEDCONFLICT', 'AFFECT', 'SOC_RANSOM', 'LEADER', 'TAX_FNCACT_PRESIDENT', 'USPEC_POLITICS_GENERAL1', 'ENV_OIL', 'ENV_OIL', 'ENV_OIL', 'KILL', 'TAX_FNCACT_SUPPORTERS', 'MEDICAL', 'SOC_POINTSOFINTEREST_HOSPITALS', 'AGRICULTURE', 'SECURITY_SERVICES', 'SECURITY_SERVICES', 'SECURITY_SERVICES', 'TAX_FNCACT_POLICE', 'TAX_FNCACT_POLICE', 'TAX_FNCACT_POLICE', 'CRISISLEX_C07_SAFETY', 'CRISISLEX_C07_SAFETY', 'CRISISLEX_C07_SAFETY', 'SHORTAGE', 'TAX_ETHNICITY_IRISH', 'TAX_ETHNICITY_IRISH', 'TAX_ETHNICITY_IRISH', 'TAX_WORLDLANGUAGES_IRISH', 'TAX_WORLDLANGUAGES_IRISH', 'TAX_WORLDLANGUAGES_IRISH', 'WB_678_DIGITAL_GOVERNMENT', 'WB_694_BROADCAST_AND_MEDIA', 'WB_133_INFORMATION_AND_COMMUNICATION_TECHNOLOGIES', 'BLOCKADE', 'BLOCKADE', 'BLOCKADE', 'BLOCKADE', 'BLOCKADE', 'SEIGE', 'SEIGE', 'SEIGE', 'SEIGE', 'SEIGE', 'TAX_MILITARY_TITLE_OFFICERS', 'TAX_FNCACT_OFFICERS', 'PROTEST', 'PROTEST', 'PROTEST', 'PROTEST', 'PROTEST', 'PROTEST', 'PROTEST', 'WB_135_TRANSPORT', 'WB_135_TRANSPORT', 'TAX_FNCACT_STREET_CLEANERS', 'ALLIANCE', 'ALLIANCE', 'MANMADE_DISASTER_IMPLIED', 'MANMADE_DISASTER_IMPLIED', 'MANMADE_DISASTER_IMPLIED', 'WB_539_OIL_AND_GAS_POLICY_STRATEGY_AND_INSTITUTIONS', 'WB_539_OIL_AND_GAS_POLICY_STRATEGY_AND_INSTITUTIONS', 'WB_539_OIL_AND_GAS_POLICY_STRATEGY_AND_INSTITUTIONS', 'WB_507_ENERGY_AND_EXTRACTIVES', 'WB_507_ENERGY_AND_EXTRACTIVES', 'WB_507_ENERGY_AND_EXTRACTIVES', 'WB_548_PPP_IN_OIL_AND_GAS', 'WB_548_PPP_IN_OIL_AND_GAS', 'WB_548_PPP_IN_OIL_AND_GAS', 'WB_2298_REFINERIES', 'WB_2298_REFINERIES', 'WB_2298_REFINERIES', 'EPU_ECONOMY_HISTORIC', 'TAX_FNCACT_SPOKESWOMAN', 'MEDIA_SOCIAL', 'WB_652_ICT_APPLICATIONS', 'WB_662_SOCIAL_MEDIA', 'WB_658_ENTERPRISE_APPLICATIONS', 'UNGP_CRIME_VIOLENCE', 'TAX_FNCACT_CHIEF_EXECUTIVE', 'TAX_FNCACT_COMMISSIONER', 'TAX_FNCACT_COMMISSIONER', 'RURAL', 'CRISISLEX_CRISISLEXREC', 'CRISISLEX_CRISISLEXREC', 'CRISISLEX_O02_RESPONSEAGENCIESATCRISIS', 'TAX_FNCACT_SPOKESMEN', 'TAX_FNCACT_MINISTERS', 'UNGP_FORESTS_RIVERS_OCEANS', 'UNGP_FORESTS_RIVERS_OCEANS', 'UNGP_FORESTS_RIVERS_OCEANS', 'GENERAL_GOVERNMENT', 'GENERAL_GOVERNMENT', 'GENERAL_GOVERNMENT', 'GENERAL_GOVERNMENT', 'GENERAL_GOVERNMENT', 'GENERAL_GOVERNMENT', 'EPU_POLICY_GOVERNMENT', 'EPU_POLICY_GOVERNMENT', 'EPU_POLICY_GOVERNMENT', 'EPU_POLICY_GOVERNMENT', 'EPU_POLICY_GOVERNMENT', 'EPU_POLICY_GOVERNMENT', 'TAX_ECON_PRICE', 'TAX_ECON_PRICE', 'TAX_ECON_PRICE', 'TAX_FNCACT_REPRESENTATIVE', 'TAX_FNCACT_EXECUTIVE', 'LEGISLATION', 'EPU_POLICY_LAW', 'ARREST', 'DISASTER_FIRE', 'CRISISLEX_T01_CAUTION_ADVICE', 'TAX_FNCACT_CHIEF', 'EDUCATION', 'SOC_POINTSOFINTEREST_SCHOOLS', 'GENERAL_HEALTH', 'WB_635_PUBLIC_HEALTH', 'WB_2165_HEALTH_EMERGENCIES', 'WB_621_HEALTH_NUTRITION_AND_POPULATION', 'WB_1324_EMERGENCY_MEDICAL_SERVICES', 'CRISISLEX_O01_WEATHER', 'TAX_FNCACT_WORKERS', 'MILITARY']",-5.9449866903283
20260412101500-187,20260412101500,internationalviewpoint.org,https://internationalviewpoint.org/_Daniel-Tanuro_,"['TAX_FNCACT_AUTHOR', 'TAX_ETHNICITY_BELGIAN']",-6.25
20260412101500-188,20260412101500,rollingstone.com,https://www.rollingstone.com/music/music-news/snl-watch-anitta-perform-choka-choka-varias-quejas-equilibrium-1235545371/,"['TAX_ETHNICITY_ENGLISH', 'TAX_ETHNICITY_ENGLISH', 'TAX_WORLDLANGUAGES_ENGLISH', 'TAX_WORLDLANGUAGES_ENGLISH', 'TAX_ETHNICITY_COLOMBIAN', 'TAX_WORLDLANGUAGES_LATIN', 'TAX_WORLDLANGUAGES_LATIN', 'TAX_FNCACT_SINGER', 'TAX_ETHNICITY_SPANISH', 'TAX_WORLDLANGUAGES_SPANISH', 'TAX_ETHNICITY_PORTUGUESE', 'TAX_WORLDLANGUAGES_PORTUGUESE']",0.746268656716418
20260412101500-189,20260412101500,propakistani.pk,https://propakistani.pk/2026/04/12/left-out-of-us-iran-talks-in-pakistan-india-turns-to-uae-for-diplomatic-spotlight/,"['TAX_FNCACT_WORKERS', 'WB_698_TRADE', 'ARMEDCONFLICT', 'EPU_CATS_NATIONAL_SECURITY', 'MEDIA_SOCIAL', 'TAX_FNCACT_MINISTER', 'EPU_ECONOMY', 'EPU_ECONOMY', 'EPU_ECONOMY_HISTORIC', 'EPU_ECONOMY_HISTORIC', 'CRISISLEX_C07_SAFETY', 'UNGP_FORESTS_RIVERS_OCEANS', 'CEASEFIRE', 'EPU_POLICY_POLITICAL', 'NEGOTIATIONS', 'WB_696_PUBLIC_SECTOR_MANAGEMENT', 'WB_840_JUSTICE', 'WB_2473_DIPLOMACY_AND_NEGOTIATIONS', 'WB_939_NEGOTIATION', 'WB_2470_PEACE_OPERATIONS_AND_CONFLICT_MANAGEMENT', 'WB_936_ALTERNATIVE_DISPUTE_RESOLUTION', 'WB_2432_FRAGILITY_CONFLICT_AND_VIOLENCE', 'WB_843_DISPUTE_RESOLUTION', 'WB_2471_PEACEKEEPING', 'ECON_DEVELOPMENTORGS_INTERNATIONAL_MONETARY_FUND', 'TAX_FNCACT_OFFICIALS', 'LEADER', 'TAX_FNCACT_PRESIDENT', 'USPEC_POLITICS_GENERAL1', 'TAX_ETHNICITY_ARAB', 'TAX_ETHNICITY_INDIAN', 'TAX_ETHNICITY_INDIAN', 'TAX_ETHNICITY_INDIAN', 'TAX_ETHNICITY_INDIAN']",0.636942675159236
20260412101500-190,20260412101500,yahoo.com,https://www.yahoo.com/news/articles/hey-coshocton-county-heres-know-090852672.html,"['TAX_RELIGION_CHURCH', 'TAX_RELIGION_METHODIST', 'AGRICULTURE', 'SLFID_NATURAL_RESOURCES', 'WB_471_ECONOMIC_GROWTH', 'WB_1078_DETERMINANTS_OF_GROWTH', 'WB_1079_COMMODITIES_AND_RESOURCES', 'UNGP_FORESTS_RIVERS_OCEANS', 'SOC_POINTSOFINTEREST_UNIVERSITY', 'SOC_POINTSOFINTEREST_UNIVERSITY', 'WB_137_WATER', 'WB_135_TRANSPORT', 'SOC_POINTSOFINTEREST_HIGH_SCHOOL', 'SOC_POINTSOFINTEREST_AIRPORT', 'WB_1803_TRANSPORT_INFRASTRUCTURE', 'WB_1804_AIRPORTS', 'DISABILITY', 'WB_1458_HEALTH_PROMOTION_AND_DISEASE_PREVENTION', 'WB_635_PUBLIC_HEALTH', 'WB_1464_HEALTH_OF_THE_DISABLED', 'WB_621_HEALTH_NUTRITION_AND_POPULATION', 'TAX_FNCACT_COMMISSIONER', 'EDUCATION', 'EDUCATION', 'EDUCATION', 'SOC_POINTSOFINTEREST_SCHOOL', 'SOC_POINTSOFINTEREST_SCHOOL', 'SOC_POINTSOFINTEREST_SCHOOL', 'TAX_FNCACT_STUDENTS']",1.27226463104326
20260412101500-191,20260412101500,wiltsglosstandard.co.uk,https://www.wiltsglosstandard.co.uk/news/national/26014084.russia-ukraine-trade-blame-violating-orthodox-easter-ceasefire/,"['LEADER', 'LEADER', 'TAX_FNCACT_PRESIDENT', 'TAX_FNCACT_PRESIDENT', 'USPEC_POLITICS_GENERAL1', 'USPEC_POLITICS_GENERAL1', 'TAX_ETHNICITY_UKRAINIAN', 'TAX_ETHNICITY_UKRAINIAN', 'TAX_ETHNICITY_UKRAINIAN', 'TAX_ETHNICITY_UKRAINIAN', 'TAX_ETHNICITY_UKRAINIAN', 'TAX_WORLDLANGUAGES_UKRAINIAN', 'TAX_WORLDLANGUAGES_UKRAINIAN', 'TAX_WORLDLANGUAGES_UKRAINIAN', 'TAX_WORLDLANGUAGES_UKRAINIAN', 'TAX_WORLDLANGUAGES_UKRAINIAN', 'CEASEFIRE', 'CEASEFIRE', 'CEASEFIRE', 'CEASEFIRE', 'CEASEFIRE', 'DRONES', 'DRONES', 'DRONES', 'TAX_WORLDLANGUAGES_RUSSIA', 'TAX_WORLDLANGUAGES_RUSSIA', 'TAX_WORLDLANGUAGES_RUSSIA', 'TAX_WORLDLANGUAGES_RUSSIA', 'TAX_WORLDLANGUAGES_RUSSIA', 'CRISISLEX_CRISISLEXREC', 'TAX_WEAPONS_BOMBS', 'CRISISLEX_T01_CAUTION_ADVICE', 'TAX_FNCACT_MILITARY_OFFICER', 'ARMEDCONFLICT', 'TAX_RELIGION_ORTHODOX', 'WOUND', 'CRISISLEX_C03_WELLBEING_HEALTH', 'CRISISLEX_T02_INJURED', 'EPU_CATS_NATIONAL_SECURITY', 'TAX_WEAPONS_DRONE_STRIKE', 'TAX_FOODSTAPLES_BREAD', 'TAX_FOODSTAPLES_BREAD', 'DISASTER_FIRE', 'CRISISLEX_T04_INFRASTRUCTURE', 'TAX_MILITARY_TITLE_OFFICER', 'TAX_FNCACT_OFFICER', 'TAX_ETHNICITY_RUSSIAN', 'TAX_ETHNICITY_RUSSIAN', 'TAX_ETHNICITY_RUSSIAN', 'TAX_ETHNICITY_RUSSIAN', 'TAX_WORLDLANGUAGES_RUSSIAN', 'TAX_WORLDLANGUAGES_RUSSIAN', 'TAX_WORLDLANGUAGES_RUSSIAN', 'TAX_WORLDLANGUAGES_RUSSIAN', 'CRISISLEX_O02_RESPONSEAGENCIESATCRISIS']",-9.74576271186441
20260412101500-192,20260412101500,pinkvilla.com,https://www.pinkvilla.com/cinema/asha-bhosle-legendary-bollywood-singer-passes-away-at-92-1402228,"['TAX_FNCACT_SINGER', 'TAX_FNCACT_SINGER', 'UNGP_FORESTS_RIVERS_OCEANS', 'UNGP_FORESTS_RIVERS_OCEANS', 'TAX_ETHNICITY_INDIAN', 'TAX_ETHNICITY_INDIAN', 'TAX_FNCACT_SINGERS', 'WB_2670_JOBS', 'WB_696_PUBLIC_SECTOR_MANAGEMENT', 'WB_2048_COMPENSATION_CAREERS_AND_INCENTIVES', 'WB_723_PUBLIC_ADMINISTRATION', 'WB_724_HUMAN_RESOURCES_FOR_PUBLIC_SECTOR', 'MEDIA_MSM', 'GENERAL_HEALTH', 'GENERAL_HEALTH', 'MEDICAL', 'MEDICAL', 'SOC_POINTSOFINTEREST_HOSPITAL', 'SOC_POINTSOFINTEREST_HOSPITAL', 'CRISISLEX_C03_WELLBEING_HEALTH', 'CRISISLEX_C03_WELLBEING_HEALTH']",6.41025641025641
20260412101500-193,20260412101500,thehindu.com,https://www.thehindu.com/news/national/andhra-pradesh/andhra-university-at-100-vice-chancellor-outlines-roadmap/article70853509.ece,"['TAX_RELIGION_HINDU', 'TAX_ETHNICITY_HINDU', 'EDUCATION', 'EDUCATION', 'EDUCATION', 'EDUCATION', 'SOC_POINTSOFINTEREST_UNIVERSITY', 'SOC_POINTSOFINTEREST_UNIVERSITY', 'SOC_POINTSOFINTEREST_UNIVERSITY', 'SOC_POINTSOFINTEREST_UNIVERSITY', 'EPU_POLICY_REFORM', 'WB_470_EDUCATION', 'WB_482_TERTIARY_EDUCATION', 'WB_478_LEVELS_OF_EDUCATION']",0.884955752212389
20260412101500-194,20260412101500,aceshowbiz.com,https://www.aceshowbiz.com/news/view/00253449.html,"['TAX_RELIGION_MORMONISM', 'TAX_RELIGION_MORMONISM', 'MANMADE_DISASTER_IMPLIED', 'WB_615_GENDER', 'TAX_FNCACT_LEADER', 'TAX_RELIGION_MORMON', 'TAX_RELIGION_MORMON', 'TAX_RELIGION_MORMON', 'TAX_RELIGION_MORMON', 'TAX_RELIGION_MORMON', 'TAX_RELIGION_MORMON', 'TAX_RELIGION_MORMON', 'TAX_RELIGION_MORMON', 'TAX_RELIGION_MORMON', 'TAX_RELIGION_MORMON', 'TAX_RELIGION_MORMON', 'TAX_RELIGION_MORMON', 'TAX_RELIGION_MORMON', 'TAX_RELIGION_CHURCH', 'TAX_RELIGION_CHURCH', 'TAX_RELIGION_CHURCH', 'TAX_RELIGION_CHURCH', 'TAX_RELIGION_CHURCH', 'TAX_RELIGION_CHURCH', 'TAX_RELIGION_CHURCH', 'TAX_RELIGION_CHURCH', 'TAX_RELIGION_CHURCH', 'TAX_RELIGION_CHURCH', 'TAX_RELIGION_CHURCH', 'TAX_RELIGION_CHURCH', 'TAX_RELIGION_CHURCH', 'TAX_RELIGION_CHURCH', 'TAX_RELIGION_CHURCH', 'RELIGION', 'RELIGION', 'RELIGION', 'RELIGION', 'RELIGION', 'RELIGION', 'RELIGION', 'TAX_RELIGION_LDS_CHURCH', 'TAX_RELIGION_LDS_CHURCH', 'TAX_RELIGION_LDS_CHURCH', 'TERROR', 'WB_2433_CONFLICT_AND_VIOLENCE', 'WB_2451_REBELS_GUERRILLAS_AND_INSURGENTS', 'WB_2432_FRAGILITY_CONFLICT_AND_VIOLENCE', 'WB_2445_NON_STATE_SECURITY_ACTORS', 'TAX_RELIGION_MORMON_CHURCH', 'EDUCATION', 'SOC_POINTSOFINTEREST_SCHOOL', 'TAX_FNCACT_FATHER', 'TAX_FNCACT_FATHER', 'TAX_FNCACT_CHILDREN', 'TAX_FNCACT_CHILDREN', 'TAX_FNCACT_CHILD', 'TAX_RELIGION_CHURCH_OF_JESUS_CHRIST', 'SOC_POINTSOFINTEREST_HIGH_SCHOOL', 'SCANDAL', 'CRISISLEX_T11_UPDATESSYMPATHY', 'ARMEDCONFLICT', 'REBELLION', 'REBELS']",0.443131462333826
20260412101500-195,20260412101500,registercitizen.com,https://www.registercitizen.com/opinion/article/ny-auto-show-2026-22199987.php,"['INFRASTRUCTURE_BAD_ROADS', 'CRISISLEX_C04_LOGISTICS_TRANSPORT', 'UNGP_TRANSPORTATION_ROADS', 'TAX_FNCACT_DRIVER', 'TAX_FNCACT_DRIVER', 'TAX_FNCACT_DRIVER', 'TAX_FNCACT_DRIVER', 'TAX_FNCACT_DRIVER', 'TAX_FNCACT_DRIVER', 'TAX_FNCACT_DRIVER', 'TAX_FNCACT_DRIVER', 'TAX_FNCACT_DRIVER', 'UNGP_GENDER_EQUALITY', 'TAX_WORLDMAMMALS_DOG', 'TAX_WORLDMAMMALS_DOGS', 'TAX_WORLDMAMMALS_DOGS', 'ARMEDCONFLICT', 'TAX_DISEASE_AUTISM', 'TAX_DISEASE_AUTISM', 'TAX_ETHNICITY_AUSTRALIAN', 'SEIZE', 'TRAFFIC', 'DELAY', 'MOVEMENT_GENERAL', 'TAX_FNCACT_AMBASSADOR', 'CRISISLEX_C07_SAFETY', 'MANMADE_DISASTER_IMPLIED', 'INFO_RUMOR', 'WB_1973_FINANCIAL_RISK_REDUCTION', 'WB_435_AGRICULTURE_AND_FOOD_SECURITY', 'WB_337_INSURANCE', 'WB_1967_AGRICULTURAL_RISK_AND_SECURITY', 'WB_678_DIGITAL_GOVERNMENT', 'WB_694_BROADCAST_AND_MEDIA', 'WB_133_INFORMATION_AND_COMMUNICATION_TECHNOLOGIES', 'TAX_FNCACT_WINGMAN', 'UNGP_FORESTS_RIVERS_OCEANS', 'USPEC_POLICY1', 'TAX_FNCACT_WOMEN', 'TAX_FNCACT_INSIDER', 'TAX_FNCACT_BABY', 'WB_168_ROADS_AND_HIGHWAYS', 'WB_135_TRANSPORT', 'WB_1809_HIGHWAYS', 'WB_1803_TRANSPORT_INFRASTRUCTURE', 'MOVEMENT_SOCIAL', 'MOVEMENT_OTHER', 'TAX_FNCACT_DRIVERS', 'TAX_FNCACT_DRIVERS']",0.0
20260412101500-196,20260412101500,localmatters.co.nz,https://www.localmatters.co.nz/news/very-emotional-fire-destroys-te-arai-links-restaurant/,"['CRISISLEX_CRISISLEXREC', 'MEDIA_SOCIAL', 'AFFECT', 'CRISISLEX_T09_DISPLACEDRELOCATEDEVACUATED', 'TAX_FNCACT_SPECIALIST', 'DISASTER_FIRE', 'CRISISLEX_T01_CAUTION_ADVICE']",-5.71428571428571
20260412101500-197,20260412101500,aceshowbiz.com,https://www.aceshowbiz.com/news/view/00253451.html,"['TAX_RELIGION_CHRISTIAN', 'TAX_ETHNICITY_CHRISTIAN', 'TAX_WORLDLANGUAGES_LATIN', 'TAX_WORLDLANGUAGES_LATIN', 'EPU_UNCERTAINTY', 'TAX_FNCACT_ARTISTS', 'TAX_FNCACT_ARTISTS', 'TAX_FNCACT_ARTISTS', 'CRISISLEX_T11_UPDATESSYMPATHY', 'UNGP_FORESTS_RIVERS_OCEANS', 'TAX_FNCACT_ARTIST', 'WB_2670_JOBS', 'WB_696_PUBLIC_SECTOR_MANAGEMENT', 'WB_2048_COMPENSATION_CAREERS_AND_INCENTIVES', 'WB_723_PUBLIC_ADMINISTRATION', 'WB_724_HUMAN_RESOURCES_FOR_PUBLIC_SECTOR', 'TAX_WORLDLANGUAGES_BANDA', 'MEDIA_MSM']",2.73224043715847
20260412101500-198,20260412101500,livelaw.in,https://www.livelaw.in/high-court/allahabad-high-court/allahabad-high-court-prior-notice-police-property-attachment-section106-bnss-530010,"['WB_696_PUBLIC_SECTOR_MANAGEMENT', 'WB_696_PUBLIC_SECTOR_MANAGEMENT', 'WB_696_PUBLIC_SECTOR_MANAGEMENT', 'WB_840_JUSTICE', 'WB_840_JUSTICE', 'WB_840_JUSTICE', 'TAX_FNCACT_OFFICER', 'TAX_FNCACT_OFFICER', 'UNGP_FORESTS_RIVERS_OCEANS', 'TAX_FNCACT_SUPERINTENDENT', 'TAX_FNCACT_AUTHORITIES', 'EPU_POLICY_AUTHORITIES', 'CYBER_ATTACK', 'BAN', 'SOC_GENERALCRIME', 'EPU_CATS_MIGRATION_FEAR_FEAR', 'TAX_WORLDLANGUAGES_MAHARASHTRA', 'TAX_WORLDLANGUAGES_RAWAT', 'AFFECT', 'USPEC_POLITICS_GENERAL1', 'WB_2024_ANTI_CORRUPTION_AUTHORITIES', 'WB_2024_ANTI_CORRUPTION_AUTHORITIES', 'WB_2025_INVESTIGATION', 'WB_2025_INVESTIGATION', 'WB_831_GOVERNANCE', 'WB_831_GOVERNANCE', 'WB_832_ANTI_CORRUPTION', 'WB_832_ANTI_CORRUPTION', 'WB_1014_CRIMINAL_JUSTICE', 'WB_1014_CRIMINAL_JUSTICE', 'SECURITY_SERVICES', 'SECURITY_SERVICES', 'SECURITY_SERVICES', 'SECURITY_SERVICES', 'SECURITY_SERVICES', 'SECURITY_SERVICES', 'SECURITY_SERVICES', 'SECURITY_SERVICES', 'SECURITY_SERVICES', 'TAX_FNCACT_POLICE', 'TAX_FNCACT_POLICE', 'TAX_FNCACT_POLICE', 'TAX_FNCACT_POLICE', 'TAX_FNCACT_POLICE', 'TAX_FNCACT_POLICE', 'TAX_FNCACT_POLICE', 'TAX_FNCACT_POLICE', 'TAX_FNCACT_POLICE', 'CRISISLEX_C07_SAFETY', 'CRISISLEX_C07_SAFETY', 'CRISISLEX_C07_SAFETY', 'CRISISLEX_C07_SAFETY', 'CRISISLEX_C07_SAFETY', 'CRISISLEX_C07_SAFETY', 'CRISISLEX_C07_SAFETY', 'CRISISLEX_C07_SAFETY', 'CRISISLEX_C07_SAFETY', 'SEIZE', 'SEIZE', 'LEGISLATION', 'EPU_POLICY_LAW', 'TAX_FNCACT_POLICE_OFFICER', 'CRISISLEX_CRISISLEXREC', 'TAX_FNCACT_MAGISTRATE', 'TAX_FNCACT_MAGISTRATE', 'TAX_FNCACT_MAGISTRATE', 'TAX_FNCACT_MAGISTRATE', 'TAX_FNCACT_MAGISTRATE', 'TAX_FNCACT_MAGISTRATE', 'TAX_FNCACT_COMMISSIONER', 'DELAY', 'USPEC_UNCERTAINTY1']",-3.5632183908046
20260412101500-199,20260412101500,fool.com,https://www.fool.com/investing/2026/04/12/are-netflix-price-hikes-good-news-roku-investors/?source=iedfolrf0000001,"['EPU_ECONOMY_HISTORIC', 'EPU_ECONOMY_HISTORIC', 'TAX_FNCACT_CEO', 'MEDIA_MSM', 'MEDIA_MSM', 'TAX_ECON_PRICE', 'TAX_FNCACT_FOOL', 'WB_698_TRADE', 'ECON_WORLDCURRENCIES_DOLLARS', 'ECON_STOCKMARKET']",2.36794171220401
20260412101500-200,20260412101500,dailypioneer.com,https://dailypioneer.com/news/nse-rolls-out-nanosecond-level-acknowledgement-for-market-orders-from-april-11,"['WB_698_TRADE', 'WB_698_TRADE', 'ECON_STOCKMARKET', 'TRANSPARENCY', 'TRANSPARENCY', 'USPEC_POLICY1', 'EPU_UNCERTAINTY', 'WB_566_ENVIRONMENT_AND_NATURAL_RESOURCES', 'WB_590_ECOSYSTEMS', 'UNGP_FORESTS_RIVERS_OCEANS', 'WB_1920_FINANCIAL_SECTOR_DEVELOPMENT', 'WB_332_CAPITAL_MARKETS']",1.46520146520147
20260412101500-201,20260412101500,kpbs.org,https://www.kpbs.org/news/2026/04/09/frontline-caught-in-the-crackdown,"['IMMIGRATION', 'IMMIGRATION', 'WB_2670_JOBS', 'WB_2670_JOBS', 'WB_2769_JOBS_STRATEGIES', 'WB_2769_JOBS_STRATEGIES', 'WB_2837_IMMIGRATION', 'WB_2837_IMMIGRATION', 'WB_2836_MIGRATION_POLICIES_AND_JOBS', 'WB_2836_MIGRATION_POLICIES_AND_JOBS', 'EPU_CATS_MIGRATION_FEAR_MIGRATION', 'EPU_CATS_MIGRATION_FEAR_MIGRATION', 'WB_2433_CONFLICT_AND_VIOLENCE', 'WB_2433_CONFLICT_AND_VIOLENCE', 'WB_2432_FRAGILITY_CONFLICT_AND_VIOLENCE', 'WB_2432_FRAGILITY_CONFLICT_AND_VIOLENCE', 'UNGP_CRIME_VIOLENCE', 'UNGP_CRIME_VIOLENCE', 'ARREST', 'ARREST', 'CRISISLEX_C07_SAFETY', 'CRISISLEX_C07_SAFETY', 'MEDIA_MSM', 'MEDIA_MSM', 'WB_1458_HEALTH_PROMOTION_AND_DISEASE_PREVENTION', 'WB_1462_WATER_SANITATION_AND_HYGIENE', 'WB_635_PUBLIC_HEALTH', 'WB_621_HEALTH_NUTRITION_AND_POPULATION']",2.07253886010363
20260412101500-202,20260412101500,abc7news.com,https://abc7news.com/post/athletics-aim-keep-win-streak-going-mets/18874271/,[],-3.42679127725857
20260412101500-203,20260412101500,dailypioneer.com,https://dailypioneer.com/news/work-resumes-on-bhutans-punatsangchhui-hydropower-project-after-7-year-halt,"['TAX_ECON_PRICE', 'TAX_ECON_PRICE', 'CRISISLEX_C04_LOGISTICS_TRANSPORT', 'UNGP_FORESTS_RIVERS_OCEANS', 'URBAN', 'TAX_FNCACT_MINISTER', 'TAX_FNCACT_MINISTER', 'TAX_FNCACT_MINISTER', 'TAX_FNCACT_MINISTER', 'TAX_FNCACT_MINISTER', 'TAX_FNCACT_MINISTER', 'TAX_FNCACT_MINISTER', 'SLFID_NATURAL_RESOURCES', 'WB_471_ECONOMIC_GROWTH', 'WB_1078_DETERMINANTS_OF_GROWTH', 'WB_1079_COMMODITIES_AND_RESOURCES', 'DELAY', 'LEADER', 'TAX_FNCACT_PRIME_MINISTER', 'TAX_FNCACT_KING', 'ENV_HYDRO', 'ENV_HYDRO', 'ENV_HYDRO', 'ENV_HYDRO', 'ENV_HYDRO', 'WB_507_ENERGY_AND_EXTRACTIVES', 'WB_507_ENERGY_AND_EXTRACTIVES', 'WB_507_ENERGY_AND_EXTRACTIVES', 'WB_507_ENERGY_AND_EXTRACTIVES', 'WB_507_ENERGY_AND_EXTRACTIVES', 'WB_525_RENEWABLE_ENERGY', 'WB_525_RENEWABLE_ENERGY', 'WB_525_RENEWABLE_ENERGY', 'WB_525_RENEWABLE_ENERGY', 'WB_525_RENEWABLE_ENERGY', 'WB_527_HYDROPOWER', 'WB_527_HYDROPOWER', 'WB_527_HYDROPOWER', 'WB_527_HYDROPOWER', 'WB_527_HYDROPOWER', 'TAX_FNCACT_OFFICIAL', 'AFFECT']",0.878734622144112
20260412101500-204,20260412101500,northwichguardian.co.uk,https://www.northwichguardian.co.uk/news/national/26014084.russia-ukraine-trade-blame-violating-orthodox-easter-ceasefire/,"['TAX_FOODSTAPLES_BREAD', 'TAX_FOODSTAPLES_BREAD', 'TAX_WEAPONS_DRONE_STRIKE', 'TAX_RELIGION_ORTHODOX', 'WOUND', 'CRISISLEX_C03_WELLBEING_HEALTH', 'CRISISLEX_T02_INJURED', 'EPU_CATS_NATIONAL_SECURITY', 'ARMEDCONFLICT', 'TAX_FNCACT_MILITARY_OFFICER', 'TAX_WEAPONS_BOMBS', 'CRISISLEX_T01_CAUTION_ADVICE', 'CRISISLEX_O02_RESPONSEAGENCIESATCRISIS', 'TAX_ETHNICITY_RUSSIAN', 'TAX_ETHNICITY_RUSSIAN', 'TAX_ETHNICITY_RUSSIAN', 'TAX_ETHNICITY_RUSSIAN', 'TAX_WORLDLANGUAGES_RUSSIAN', 'TAX_WORLDLANGUAGES_RUSSIAN', 'TAX_WORLDLANGUAGES_RUSSIAN', 'TAX_WORLDLANGUAGES_RUSSIAN', 'TAX_MILITARY_TITLE_OFFICER', 'TAX_FNCACT_OFFICER', 'DISASTER_FIRE', 'CRISISLEX_T04_INFRASTRUCTURE', 'CEASEFIRE', 'CEASEFIRE', 'CEASEFIRE', 'CEASEFIRE', 'CEASEFIRE', 'TAX_ETHNICITY_UKRAINIAN', 'TAX_ETHNICITY_UKRAINIAN', 'TAX_ETHNICITY_UKRAINIAN', 'TAX_ETHNICITY_UKRAINIAN', 'TAX_ETHNICITY_UKRAINIAN', 'TAX_WORLDLANGUAGES_UKRAINIAN', 'TAX_WORLDLANGUAGES_UKRAINIAN', 'TAX_WORLDLANGUAGES_UKRAINIAN', 'TAX_WORLDLANGUAGES_UKRAINIAN', 'TAX_WORLDLANGUAGES_UKRAINIAN', 'LEADER', 'LEADER', 'TAX_FNCACT_PRESIDENT', 'TAX_FNCACT_PRESIDENT', 'USPEC_POLITICS_GENERAL1', 'USPEC_POLITICS_GENERAL1', 'CRISISLEX_CRISISLEXREC', 'TAX_WORLDLANGUAGES_RUSSIA', 'TAX_WORLDLANGUAGES_RUSSIA', 'TAX_WORLDLANGUAGES_RUSSIA', 'TAX_WORLDLANGUAGES_RUSSIA', 'TAX_WORLDLANGUAGES_RUSSIA', 'DRONES', 'DRONES', 'DRONES']",-9.74576271186441
20260412101500-205,20260412101500,rediff.com,https://www.rediff.com/news/report/delhi-police-busts-investment-fraud-racket/20260412.htm,"['CORRUPTION', 'CORRUPTION', 'CORRUPTION', 'CORRUPTION', 'CORRUPTION', 'CORRUPTION', 'WB_2019_ANTI_CORRUPTION_LEGISLATION', 'WB_2019_ANTI_CORRUPTION_LEGISLATION', 'WB_2019_ANTI_CORRUPTION_LEGISLATION', 'WB_2019_ANTI_CORRUPTION_LEGISLATION', 'WB_2019_ANTI_CORRUPTION_LEGISLATION', 'WB_2019_ANTI_CORRUPTION_LEGISLATION', 'WB_696_PUBLIC_SECTOR_MANAGEMENT', 'WB_696_PUBLIC_SECTOR_MANAGEMENT', 'WB_696_PUBLIC_SECTOR_MANAGEMENT', 'WB_696_PUBLIC_SECTOR_MANAGEMENT', 'WB_696_PUBLIC_SECTOR_MANAGEMENT', 'WB_696_PUBLIC_SECTOR_MANAGEMENT', 'WB_831_GOVERNANCE', 'WB_831_GOVERNANCE', 'WB_831_GOVERNANCE', 'WB_831_GOVERNANCE', 'WB_831_GOVERNANCE', 'WB_831_GOVERNANCE', 'WB_832_ANTI_CORRUPTION', 'WB_832_ANTI_CORRUPTION', 'WB_832_ANTI_CORRUPTION', 'WB_832_ANTI_CORRUPTION', 'WB_832_ANTI_CORRUPTION', 'WB_832_ANTI_CORRUPTION', 'WB_2020_BRIBERY_FRAUD_AND_COLLUSION', 'WB_2020_BRIBERY_FRAUD_AND_COLLUSION', 'WB_2020_BRIBERY_FRAUD_AND_COLLUSION', 'WB_2020_BRIBERY_FRAUD_AND_COLLUSION', 'WB_2020_BRIBERY_FRAUD_AND_COLLUSION', 'WB_2020_BRIBERY_FRAUD_AND_COLLUSION', 'TAX_FNCACT_OFFICER', 'TAX_FNCACT_VICTIMS', 'CRISISLEX_CRISISLEXREC', 'CRISISLEX_T08_MISSINGFOUNDTRAPPEDPEOPLE', 'WB_1135_CURRENT_ACCOUNT', 'WB_1104_MACROECONOMIC_VULNERABILITY_AND_DEBT', 'WB_441_BALANCE_OF_PAYMENTS', 'ECON_STOCKMARKET', 'ECON_STOCKMARKET', 'SECURITY_SERVICES', 'SECURITY_SERVICES', 'SECURITY_SERVICES', 'SECURITY_SERVICES', 'SECURITY_SERVICES', 'SECURITY_SERVICES', 'SECURITY_SERVICES', 'SECURITY_SERVICES', 'SECURITY_SERVICES', 'SECURITY_SERVICES', 'SECURITY_SERVICES', 'TAX_FNCACT_POLICE', 'TAX_FNCACT_POLICE', 'TAX_FNCACT_POLICE', 'TAX_FNCACT_POLICE', 'TAX_FNCACT_POLICE', 'TAX_FNCACT_POLICE', 'TAX_FNCACT_POLICE', 'TAX_FNCACT_POLICE', 'TAX_FNCACT_POLICE', 'TAX_FNCACT_POLICE', 'TAX_FNCACT_POLICE', 'CRISISLEX_C07_SAFETY', 'CRISISLEX_C07_SAFETY', 'CRISISLEX_C07_SAFETY', 'CRISISLEX_C07_SAFETY', 'CRISISLEX_C07_SAFETY', 'CRISISLEX_C07_SAFETY', 'CRISISLEX_C07_SAFETY', 'CRISISLEX_C07_SAFETY', 'CRISISLEX_C07_SAFETY', 'CRISISLEX_C07_SAFETY', 'CRISISLEX_C07_SAFETY', 'WB_2024_ANTI_CORRUPTION_AUTHORITIES', 'WB_2024_ANTI_CORRUPTION_AUTHORITIES', 'WB_2024_ANTI_CORRUPTION_AUTHORITIES', 'WB_2024_ANTI_CORRUPTION_AUTHORITIES', 'WB_2024_ANTI_CORRUPTION_AUTHORITIES', 'WB_2024_ANTI_CORRUPTION_AUTHORITIES', 'WB_840_JUSTICE', 'WB_840_JUSTICE', 'WB_840_JUSTICE', 'WB_840_JUSTICE', 'WB_840_JUSTICE', 'WB_840_JUSTICE', 'WB_2025_INVESTIGATION', 'WB_2025_INVESTIGATION', 'WB_2025_INVESTIGATION', 'WB_2025_INVESTIGATION', 'WB_2025_INVESTIGATION', 'WB_2025_INVESTIGATION', 'WB_1014_CRIMINAL_JUSTICE', 'WB_1014_CRIMINAL_JUSTICE', 'WB_1014_CRIMINAL_JUSTICE', 'WB_1014_CRIMINAL_JUSTICE', 'WB_1014_CRIMINAL_JUSTICE', 'WB_1014_CRIMINAL_JUSTICE', 'SOC_GENERALCRIME', 'SOC_GENERALCRIME', 'TAX_FNCACT_MEDIATOR', 'TAX_FNCACT_POLICE_OFFICER', 'TAX_FNCACT_VICTIM', 'TAX_FNCACT_VICTIM', 'SURVEILLANCE', 'TAX_FNCACT_OFFICIAL', 'ARREST', 'ARREST']",-9.48121645796064
20260412101500-206,20260412101500,theadvocate.com.au,https://www.theadvocate.com.au/story/9220834/convicted-rapist-immigration-detainee-back-in-custody/,"['SECURITY_SERVICES', 'SECURITY_SERVICES', 'SECURITY_SERVICES', 'TAX_FNCACT_POLICE', 'TAX_FNCACT_POLICE', 'TAX_FNCACT_POLICE', 'CRISISLEX_C07_SAFETY', 'CRISISLEX_C07_SAFETY', 'CRISISLEX_C07_SAFETY', 'IDEOLOGY', 'TAX_ETHNICITY_AUSTRALIAN', 'IMMIGRATION', 'IMMIGRATION', 'IMMIGRATION', 'IMMIGRATION', 'IMMIGRATION', 'IMMIGRATION', 'WB_2670_JOBS', 'WB_2670_JOBS', 'WB_2670_JOBS', 'WB_2670_JOBS', 'WB_2670_JOBS', 'WB_2670_JOBS', 'WB_2769_JOBS_STRATEGIES', 'WB_2769_JOBS_STRATEGIES', 'WB_2769_JOBS_STRATEGIES', 'WB_2769_JOBS_STRATEGIES', 'WB_2769_JOBS_STRATEGIES', 'WB_2769_JOBS_STRATEGIES', 'WB_2837_IMMIGRATION', 'WB_2837_IMMIGRATION', 'WB_2837_IMMIGRATION', 'WB_2837_IMMIGRATION', 'WB_2837_IMMIGRATION', 'WB_2837_IMMIGRATION', 'WB_2836_MIGRATION_POLICIES_AND_JOBS', 'WB_2836_MIGRATION_POLICIES_AND_JOBS', 'WB_2836_MIGRATION_POLICIES_AND_JOBS', 'WB_2836_MIGRATION_POLICIES_AND_JOBS', 'WB_2836_MIGRATION_POLICIES_AND_JOBS', 'WB_2836_MIGRATION_POLICIES_AND_JOBS', 'EPU_CATS_MIGRATION_FEAR_MIGRATION', 'EPU_CATS_MIGRATION_FEAR_MIGRATION', 'EPU_CATS_MIGRATION_FEAR_MIGRATION', 'EPU_CATS_MIGRATION_FEAR_MIGRATION', 'EPU_CATS_MIGRATION_FEAR_MIGRATION', 'EPU_CATS_MIGRATION_FEAR_MIGRATION', 'GENERAL_HEALTH', 'MEDICAL', 'SOC_POINTSOFINTEREST_HOSPITAL', 'CRISISLEX_C03_WELLBEING_HEALTH', 'TRIAL', 'RAPE', 'ARREST', 'TAX_FNCACT_IMMIGRANTS', 'TAX_MILITARY_TITLE_OFFICERS', 'TAX_FNCACT_OFFICERS', 'TAX_FNCACT_CRIMINAL', 'SOC_POINTSOFINTEREST_PRISON', 'UNGP_CRIME_VIOLENCE', 'UNGP_CRIME_VIOLENCE', 'EPU_POLICY_POLITICAL', 'WB_135_TRANSPORT', 'WB_696_PUBLIC_SECTOR_MANAGEMENT', 'WB_696_PUBLIC_SECTOR_MANAGEMENT', 'WB_696_PUBLIC_SECTOR_MANAGEMENT', 'WB_696_PUBLIC_SECTOR_MANAGEMENT', 'WB_696_PUBLIC_SECTOR_MANAGEMENT', 'WB_696_PUBLIC_SECTOR_MANAGEMENT', 'WB_840_JUSTICE', 'WB_840_JUSTICE', 'WB_840_JUSTICE', 'WB_840_JUSTICE', 'WB_840_JUSTICE', 'WB_840_JUSTICE', 'WB_2495_DETENTION_PRISON_AND_CORRECTIONS_REFORM', 'WB_2495_DETENTION_PRISON_AND_CORRECTIONS_REFORM', 'WB_2495_DETENTION_PRISON_AND_CORRECTIONS_REFORM', 'WB_2495_DETENTION_PRISON_AND_CORRECTIONS_REFORM', 'WB_2495_DETENTION_PRISON_AND_CORRECTIONS_REFORM', 'WB_2495_DETENTION_PRISON_AND_CORRECTIONS_REFORM', 'WB_2470_PEACE_OPERATIONS_AND_CONFLICT_MANAGEMENT', 'WB_2470_PEACE_OPERATIONS_AND_CONFLICT_MANAGEMENT', 'WB_2470_PEACE_OPERATIONS_AND_CONFLICT_MANAGEMENT', 'WB_2470_PEACE_OPERATIONS_AND_CONFLICT_MANAGEMENT', 'WB_2470_PEACE_OPERATIONS_AND_CONFLICT_MANAGEMENT', 'WB_2470_PEACE_OPERATIONS_AND_CONFLICT_MANAGEMENT', 'WB_2432_FRAGILITY_CONFLICT_AND_VIOLENCE', 'WB_2432_FRAGILITY_CONFLICT_AND_VIOLENCE', 'WB_2432_FRAGILITY_CONFLICT_AND_VIOLENCE', 'WB_2432_FRAGILITY_CONFLICT_AND_VIOLENCE', 'WB_2432_FRAGILITY_CONFLICT_AND_VIOLENCE', 'WB_2432_FRAGILITY_CONFLICT_AND_VIOLENCE', 'WB_1014_CRIMINAL_JUSTICE', 'WB_1014_CRIMINAL_JUSTICE', 'WB_1014_CRIMINAL_JUSTICE', 'WB_1014_CRIMINAL_JUSTICE', 'WB_1014_CRIMINAL_JUSTICE', 'WB_1014_CRIMINAL_JUSTICE', 'WB_2490_NATIONAL_PROTECTION_AND_SECURITY', 'WB_2490_NATIONAL_PROTECTION_AND_SECURITY', 'WB_2490_NATIONAL_PROTECTION_AND_SECURITY', 'WB_2490_NATIONAL_PROTECTION_AND_SECURITY', 'WB_2490_NATIONAL_PROTECTION_AND_SECURITY', 'WB_2490_NATIONAL_PROTECTION_AND_SECURITY', 'WB_2433_CONFLICT_AND_VIOLENCE', 'WB_2452_GANGS', 'WB_2445_NON_STATE_SECURITY_ACTORS', 'SOC_GENERALCRIME']",-8.62745098039216
20260412101500-207,20260412101500,midwestradio.ie,https://www.midwestradio.ie/news/blockade-has-ended-at-the-galway-docks-this-morning/,"['TAX_FNCACT_ESCORT', 'BLOCKADE', 'SEIGE']",-2.46913580246914
20260412101500-208,20260412101500,chennaionline.com,https://www.chennaionline.com/technology/india-among-top-nations-attacked-by-the-latest-ransomware-in-2019/,"['WB_678_DIGITAL_GOVERNMENT', 'WB_670_ICT_SECURITY', 'WB_133_INFORMATION_AND_COMMUNICATION_TECHNOLOGIES', 'CYBER_ATTACK', 'CYBER_ATTACK', 'CYBER_ATTACK', 'TAX_ETHNICITY_INDIAN', 'CRISISLEX_C07_SAFETY', 'TAX_DISEASE_HEADACHE', 'AFFECT']",-5.33333333333333
20260412101500-209,20260412101500,dailymail.co.uk,https://www.dailymail.co.uk/crime-desk/article-15721655/Nearly-ten-years-ago-jogger-shoved-woman-oncoming-bus-Putney-Bridge-driver-swerved-missed-head-whisker-suspect-nicknamed-Putney-Pusher-never-caught-Today-reveal-why.html,"['TAX_FNCACT_DRIVER', 'TAX_FNCACT_DRIVER', 'TAX_FNCACT_DRIVER', 'TAX_FNCACT_DRIVER', 'TAX_FNCACT_DRIVER', 'TAX_FNCACT_DRIVER', 'TAX_FNCACT_WOMAN', 'TAX_FNCACT_WOMAN', 'TAX_FNCACT_WOMAN', 'TAX_FNCACT_WOMAN', 'TAX_FNCACT_WOMAN', 'TAX_FNCACT_WOMAN', 'DELAY', 'DELAY', 'DELAY', 'DELAY', 'USPEC_UNCERTAINTY1', 'USPEC_UNCERTAINTY1', 'USPEC_UNCERTAINTY1', 'USPEC_UNCERTAINTY1', 'TAX_FNCACT_POLICE_OFFICER', 'MEDIA_SOCIAL', 'WB_652_ICT_APPLICATIONS', 'WB_662_SOCIAL_MEDIA', 'WB_658_ENTERPRISE_APPLICATIONS', 'WB_1160_SHOCKS_AND_VULNERABILITY', 'WB_695_POVERTY', 'TAX_FNCACT_PLAYWRIGHT', 'TAX_FNCACT_BANKER', 'TAX_FNCACT_BANKER', 'SECURITY_SERVICES', 'SECURITY_SERVICES', 'SECURITY_SERVICES', 'SECURITY_SERVICES', 'SECURITY_SERVICES', 'SECURITY_SERVICES', 'SECURITY_SERVICES', 'SECURITY_SERVICES', 'SECURITY_SERVICES', 'SECURITY_SERVICES', 'SECURITY_SERVICES', 'SECURITY_SERVICES', 'SECURITY_SERVICES', 'SECURITY_SERVICES', 'TAX_FNCACT_POLICE', 'TAX_FNCACT_POLICE', 'TAX_FNCACT_POLICE', 'TAX_FNCACT_POLICE', 'TAX_FNCACT_POLICE', 'TAX_FNCACT_POLICE', 'TAX_FNCACT_POLICE', 'TAX_FNCACT_POLICE', 'TAX_FNCACT_POLICE', 'TAX_FNCACT_POLICE', 'TAX_FNCACT_POLICE', 'TAX_FNCACT_POLICE', 'TAX_FNCACT_POLICE', 'TAX_FNCACT_POLICE', 'CRISISLEX_C07_SAFETY', 'CRISISLEX_C07_SAFETY', 'CRISISLEX_C07_SAFETY', 'CRISISLEX_C07_SAFETY', 'CRISISLEX_C07_SAFETY', 'CRISISLEX_C07_SAFETY', 'CRISISLEX_C07_SAFETY', 'CRISISLEX_C07_SAFETY', 'CRISISLEX_C07_SAFETY', 'CRISISLEX_C07_SAFETY', 'CRISISLEX_C07_SAFETY', 'CRISISLEX_C07_SAFETY', 'CRISISLEX_C07_SAFETY', 'CRISISLEX_C07_SAFETY', 'MARITIME_INCIDENT', 'MARITIME_INCIDENT', 'MARITIME_INCIDENT', 'MARITIME_INCIDENT', 'MARITIME_INCIDENT', 'MARITIME', 'MARITIME', 'MARITIME', 'MARITIME', 'MARITIME', 'TAX_FNCACT_MAN', 'TAX_FNCACT_MAN', 'TAX_FNCACT_MAN', 'TAX_FNCACT_MAN', 'TAX_FNCACT_MAN', 'TAX_FNCACT_MAN', 'TAX_FNCACT_MAN', 'TAX_ETHNICITY_IRISH', 'TAX_WORLDLANGUAGES_IRISH', 'NATURAL_DISASTER_FLOOD', 'TAX_FNCACT_CAMPAIGNER', 'SOC_GENERALCRIME', 'EPU_CATS_MIGRATION_FEAR_FEAR', 'TAX_FNCACT_ANALYST', 'ARREST', 'UNGP_FORESTS_RIVERS_OCEANS', 'UNGP_FORESTS_RIVERS_OCEANS', 'UNGP_FORESTS_RIVERS_OCEANS', 'TAX_FNCACT_JOGGER', 'TAX_FNCACT_JOGGER', 'TAX_FNCACT_JOGGER', 'TAX_FNCACT_JOGGER', 'TAX_FNCACT_JOGGER', 'TAX_FNCACT_JOGGER', 'TAX_FNCACT_JOGGER', 'TAX_FNCACT_JOGGER', 'TAX_FNCACT_JOGGER', 'TAX_FNCACT_JOGGER', 'NATURAL_DISASTER_EROSION', 'TAX_FNCACT_OFFICER', 'TAX_FNCACT_OFFICERS', 'CRISISLEX_T11_UPDATESSYMPATHY', 'TAX_FNCACT_CULPRIT', 'TAX_FNCACT_CRIMINALS', 'TAX_FNCACT_VICTIM', 'TAX_FNCACT_VICTIM', 'TAX_FNCACT_VICTIM', 'TAX_FNCACT_VICTIM', 'TAX_FNCACT_VICTIM', 'TAX_FNCACT_VICTIM', 'TAX_FNCACT_VICTIM', 'TAX_FNCACT_VICTIM', 'SURVEILLANCE', 'SURVEILLANCE', 'CRISISLEX_CRISISLEXREC', 'CRISISLEX_CRISISLEXREC', 'CRISISLEX_CRISISLEXREC', 'CRISISLEX_CRISISLEXREC', 'CRISISLEX_CRISISLEXREC', 'CRISISLEX_CRISISLEXREC', 'CRISISLEX_CRISISLEXREC', 'WB_678_DIGITAL_GOVERNMENT', 'WB_694_BROADCAST_AND_MEDIA', 'WB_133_INFORMATION_AND_COMMUNICATION_TECHNOLOGIES', 'WB_2024_ANTI_CORRUPTION_AUTHORITIES', 'WB_2024_ANTI_CORRUPTION_AUTHORITIES', 'WB_2024_ANTI_CORRUPTION_AUTHORITIES', 'WB_2025_INVESTIGATION', 'WB_2025_INVESTIGATION', 'WB_2025_INVESTIGATION', 'WB_831_GOVERNANCE', 'WB_831_GOVERNANCE', 'WB_831_GOVERNANCE', 'WB_832_ANTI_CORRUPTION', 'WB_832_ANTI_CORRUPTION', 'WB_832_ANTI_CORRUPTION', 'WB_1014_CRIMINAL_JUSTICE', 'WB_1014_CRIMINAL_JUSTICE', 'WB_1014_CRIMINAL_JUSTICE', 'TAX_FNCACT_SPOKESPERSON', 'TAX_FNCACT_BUSINESSMAN', 'TAX_FNCACT_DETECTIVES', 'WOUND', 'CRISISLEX_C03_WELLBEING_HEALTH', 'CRISISLEX_T02_INJURED', 'TAX_FNCACT_INVESTMENT_BANKER', 'TAX_FNCACT_TRAINERS', 'TAX_FNCACT_RUNNER', 'SCIENCE', 'SOC_INNOVATION', 'MANMADE_DISASTER_IMPLIED', 'MANMADE_DISASTER_IMPLIED', 'MANMADE_DISASTER_IMPLIED', 'MANMADE_DISASTER_IMPLIED', 'MANMADE_DISASTER_IMPLIED', 'MANMADE_DISASTER_IMPLIED', 'MANMADE_DISASTER_IMPLIED', 'MANMADE_DISASTER_IMPLIED', 'MANMADE_DISASTER_IMPLIED', 'MANMADE_DISASTER_IMPLIED', 'MANMADE_DISASTER_IMPLIED', 'MANMADE_DISASTER_IMPLIED', 'MANMADE_DISASTER_IMPLIED', 'MANMADE_DISASTER_IMPLIED', 'MANMADE_DISASTER_IMPLIED', 'PUBLIC_TRANSPORT', 'PUBLIC_TRANSPORT', 'PUBLIC_TRANSPORT', 'PUBLIC_TRANSPORT', 'PUBLIC_TRANSPORT', 'PUBLIC_TRANSPORT', 'PUBLIC_TRANSPORT', 'PUBLIC_TRANSPORT', 'PUBLIC_TRANSPORT', 'PUBLIC_TRANSPORT', 'PUBLIC_TRANSPORT', 'PUBLIC_TRANSPORT', 'PUBLIC_TRANSPORT', 'PUBLIC_TRANSPORT', 'PUBLIC_TRANSPORT', 'TAX_FNCACT_BUS_DRIVER', 'WB_2433_CONFLICT_AND_VIOLENCE', 'WB_2432_FRAGILITY_CONFLICT_AND_VIOLENCE', 'UNGP_CRIME_VIOLENCE', 'WB_696_PUBLIC_SECTOR_MANAGEMENT', 'WB_696_PUBLIC_SECTOR_MANAGEMENT', 'WB_840_JUSTICE', 'WB_840_JUSTICE']",-3.5798398492699
20260412101500-210,20260412101500,wharfedaleobserver.co.uk,https://www.wharfedaleobserver.co.uk/news/national/26014070.eamonn-holmes-doing-okay-following-stroke-says-son/,"['GENERAL_HEALTH', 'MEDICAL', 'CRISISLEX_C03_WELLBEING_HEALTH', 'TAX_FNCACT_CHIEF_EXECUTIVE', 'AFFECT', 'TAX_FNCACT_FATHER', 'TAX_DISEASE_STROKE', 'TAX_DISEASE_STROKE', 'MANMADE_DISASTER_IMPLIED', 'TAX_FNCACT_EXECUTIVE', 'LEGISLATION', 'EPU_POLICY_LAW', 'WB_1160_SHOCKS_AND_VULNERABILITY', 'WB_1160_SHOCKS_AND_VULNERABILITY', 'WB_695_POVERTY', 'WB_695_POVERTY', 'WB_2670_JOBS', 'WB_696_PUBLIC_SECTOR_MANAGEMENT', 'WB_2048_COMPENSATION_CAREERS_AND_INCENTIVES', 'WB_723_PUBLIC_ADMINISTRATION', 'WB_724_HUMAN_RESOURCES_FOR_PUBLIC_SECTOR', 'SOC_POINTSOFINTEREST_HOSPITAL', 'SOC_POINTSOFINTEREST_HOSPITAL', 'TAX_FNCACT_SPOKESPERSON', 'TAX_FNCACT_CHIEF', 'TAX_FNCACT_PRESENTER']",0.87719298245614
20260412101500-211,20260412101500,herefordtimes.com,https://www.herefordtimes.com/news/26014081.celebrity-gardener-monty-don-presented-got-news/,"['TAX_FNCACT_KING', 'TAX_FNCACT_KING', 'TAX_FNCACT_PRESENTER', 'TAX_FNCACT_PRESENTER', 'MEDIA_MSM', 'MEDIA_MSM', 'TAX_FNCACT_GARDENER', 'TAX_FNCACT_GARDENER', 'TAX_FNCACT_GARDENER', 'TAX_FNCACT_GARDENER']",4.70588235294118
20260412101500-212,20260412101500,goodereader.com,https://goodereader.com/blog/electronic-readers/will-the-discontinuation-of-kindle-e-readers-be-kobos-gain,[],0.180831826401447
20260412101500-213,20260412101500,newjerseytelegraph.com,http://www.newjerseytelegraph.com/news/278978002/man-held-for-allegedly-damaging-us-military-aircraft-at-shannon-airport,"['WB_1014_CRIMINAL_JUSTICE', 'WB_696_PUBLIC_SECTOR_MANAGEMENT', 'WB_840_JUSTICE', 'TAX_FNCACT_OFFICER', 'GENERAL_HEALTH', 'MEDICAL', 'SOC_POINTSOFINTEREST_HOSPITAL', 'CRISISLEX_C03_WELLBEING_HEALTH', 'CRISISLEX_C04_LOGISTICS_TRANSPORT', 'TAX_FNCACT_SPOKESPERSON', 'SECURITY_SERVICES', 'SECURITY_SERVICES', 'SECURITY_SERVICES', 'SECURITY_SERVICES', 'SECURITY_SERVICES', 'TAX_FNCACT_POLICE', 'TAX_FNCACT_POLICE', 'TAX_FNCACT_POLICE', 'TAX_FNCACT_POLICE', 'TAX_FNCACT_POLICE', 'TAX_FNCACT_MAN', 'TAX_FNCACT_MAN', 'TAX_FNCACT_MAN', 'CRISISLEX_CRISISLEXREC', 'CRISISLEX_CRISISLEXREC', 'WB_678_DIGITAL_GOVERNMENT', 'WB_694_BROADCAST_AND_MEDIA', 'WB_133_INFORMATION_AND_COMMUNICATION_TECHNOLOGIES', 'ARREST', 'ARREST', 'ARREST', 'ARREST', 'ARREST', 'SOC_GENERALCRIME', 'SOC_GENERALCRIME', 'SOC_GENERALCRIME', 'SOC_GENERALCRIME', 'SOC_GENERALCRIME', 'CRISISLEX_C07_SAFETY', 'CRISISLEX_C07_SAFETY', 'CRISISLEX_C07_SAFETY', 'CRISISLEX_C07_SAFETY', 'CRISISLEX_C07_SAFETY', 'TAX_FNCACT_POLICE_OFFICER', 'TAX_FNCACT_WOMEN', 'MEDIA_SOCIAL', 'WB_652_ICT_APPLICATIONS', 'WB_662_SOCIAL_MEDIA', 'WB_658_ENTERPRISE_APPLICATIONS', 'MANMADE_DISASTER_IMPLIED', 'SOC_POINTSOFINTEREST_AIRPORT', 'SOC_POINTSOFINTEREST_AIRPORT', 'SOC_POINTSOFINTEREST_AIRPORT', 'SOC_POINTSOFINTEREST_AIRPORT', 'SOC_POINTSOFINTEREST_AIRPORT', 'SOC_POINTSOFINTEREST_AIRPORT', 'SOC_POINTSOFINTEREST_AIRPORT', 'WB_135_TRANSPORT', 'WB_135_TRANSPORT', 'WB_135_TRANSPORT', 'WB_135_TRANSPORT', 'WB_135_TRANSPORT', 'WB_135_TRANSPORT', 'WB_135_TRANSPORT', 'WB_1803_TRANSPORT_INFRASTRUCTURE', 'WB_1803_TRANSPORT_INFRASTRUCTURE', 'WB_1803_TRANSPORT_INFRASTRUCTURE', 'WB_1803_TRANSPORT_INFRASTRUCTURE', 'WB_1803_TRANSPORT_INFRASTRUCTURE', 'WB_1803_TRANSPORT_INFRASTRUCTURE', 'WB_1803_TRANSPORT_INFRASTRUCTURE', 'WB_1804_AIRPORTS', 'WB_1804_AIRPORTS', 'WB_1804_AIRPORTS', 'WB_1804_AIRPORTS', 'WB_1804_AIRPORTS', 'WB_1804_AIRPORTS', 'WB_1804_AIRPORTS', 'TAX_FNCACT_CRIMINAL', 'TAX_FNCACT_CRIMINAL', 'TAX_FNCACT_CRIMINAL']",-7.52688172043011
20260412101500-214,20260412101500,aceshowbiz.com,https://www.aceshowbiz.com/news/view/00253452.html,[],6.05263157894737
20260412101500-215,20260412101500,moneycontrol.com,https://www.moneycontrol.com/city/ncb-busts-india-myanmar-drug-trafficking-network-arrests-key-supplier-article-13886719.html,"['GENERAL_HEALTH', 'MEDICAL', 'CRIME_CARTELS', 'SOC_GENERALCRIME', 'SOC_GENERALCRIME', 'SOC_GENERALCRIME', 'SOC_GENERALCRIME', 'CRISISLEX_C07_SAFETY', 'CRISISLEX_C07_SAFETY', 'CRISISLEX_C07_SAFETY', 'CRISISLEX_C07_SAFETY', 'BORDER', 'BORDER', 'SMUGGLING', 'USPEC_POLITICS_GENERAL1', 'WB_135_TRANSPORT', 'SEIZE', 'SEIZE', 'TAX_DISEASE_COUGH', 'TAX_FNCACT_COORDINATOR', 'CRIME_ILLEGAL_DRUGS', 'CRIME_ILLEGAL_DRUGS', 'CRIME_ILLEGAL_DRUGS', 'CRIME_ILLEGAL_DRUGS', 'CRIME_ILLEGAL_DRUGS', 'DRUG_TRADE', 'DRUG_TRADE', 'DRUG_TRADE', 'DRUG_TRADE', 'DRUG_TRADE', 'WB_2453_ORGANIZED_CRIME', 'WB_2453_ORGANIZED_CRIME', 'WB_2453_ORGANIZED_CRIME', 'WB_2453_ORGANIZED_CRIME', 'WB_2453_ORGANIZED_CRIME', 'WB_2433_CONFLICT_AND_VIOLENCE', 'WB_2433_CONFLICT_AND_VIOLENCE', 'WB_2433_CONFLICT_AND_VIOLENCE', 'WB_2433_CONFLICT_AND_VIOLENCE', 'WB_2433_CONFLICT_AND_VIOLENCE', 'WB_2432_FRAGILITY_CONFLICT_AND_VIOLENCE', 'WB_2432_FRAGILITY_CONFLICT_AND_VIOLENCE', 'WB_2432_FRAGILITY_CONFLICT_AND_VIOLENCE', 'WB_2432_FRAGILITY_CONFLICT_AND_VIOLENCE', 'WB_2432_FRAGILITY_CONFLICT_AND_VIOLENCE', 'WB_2456_DRUGS_AND_NARCOTICS', 'WB_2456_DRUGS_AND_NARCOTICS', 'WB_2456_DRUGS_AND_NARCOTICS', 'WB_2456_DRUGS_AND_NARCOTICS', 'WB_2456_DRUGS_AND_NARCOTICS', 'MANMADE_DISASTER_IMPLIED', 'WB_1331_HEALTH_TECHNOLOGIES', 'WB_1331_HEALTH_TECHNOLOGIES', 'WB_1331_HEALTH_TECHNOLOGIES', 'WB_1331_HEALTH_TECHNOLOGIES', 'WB_1331_HEALTH_TECHNOLOGIES', 'WB_1350_PHARMACEUTICALS', 'WB_1350_PHARMACEUTICALS', 'WB_1350_PHARMACEUTICALS', 'WB_1350_PHARMACEUTICALS', 'WB_1350_PHARMACEUTICALS', 'WB_621_HEALTH_NUTRITION_AND_POPULATION', 'WB_621_HEALTH_NUTRITION_AND_POPULATION', 'WB_621_HEALTH_NUTRITION_AND_POPULATION', 'WB_621_HEALTH_NUTRITION_AND_POPULATION', 'WB_621_HEALTH_NUTRITION_AND_POPULATION', 'SURVEILLANCE', 'SURVEILLANCE', 'WB_2470_PEACE_OPERATIONS_AND_CONFLICT_MANAGEMENT', 'WB_2490_NATIONAL_PROTECTION_AND_SECURITY', 'EPU_CATS_NATIONAL_SECURITY', 'ARREST', 'ARREST', 'CRISISLEX_CRISISLEXREC', 'CRISISLEX_CRISISLEXREC', 'AFFECT', 'REFUGEES', 'EPU_CATS_MIGRATION_FEAR_MIGRATION', 'UNREST_CRACKDOWN', 'ORGANIZED_CRIME', 'ORGANIZED_CRIME', 'WB_1743_ANTICARTEL_ENFORCEMENT', 'WB_1743_ANTICARTEL_ENFORCEMENT', 'WB_1921_PRIVATE_SECTOR_DEVELOPMENT', 'WB_1921_PRIVATE_SECTOR_DEVELOPMENT', 'WB_2446_CARTELS', 'WB_2446_CARTELS', 'WB_406_COMPETITION_POLICY', 'WB_406_COMPETITION_POLICY', 'WB_2101_ANTITRUST', 'WB_2101_ANTITRUST', 'WB_2445_NON_STATE_SECURITY_ACTORS', 'WB_2445_NON_STATE_SECURITY_ACTORS', 'EPU_CATS_REGULATION', 'EPU_CATS_REGULATION', 'KILL', 'UNREST_BELLIGERENT', 'SECURITY_SERVICES', 'SECURITY_SERVICES', 'TAX_FNCACT_POLICE', 'TAX_FNCACT_POLICE', 'WB_635_PUBLIC_HEALTH', 'WB_2024_ANTI_CORRUPTION_AUTHORITIES', 'WB_696_PUBLIC_SECTOR_MANAGEMENT', 'WB_840_JUSTICE', 'WB_2025_INVESTIGATION', 'WB_831_GOVERNANCE', 'WB_832_ANTI_CORRUPTION', 'WB_1014_CRIMINAL_JUSTICE']",-7.15883668903803
20260412101500-216,20260412101500,el-balad.com,https://www.el-balad.com/16910448,[],1.58311345646438
20260412101500-217,20260412101500,deadline.com,https://deadline.com/print-article/1236858286/,"['WB_678_DIGITAL_GOVERNMENT', 'WB_694_BROADCAST_AND_MEDIA', 'WB_133_INFORMATION_AND_COMMUNICATION_TECHNOLOGIES', 'CRIME_COMMON_ROBBERY', 'PUBLIC_TRANSPORT', 'TAX_FNCACT_STUDENT', 'TAX_FNCACT_ACTOR', 'RAIL_INCIDENT', 'MANMADE_DISASTER_DERAILED', 'TAX_WORLDLANGUAGES_BOHEMIAN', 'KILL', 'CRISISLEX_T02_INJURED', 'CRISISLEX_T03_DEAD', 'RECRUITMENT', 'HUMAN_TRAFFICKING', 'APPOINTMENT', 'MEDIA_SOCIAL', 'WB_652_ICT_APPLICATIONS', 'WB_662_SOCIAL_MEDIA', 'WB_658_ENTERPRISE_APPLICATIONS', 'EXTREMISM', 'FUELPRICES', 'ECON_GASOLINEPRICE', 'ECON_HEATINGOIL', 'MANMADE_DISASTER_IMPLIED', 'MANMADE_DISASTER_IMPLIED', 'CEASEFIRE', 'LEADER', 'LEADER', 'TAX_FNCACT_PRESIDENT', 'TAX_FNCACT_PRESIDENT', 'USPEC_POLITICS_GENERAL1', 'USPEC_POLITICS_GENERAL1', 'TERROR', 'ARMEDCONFLICT', 'CRISISLEX_T01_CAUTION_ADVICE', 'TAX_FNCACT_TEACHER', 'MEDIA_MSM', 'TAX_FNCACT_REPORTER', 'TAX_DISEASE_FINGERPRINTS', 'CRISISLEX_CRISISLEXREC', 'TAX_FNCACT_PERFORMER', 'TAX_FNCACT_PERFORMER', 'SOC_GENERALCRIME', 'EPU_CATS_MIGRATION_FEAR_FEAR', 'TAX_FNCACT_MAN', 'TAX_FNCACT_MAN', 'TAX_ECON_PRICE', 'TAX_FNCACT_ASTRONAUT', 'EDUCATION', 'TAX_FNCACT_PROFESSOR', 'TAX_ETHNICITY_BLACK']",-0.285171102661598
20260412101500-218,20260412101500,dailypioneer.com,https://dailypioneer.com/news/pakistan-puts-in-place-multi-layered-security-to-protect-plane-carrying-iranian-delegation,"['TAX_FNCACT_MINISTER', 'WB_2433_CONFLICT_AND_VIOLENCE', 'TRAFFIC', 'MILITARY', 'MILITARY', 'GENERAL_GOVERNMENT', 'CRISISLEX_C07_SAFETY', 'CRISISLEX_C07_SAFETY', 'CRISISLEX_C07_SAFETY', 'UNGP_FORESTS_RIVERS_OCEANS', 'NEGOTIATIONS', 'WB_2470_PEACE_OPERATIONS_AND_CONFLICT_MANAGEMENT', 'WB_2478_PEACE_PROCESSES_AND_DIALOGUE', 'WB_2432_FRAGILITY_CONFLICT_AND_VIOLENCE', 'WB_2471_PEACEKEEPING', 'MANMADE_DISASTER_IMPLIED', 'MANMADE_DISASTER_IMPLIED', 'WB_165_AIR_TRANSPORT', 'WB_165_AIR_TRANSPORT', 'WB_135_TRANSPORT', 'WB_135_TRANSPORT', 'WB_164_MODES_OF_TRANSPORT', 'WB_164_MODES_OF_TRANSPORT', 'ARMEDCONFLICT', 'TAX_ETHNICITY_IRANIAN', 'TAX_ETHNICITY_IRANIAN', 'TAX_ETHNICITY_IRANIAN', 'TAX_ETHNICITY_IRANIAN', 'TAX_ETHNICITY_IRANIAN', 'TAX_ETHNICITY_IRANIAN', 'TAX_ETHNICITY_IRANIAN', 'TAX_ETHNICITY_IRANIAN', 'TAX_DISEASE_ANTICIPATION', 'TAX_FNCACT_FOREIGN_MINISTER', 'TAX_FNCACT_SPEAKER', 'SURVEILLANCE', 'TAX_FNCACT_OFFICIAL', 'TAX_FNCACT_OFFICIAL', 'TAX_WORLDLANGUAGES_CHAMAN', 'SOC_POINTSOFINTEREST_AIRPORT', 'SOC_POINTSOFINTEREST_AIRPORT', 'WB_1803_TRANSPORT_INFRASTRUCTURE', 'WB_1803_TRANSPORT_INFRASTRUCTURE', 'WB_1804_AIRPORTS', 'WB_1804_AIRPORTS']",0.598802395209581
20260412101500-219,20260412101500,pakistantoday.com.pk,https://www.pakistantoday.com.pk/2026/04/12/alcaraz-beats-vacherot-to-set-up-monte-carlo-final-against-sinner,[],3.16205533596838
20260412101500-220,20260412101500,teamtalk.com,https://www.teamtalk.com/news/pfa-player-of-the-year-award-won-already-not-declan-rice-arsenal-bruno-fernandes-man-utd,[],3.24675324675325
20260412101500-221,20260412101500,wkyt.com,https://www.wkyt.com/2026/04/12/1-hospitalized-after-overnight-lexington-crash/,"['GENERAL_HEALTH', 'GENERAL_HEALTH', 'MEDICAL', 'MEDICAL', 'SOC_POINTSOFINTEREST_HOSPITAL', 'SOC_POINTSOFINTEREST_HOSPITAL', 'CRISISLEX_C03_WELLBEING_HEALTH', 'CRISISLEX_C03_WELLBEING_HEALTH', 'TAX_FNCACT_DRIVER', 'TAX_FNCACT_DRIVER', 'SECURITY_SERVICES', 'SECURITY_SERVICES', 'TAX_FNCACT_POLICE', 'TAX_FNCACT_POLICE', 'CRISISLEX_C07_SAFETY', 'CRISISLEX_C07_SAFETY', 'WB_1428_INJURY', 'WB_1406_DISEASES', 'WB_621_HEALTH_NUTRITION_AND_POPULATION', 'WB_1427_NON_COMMUNICABLE_DISEASE_AND_INJURY', 'CRISISLEX_CRISISLEXREC', 'CRISISLEX_T02_INJURED', 'TAX_MILITARY_TITLE_OFFICERS', 'TAX_FNCACT_OFFICERS', 'TAX_WORLDFISH_PIKE', 'TAX_ETHNICITY_POLE']",-5.63380281690141
20260412101500-222,20260412101500,havasunews.com,https://www.havasunews.com/parker_pioneer/opinion/phil-kerpen-the-massive-tax-hike-that-was-canceled-by-trump/article_f9215dd2-32e1-44fc-877e-d9863d14eed3.html,"['DELAY', 'TAX_FNCACT_CHILD', 'EPU_ECONOMY_HISTORIC', 'ECON_TAXATION', 'ECON_TAXATION', 'ECON_TAXATION', 'ECON_TAXATION', 'ECON_TAXATION', 'ECON_TAXATION', 'ECON_TAXATION', 'USPEC_POLICY1', 'USPEC_POLICY1', 'USPEC_POLICY1', 'USPEC_POLICY1', 'USPEC_POLICY1', 'USPEC_POLICY1', 'USPEC_POLICY1', 'EPU_POLICY_TAX', 'EPU_POLICY_TAX', 'EPU_POLICY_TAX', 'EPU_POLICY_TAX', 'EPU_POLICY_TAX', 'EPU_POLICY_TAX', 'EPU_POLICY_TAX', 'EPU_CATS_TAXES', 'EPU_CATS_TAXES', 'EPU_CATS_TAXES', 'EPU_CATS_TAXES', 'EPU_CATS_TAXES', 'EPU_CATS_TAXES', 'EPU_CATS_TAXES', 'EPU_ECONOMY', 'TAX_WEAPONS_BOMB', 'EPU_CATS_MIGRATION_FEAR_FEAR', 'LEADER', 'TAX_FNCACT_PRESIDENT', 'USPEC_POLITICS_GENERAL1']",-0.847457627118644
20260412101500-223,20260412101500,wiltshiretimes.co.uk,https://www.wiltshiretimes.co.uk/news/26014100.drivers-warned-100-fines-common-motorway-mistake/,"['WB_168_ROADS_AND_HIGHWAYS', 'WB_168_ROADS_AND_HIGHWAYS', 'WB_1809_HIGHWAYS', 'WB_1809_HIGHWAYS', 'WB_1803_TRANSPORT_INFRASTRUCTURE', 'WB_1803_TRANSPORT_INFRASTRUCTURE', 'CRISISLEX_C04_LOGISTICS_TRANSPORT', 'CRISISLEX_C04_LOGISTICS_TRANSPORT', 'TAX_FNCACT_SPOKESPERSON', 'INFRASTRUCTURE_BAD_ROADS', 'WB_1458_HEALTH_PROMOTION_AND_DISEASE_PREVENTION', 'WB_135_TRANSPORT', 'WB_1429_ROAD_SAFETY', 'WB_790_TRANSPORT_AND_SUSTAINABLE_DEVELOPMENT', 'WB_635_PUBLIC_HEALTH', 'WB_784_TRAFFIC_AND_ROAD_SAFETY', 'WB_621_HEALTH_NUTRITION_AND_POPULATION', 'WB_1808_TRANSPORT_SAFETY', 'UNGP_TRANSPORTATION_ROADS', 'TAX_FNCACT_POLICE_CHIEF', 'WB_696_PUBLIC_SECTOR_MANAGEMENT', 'WB_837_OPEN_GOVERNMENT_AND_TRANSPARENCY', 'WB_831_GOVERNANCE', 'WB_2031_RIGHT_TO_INFORMATION', 'CRISISLEX_T11_UPDATESSYMPATHY', 'TAX_FNCACT_DRIVERS', 'TAX_FNCACT_DRIVERS', 'TAX_FNCACT_DRIVERS', 'TAX_FNCACT_DRIVERS', 'TAX_FNCACT_DRIVERS', 'TAX_FNCACT_CHIEF', 'WB_678_DIGITAL_GOVERNMENT', 'WB_2943_SWITCHES', 'WB_667_ICT_INFRASTRUCTURE', 'WB_672_NETWORK_MANAGEMENT', 'WB_133_INFORMATION_AND_COMMUNICATION_TECHNOLOGIES', 'LEGISLATION', 'LEGISLATION', 'LEGISLATION', 'LEGISLATION', 'LEGISLATION', 'EPU_POLICY_LAW', 'EPU_POLICY_LAW', 'EPU_POLICY_LAW', 'EPU_POLICY_LAW', 'EPU_POLICY_LAW', 'USPEC_POLICY1', 'EPU_POLICY_POLICY', 'SECURITY_SERVICES', 'SECURITY_SERVICES', 'SECURITY_SERVICES', 'SECURITY_SERVICES', 'SECURITY_SERVICES', 'SECURITY_SERVICES', 'TAX_FNCACT_POLICE', 'TAX_FNCACT_POLICE', 'TAX_FNCACT_POLICE', 'TAX_FNCACT_POLICE', 'TAX_FNCACT_POLICE', 'TAX_FNCACT_POLICE', 'CRISISLEX_C07_SAFETY', 'CRISISLEX_C07_SAFETY', 'CRISISLEX_C07_SAFETY', 'CRISISLEX_C07_SAFETY', 'CRISISLEX_C07_SAFETY', 'CRISISLEX_C07_SAFETY', 'GENERAL_GOVERNMENT', 'GENERAL_GOVERNMENT', 'EPU_POLICY_GOVERNMENT', 'EPU_POLICY_GOVERNMENT', 'UNGP_FORESTS_RIVERS_OCEANS', 'KILL', 'CRISISLEX_O02_RESPONSEAGENCIESATCRISIS', 'CRISISLEX_CRISISLEXREC', 'UNGP_CRIME_VIOLENCE', 'TAX_MILITARY_TITLE_OFFICER', 'TAX_MILITARY_TITLE_OFFICER', 'TAX_MILITARY_TITLE_OFFICER', 'TAX_MILITARY_TITLE_OFFICER', 'TAX_MILITARY_TITLE_OFFICER', 'TAX_MILITARY_TITLE_OFFICER', 'TAX_FNCACT_OFFICER', 'TAX_FNCACT_OFFICER', 'TAX_FNCACT_OFFICER', 'TAX_FNCACT_OFFICER', 'TAX_FNCACT_OFFICER', 'TAX_FNCACT_OFFICER', 'EDUCATION', 'WB_470_EDUCATION', 'MANMADE_DISASTER_IMPLIED', 'TAX_FNCACT_DRIVER', 'TAX_FNCACT_DRIVER', 'TAX_FNCACT_CONSTABLE', 'WB_1462_WATER_SANITATION_AND_HYGIENE', 'TAX_FNCACT_DIRECTOR']",-1.92307692307692
20260412101500-224,20260412101500,floydct.com,https://www.floydct.com/online_features/press_releases/ibrx-investors-have-opportunity-to-lead-immunitybio-inc-securities-fraud-lawsuit-first-filed-by-the/article_8ce7f74a-9265-520f-8f71-635e5a339e4a.html,"['TAX_FNCACT_LAWYERS', 'UNGP_FORESTS_RIVERS_OCEANS', 'TRIAL', 'TRIAL', 'TRIAL', 'TAX_ETHNICITY_CHINESE', 'TAX_WORLDLANGUAGES_CHINESE', 'USPEC_POLITICS_GENERAL1', 'TAX_FNCACT_PEER', 'EPU_CATS_REGULATION', 'EPU_CATS_REGULATION', 'EPU_CATS_REGULATION', 'EPU_CATS_REGULATION', 'EPU_CATS_REGULATION', 'EPU_CATS_REGULATION', 'EPU_CATS_REGULATION', 'EPU_CATS_REGULATION', 'EPU_CATS_REGULATION', 'TAX_ECON_PRICE', 'ECON_WORLDCURRENCIES_DOLLARS', 'TAX_FNCACT_ATTORNEY', 'TAX_FNCACT_REPRESENTATIVE', 'TAX_FNCACT_ATTORNEYS', 'LEGISLATION', 'LEGISLATION', 'LEGISLATION', 'LEGISLATION', 'LEGISLATION', 'LEGISLATION', 'LEGISLATION', 'LEGISLATION', 'LEGISLATION', 'EPU_POLICY_LAW', 'EPU_POLICY_LAW', 'EPU_POLICY_LAW', 'EPU_POLICY_LAW', 'EPU_POLICY_LAW', 'EPU_POLICY_LAW', 'EPU_POLICY_LAW', 'EPU_POLICY_LAW', 'EPU_POLICY_LAW', 'EPU_ECONOMY_HISTORIC', 'WB_696_PUBLIC_SECTOR_MANAGEMENT', 'WB_2048_COMPENSATION_CAREERS_AND_INCENTIVES', 'WB_723_PUBLIC_ADMINISTRATION', 'WB_724_HUMAN_RESOURCES_FOR_PUBLIC_SECTOR', 'TAX_FNCACT_INVESTOR', 'TAX_FNCACT_INVESTOR']",-1.90174326465927
20260412101500-225,20260412101500,wharfedaleobserver.co.uk,https://www.wharfedaleobserver.co.uk/news/national/26013983.hungary-polls-key-election-unseat-orban-16-years/,"['EPU_ECONOMY_HISTORIC', 'VETO', 'USPEC_UNCERTAINTY1', 'WB_1458_HEALTH_PROMOTION_AND_DISEASE_PREVENTION', 'WB_1462_WATER_SANITATION_AND_HYGIENE', 'WB_635_PUBLIC_HEALTH', 'WB_621_HEALTH_NUTRITION_AND_POPULATION', 'TAX_WORLDLANGUAGES_RUSSIA', 'PIRACY', 'EPU_CATS_HEALTHCARE', 'CORRUPTION', 'CORRUPTION', 'UNREST_CRACKDOWN', 'EXTREMISM', 'EXTREMISM', 'ELECTION', 'ELECTION', 'ELECTION', 'ELECTION', 'ELECTION', 'ELECTION', 'ELECTION', 'GENERAL_GOVERNMENT', 'GENERAL_GOVERNMENT', 'EPU_POLICY_GOVERNMENT', 'EPU_POLICY_GOVERNMENT', 'PROTEST', 'MOVEMENT_GENERAL', 'TAX_FNCACT_ACTIVISTS', 'TAX_WORLDLANGUAGES_MAGYAR', 'TAX_WORLDLANGUAGES_MAGYAR', 'TAX_WORLDLANGUAGES_MAGYAR', 'TAX_WORLDLANGUAGES_MAGYAR', 'TAX_WORLDLANGUAGES_MAGYAR', 'TAX_WORLDLANGUAGES_MAGYAR', 'TAX_WORLDLANGUAGES_MAGYAR', 'PROPAGANDA', 'TAX_FNCACT_SUPPORTERS', 'LEADER', 'TAX_FNCACT_PRIME_MINISTER', 'DEMOCRACY', 'DEMOCRACY', 'UNGP_POLITICAL_FREEDOMS', 'UNGP_POLITICAL_FREEDOMS', 'TAX_FNCACT_CITIZENS', 'EPU_POLICY_POLITICAL', 'LEGISLATION', 'EPU_POLICY_LAW', 'GENERAL_HEALTH', 'MEDICAL', 'WB_678_DIGITAL_GOVERNMENT', 'WB_694_BROADCAST_AND_MEDIA', 'WB_133_INFORMATION_AND_COMMUNICATION_TECHNOLOGIES', 'WB_135_TRANSPORT', 'AFFECT', 'ECON_WORLDCURRENCIES_EURO', 'TRIAL', 'SLFID_RULE_OF_LAW', 'TAX_ETHNICITY_HUNGARIAN', 'TAX_WORLDLANGUAGES_HUNGARIAN', 'TAX_FNCACT_INSIDER', 'UNGP_FORESTS_RIVERS_OCEANS', 'MEDIA_MSM', 'MEDIA_MSM', 'TAX_FNCACT_MINISTER', 'TAX_FNCACT_LEADER', 'TAX_FNCACT_LEADER', 'TAX_FNCACT_LEADER', 'USPEC_POLITICS_GENERAL1', 'USPEC_POLITICS_GENERAL1', 'USPEC_POLITICS_GENERAL1']",-1.05105105105105
20260412101500-226,20260412101500,manilatimes.net,https://www.manilatimes.net/2026/04/12/tmt-newswire/pr-newswire/attack-shark-launches-x11-ultra-carbon-fiber-gaming-mouse-ahead-of-2nd-anniversary-sale/2318616,"['CRISISLEX_CRISISLEXREC', 'CRISISLEX_CRISISLEXREC', 'CRISISLEX_CRISISLEXREC', 'CRISISLEX_CRISISLEXREC', 'CRISISLEX_CRISISLEXREC', 'CRISISLEX_CRISISLEXREC', 'CRISISLEX_CRISISLEXREC', 'TAX_WORLDMAMMALS_MICE', 'TAX_WORLDMAMMALS_MICE', 'WB_678_DIGITAL_GOVERNMENT', 'WB_694_BROADCAST_AND_MEDIA', 'WB_133_INFORMATION_AND_COMMUNICATION_TECHNOLOGIES', 'MEDIA_SOCIAL', 'WB_652_ICT_APPLICATIONS', 'WB_662_SOCIAL_MEDIA', 'WB_658_ENTERPRISE_APPLICATIONS', 'SCIENCE', 'SCIENCE', 'SOC_INNOVATION', 'SOC_INNOVATION', 'TAX_WORLDMAMMALS_MOUSE', 'TAX_WORLDMAMMALS_MOUSE', 'TAX_WORLDMAMMALS_MOUSE', 'TAX_WORLDMAMMALS_MOUSE', 'TAX_WORLDMAMMALS_MOUSE', 'TAX_WORLDFISH_SHARK', 'TAX_WORLDFISH_SHARK', 'TAX_WORLDFISH_SHARK', 'TAX_WORLDFISH_SHARK', 'TAX_WORLDFISH_SHARK', 'TAX_WORLDFISH_SHARK', 'TAX_WORLDFISH_SHARK', 'TAX_WORLDFISH_SHARK', 'USPEC_POLICY1', 'EPU_POLICY_POLICY', 'TAX_FNCACT_OFFICIAL', 'TAX_FNCACT_OFFICIAL', 'TAX_ECON_PRICE', 'TAX_ECON_PRICE']",2.1978021978022
20260412101500-227,20260412101500,wysu.org,https://wysu.org/npr-national-news/2026-04-12/why-are-co-headlining-tours-having-a-moment,"['WB_696_PUBLIC_SECTOR_MANAGEMENT', 'WB_696_PUBLIC_SECTOR_MANAGEMENT', 'WB_696_PUBLIC_SECTOR_MANAGEMENT', 'WB_840_JUSTICE', 'WB_840_JUSTICE', 'WB_840_JUSTICE', 'TAX_RELIGION_CHRISTIAN', 'TAX_ETHNICITY_CHRISTIAN', 'UNGP_FORESTS_RIVERS_OCEANS', 'TAX_ETHNICITY_AMERICANS', 'TAX_FNCACT_LADY', 'TAX_WORLDLANGUAGES_LATIN', 'MARITIME_INCIDENT', 'MARITIME', 'TAX_ETHNICITY_CANADIAN', 'TAX_ETHNICITY_CANADIAN', 'WB_678_DIGITAL_GOVERNMENT', 'WB_2943_SWITCHES', 'WB_667_ICT_INFRASTRUCTURE', 'WB_672_NETWORK_MANAGEMENT', 'WB_133_INFORMATION_AND_COMMUNICATION_TECHNOLOGIES', 'TAX_FNCACT_COWBOY', 'USPEC_POLICY1', 'EPU_ECONOMY', 'EPU_ECONOMY_HISTORIC', 'TAX_FNCACT_ARTIST', 'TAX_FNCACT_ARTIST', 'CRISISLEX_T11_UPDATESSYMPATHY', 'TAX_FNCACT_ARTISTS', 'TAX_FNCACT_ARTISTS', 'TAX_FNCACT_ARTISTS', 'TAX_FNCACT_ARTISTS', 'TAX_FNCACT_ARTISTS', 'TAX_FNCACT_ARTISTS', 'TAX_FNCACT_ARTISTS', 'TAX_FNCACT_ARTISTS', 'TAX_FNCACT_PRODUCER', 'TAX_FNCACT_SINGERS', 'KILL', 'TAX_WORLDLANGUAGES_MUNDOS', 'EPU_CATS_MIGRATION_FEAR_FEAR', 'TAX_FNCACT_PEERS', 'TAX_ECON_PRICE', 'TAX_ECON_PRICE', 'TAX_FNCACT_DIRECTOR', 'CRISISLEX_CRISISLEXREC', 'EPU_CATS_REGULATION', 'TAX_FNCACT_DRIVER', 'MANMADE_DISASTER_IMPLIED', 'TAX_ETHNICITY_FRENCH', 'TAX_WORLDLANGUAGES_FRENCH', 'EPU_POLICY_SPENDING', 'TAX_ETHNICITY_JAPANESE', 'TAX_WORLDLANGUAGES_JAPANESE', 'TAX_FNCACT_AGENT']",3.42417889587701
20260412101500-228,20260412101500,el-balad.com,https://www.el-balad.com/16910449,"['DELAY', 'DELAY', 'TAX_FNCACT_CARPENTER', 'TAX_FNCACT_CARPENTER', 'TAX_FNCACT_SPOKESPERSON', 'TAX_FNCACT_SPOKESPERSON', 'TAX_ECON_PRICE', 'TAX_ECON_PRICE', 'TAX_ECON_PRICE', 'TAX_ECON_PRICE', 'TAX_ECON_PRICE', 'TAX_ECON_PRICE', 'INFO_RUMOR', 'TAX_FNCACT_OFFICIAL', 'WB_678_DIGITAL_GOVERNMENT', 'WB_678_DIGITAL_GOVERNMENT', 'WB_678_DIGITAL_GOVERNMENT', 'WB_694_BROADCAST_AND_MEDIA', 'WB_694_BROADCAST_AND_MEDIA', 'WB_694_BROADCAST_AND_MEDIA', 'WB_133_INFORMATION_AND_COMMUNICATION_TECHNOLOGIES', 'WB_133_INFORMATION_AND_COMMUNICATION_TECHNOLOGIES', 'WB_133_INFORMATION_AND_COMMUNICATION_TECHNOLOGIES', 'TAX_FNCACT_MANAGERS', 'MEDIA_SOCIAL', 'MEDIA_SOCIAL', 'MEDIA_SOCIAL', 'WB_652_ICT_APPLICATIONS', 'WB_652_ICT_APPLICATIONS', 'WB_652_ICT_APPLICATIONS', 'WB_662_SOCIAL_MEDIA', 'WB_662_SOCIAL_MEDIA', 'WB_662_SOCIAL_MEDIA', 'WB_658_ENTERPRISE_APPLICATIONS', 'WB_658_ENTERPRISE_APPLICATIONS', 'WB_658_ENTERPRISE_APPLICATIONS']",-4.21286031042129
20260412101500-229,20260412101500,channelnewsasia.com,https://www.channelnewsasia.com/world/humanx-conference-ai-job-panic-silicon-valley-artificial-intelligence-6051596,"['TAX_FNCACT_WORKERS', 'TAX_FNCACT_WORKERS', 'WB_678_DIGITAL_GOVERNMENT', 'WB_674_SHARED_INFRASTRUCTURE', 'WB_667_ICT_INFRASTRUCTURE', 'WB_676_CLOUD_COMPUTING', 'WB_133_INFORMATION_AND_COMMUNICATION_TECHNOLOGIES', 'TAX_FNCACT_CHIEF', 'TAX_FNCACT_CHIEF', 'TAX_FNCACT_CHIEF', 'TAX_FNCACT_WRITER', 'TAX_FNCACT_CHIEF_EXECUTIVE', 'TAX_FNCACT_CHIEF_EXECUTIVE', 'TAX_WORLDMAMMALS_HUMANS', 'EPU_CATS_MIGRATION_FEAR_FEAR', 'EPU_ECONOMY_HISTORIC', 'TAX_FNCACT_EXECUTIVES', 'CRISISLEX_CRISISLEXREC', 'TAX_FNCACT_BOSSES', 'ECON_ENTREPRENEURSHIP', 'TAX_FNCACT_INSIDERS', 'WB_2670_JOBS', 'WB_1467_EDUCATION_FOR_ALL', 'WB_470_EDUCATION', 'WB_2131_EMPLOYABILITY_SKILLS_AND_JOBS', 'WB_1484_EDUCATION_SKILLS_DEVELOPMENT_AND_LABOR_MARKET', 'TAX_FNCACT_EXECUTIVE', 'TAX_FNCACT_EXECUTIVE', 'TAX_FNCACT_ECONOMISTS']",-3.05343511450382
20260412101500-230,20260412101500,iranherald.com,http://www.iranherald.com/news/278978002/man-held-for-allegedly-damaging-us-military-aircraft-at-shannon-airport,"['ARREST', 'ARREST', 'ARREST', 'ARREST', 'ARREST', 'SOC_GENERALCRIME', 'SOC_GENERALCRIME', 'SOC_GENERALCRIME', 'SOC_GENERALCRIME', 'SOC_GENERALCRIME', 'CRISISLEX_C07_SAFETY', 'CRISISLEX_C07_SAFETY', 'CRISISLEX_C07_SAFETY', 'CRISISLEX_C07_SAFETY', 'CRISISLEX_C07_SAFETY', 'TAX_FNCACT_POLICE_OFFICER', 'TAX_FNCACT_WOMEN', 'MEDIA_SOCIAL', 'WB_652_ICT_APPLICATIONS', 'WB_662_SOCIAL_MEDIA', 'WB_658_ENTERPRISE_APPLICATIONS', 'WB_678_DIGITAL_GOVERNMENT', 'WB_694_BROADCAST_AND_MEDIA', 'WB_133_INFORMATION_AND_COMMUNICATION_TECHNOLOGIES', 'CRISISLEX_CRISISLEXREC', 'CRISISLEX_CRISISLEXREC', 'SOC_POINTSOFINTEREST_AIRPORT', 'SOC_POINTSOFINTEREST_AIRPORT', 'SOC_POINTSOFINTEREST_AIRPORT', 'SOC_POINTSOFINTEREST_AIRPORT', 'SOC_POINTSOFINTEREST_AIRPORT', 'SOC_POINTSOFINTEREST_AIRPORT', 'SOC_POINTSOFINTEREST_AIRPORT', 'WB_135_TRANSPORT', 'WB_135_TRANSPORT', 'WB_135_TRANSPORT', 'WB_135_TRANSPORT', 'WB_135_TRANSPORT', 'WB_135_TRANSPORT', 'WB_135_TRANSPORT', 'WB_1803_TRANSPORT_INFRASTRUCTURE', 'WB_1803_TRANSPORT_INFRASTRUCTURE', 'WB_1803_TRANSPORT_INFRASTRUCTURE', 'WB_1803_TRANSPORT_INFRASTRUCTURE', 'WB_1803_TRANSPORT_INFRASTRUCTURE', 'WB_1803_TRANSPORT_INFRASTRUCTURE', 'WB_1803_TRANSPORT_INFRASTRUCTURE', 'WB_1804_AIRPORTS', 'WB_1804_AIRPORTS', 'WB_1804_AIRPORTS', 'WB_1804_AIRPORTS', 'WB_1804_AIRPORTS', 'WB_1804_AIRPORTS', 'WB_1804_AIRPORTS', 'TAX_FNCACT_CRIMINAL', 'TAX_FNCACT_CRIMINAL', 'TAX_FNCACT_CRIMINAL', 'MANMADE_DISASTER_IMPLIED', 'WB_696_PUBLIC_SECTOR_MANAGEMENT', 'WB_840_JUSTICE', 'TAX_FNCACT_OFFICER', 'WB_1014_CRIMINAL_JUSTICE', 'TAX_FNCACT_SPOKESPERSON', 'CRISISLEX_C04_LOGISTICS_TRANSPORT', 'SECURITY_SERVICES', 'SECURITY_SERVICES', 'SECURITY_SERVICES', 'SECURITY_SERVICES', 'SECURITY_SERVICES', 'TAX_FNCACT_POLICE', 'TAX_FNCACT_POLICE', 'TAX_FNCACT_POLICE', 'TAX_FNCACT_POLICE', 'TAX_FNCACT_POLICE', 'TAX_FNCACT_MAN', 'TAX_FNCACT_MAN', 'TAX_FNCACT_MAN', 'GENERAL_HEALTH', 'MEDICAL', 'SOC_POINTSOFINTEREST_HOSPITAL', 'CRISISLEX_C03_WELLBEING_HEALTH']",-7.52688172043011
20260412101500-231,20260412101500,fool.com,https://www.fool.com/investing/2026/04/12/1-artificial-intelligence-ai-stock-wall-street-lov/?source=iedfolrf0000001,"['TAX_FNCACT_ANALYST', 'ECON_STOCKMARKET', 'ECON_STOCKMARKET', 'ECON_STOCKMARKET', 'ECON_STOCKMARKET', 'ECON_STOCKMARKET', 'ECON_STOCKMARKET', 'ECON_STOCKMARKET', 'ECON_STOCKMARKET', 'WB_2944_SERVERS', 'WB_671_STORAGE_MANAGEMENT', 'WB_672_NETWORK_MANAGEMENT', 'TAX_ECON_PRICE', 'TAX_ECON_PRICE', 'TAX_ECON_PRICE', 'WB_678_DIGITAL_GOVERNMENT', 'WB_674_SHARED_INFRASTRUCTURE', 'WB_667_ICT_INFRASTRUCTURE', 'WB_676_CLOUD_COMPUTING', 'WB_133_INFORMATION_AND_COMMUNICATION_TECHNOLOGIES', 'TAX_FNCACT_FOOL', 'ECON_DEBT', 'ECON_DEBT', 'ECON_DEBT', 'WB_1104_MACROECONOMIC_VULNERABILITY_AND_DEBT', 'WB_1104_MACROECONOMIC_VULNERABILITY_AND_DEBT', 'WB_1104_MACROECONOMIC_VULNERABILITY_AND_DEBT', 'WB_450_DEBT', 'WB_450_DEBT', 'WB_450_DEBT', 'UNGP_FORESTS_RIVERS_OCEANS', 'TAX_ETHNICITY_RUSSIAN', 'TAX_WORLDLANGUAGES_RUSSIAN', 'USPEC_POLICY1', 'EPU_POLICY_SPENDING', 'WB_566_ENVIRONMENT_AND_NATURAL_RESOURCES', 'WB_590_ECOSYSTEMS', 'EPU_ECONOMY_HISTORIC', 'EPU_ECONOMY_HISTORIC', 'TAX_FNCACT_ANALYSTS']",-1.12359550561798
20260412101500-232,20260412101500,cyprus-mail.com,https://cyprus-mail.com/2026/04/12/police-defend-decision-to-issue-search-warrant-for-nikos-clerides,"['MEDIA_MSM', 'TAX_FNCACT_JOURNALIST', 'RAPE', 'TAX_FNCACT_WOMAN', 'TRIAL', 'TAX_FNCACT_LAWYER', 'TAX_WORLDMAMMALS_HUMAN', 'TAX_FNCACT_FATHER', 'SLFID_DICTATORSHIP', 'SOC_SUICIDE', 'LEGISLATION', 'LEGISLATION', 'LEGISLATION', 'EPU_POLICY_LAW', 'EPU_POLICY_LAW', 'EPU_POLICY_LAW', 'TERROR', 'WB_2467_TERRORISM', 'WB_2433_CONFLICT_AND_VIOLENCE', 'WB_2462_POLITICAL_VIOLENCE_AND_WAR', 'EPU_CATS_NATIONAL_SECURITY', 'SELF_IDENTIFIED_HUMAN_RIGHTS', 'WB_2203_HUMAN_RIGHTS', 'WB_2432_FRAGILITY_CONFLICT_AND_VIOLENCE', 'UNGP_CRIME_VIOLENCE', 'TAX_FNCACT_JUDGE', 'WB_1920_FINANCIAL_SECTOR_DEVELOPMENT', 'WB_328_FINANCIAL_INTEGRITY', 'WB_1014_CRIMINAL_JUSTICE', 'WB_2082_LAW_ENFORCEMENT', 'TAX_FNCACT_CHAIRMAN', 'SLFID_RULE_OF_LAW', 'SECURITY_SERVICES', 'SECURITY_SERVICES', 'SECURITY_SERVICES', 'SECURITY_SERVICES', 'SECURITY_SERVICES', 'SECURITY_SERVICES', 'TAX_FNCACT_POLICE', 'TAX_FNCACT_POLICE', 'TAX_FNCACT_POLICE', 'TAX_FNCACT_POLICE', 'TAX_FNCACT_POLICE', 'TAX_FNCACT_POLICE', 'CRISISLEX_C07_SAFETY', 'CRISISLEX_C07_SAFETY', 'CRISISLEX_C07_SAFETY', 'CRISISLEX_C07_SAFETY', 'CRISISLEX_C07_SAFETY', 'CRISISLEX_C07_SAFETY', 'TAX_FNCACT_LEADER', 'TAX_FNCACT_MINISTER', 'TAX_FNCACT_DEPUTY', 'WB_696_PUBLIC_SECTOR_MANAGEMENT', 'WB_840_JUSTICE', 'IDEOLOGY', 'TAX_FNCACT_AUTHORITIES', 'CRISISLEX_CRISISLEXREC', 'EPU_POLICY_AUTHORITIES']",-2.55813953488372
20260412101500-233,20260412101500,rediff.com,https://tv.rediff.com/news/maharashtra-man-arrested-for-possessing-illegal-firearm/379860,"['TAX_WORLDLANGUAGES_MAHARASHTRA', 'TAX_WEAPONS_PISTOL', 'TAX_FNCACT_MAN', 'SECURITY_SERVICES', 'TAX_FNCACT_POLICE', 'CRISISLEX_C07_SAFETY', 'ARREST', 'SOC_GENERALCRIME']",-6.0
20260412101500-234,20260412101500,suncommercial.com,https://www.suncommercial.com/indiana_extra/page_8968b89c-106c-51a2-8142-dade6873b9f8.html,['TAX_WORLDMAMMALS_MOUSE'],0.0
20260412101500-235,20260412101500,pinkvilla.com,https://www.pinkvilla.com/entertainment/box-office/love-insurance-kompany-lik-box-office-collections-pradeep-ranganathans-sci-fi-comedy-grows-well-on-day-2-grosses-rs-17-50-crore-in-two-days-1402227,"['UNREST_BELLIGERENT', 'TAX_FNCACT_MAN', 'TAX_ETHNICITY_TAMIL', 'TAX_ETHNICITY_TAMIL', 'TAX_ETHNICITY_TAMIL', 'TAX_WORLDLANGUAGES_TAMIL', 'TAX_WORLDLANGUAGES_TAMIL', 'TAX_WORLDLANGUAGES_TAMIL', 'TAX_ETHNICITY_INDIAN', 'TAX_ETHNICITY_INDIAN', 'TAX_ETHNICITY_TELUGU', 'TAX_WORLDLANGUAGES_TELUGU', 'WB_1973_FINANCIAL_RISK_REDUCTION', 'WB_1973_FINANCIAL_RISK_REDUCTION', 'WB_1973_FINANCIAL_RISK_REDUCTION', 'WB_1973_FINANCIAL_RISK_REDUCTION', 'WB_1973_FINANCIAL_RISK_REDUCTION', 'WB_435_AGRICULTURE_AND_FOOD_SECURITY', 'WB_435_AGRICULTURE_AND_FOOD_SECURITY', 'WB_435_AGRICULTURE_AND_FOOD_SECURITY', 'WB_435_AGRICULTURE_AND_FOOD_SECURITY', 'WB_435_AGRICULTURE_AND_FOOD_SECURITY', 'WB_337_INSURANCE', 'WB_337_INSURANCE', 'WB_337_INSURANCE', 'WB_337_INSURANCE', 'WB_337_INSURANCE', 'WB_1967_AGRICULTURAL_RISK_AND_SECURITY', 'WB_1967_AGRICULTURAL_RISK_AND_SECURITY', 'WB_1967_AGRICULTURAL_RISK_AND_SECURITY', 'WB_1967_AGRICULTURAL_RISK_AND_SECURITY', 'WB_1967_AGRICULTURAL_RISK_AND_SECURITY']",2.41286863270778
20260412101500-236,20260412101500,dailymail.co.uk,https://www.dailymail.co.uk/tvshowbiz/article-15726219/Olivia-Attwood-split-Bradley-Dack-toughest-tattooed-bearded-man.html,"['TAX_FNCACT_MAN', 'TAX_FNCACT_MAN', 'TAX_FNCACT_MAN', 'CRISISLEX_T11_UPDATESSYMPATHY', 'CRISISLEX_T11_UPDATESSYMPATHY', 'CRISISLEX_T11_UPDATESSYMPATHY', 'MEDIA_MSM', 'UNGP_FORESTS_RIVERS_OCEANS', 'TAX_FNCACT_FOOTBALLER', 'WB_678_DIGITAL_GOVERNMENT', 'WB_694_BROADCAST_AND_MEDIA', 'WB_133_INFORMATION_AND_COMMUNICATION_TECHNOLOGIES', 'TAX_FNCACT_WOMEN', 'SCANDAL', 'SCANDAL']",-0.85308056872038
20260412101500-237,20260412101500,dailymail.co.uk,https://www.dailymail.co.uk/tvshowbiz/article-15711831/Corbin-Bleu-High-School-Musical-Olivier-glory.html,"['TAX_FNCACT_FATHER', 'UNGP_FORESTS_RIVERS_OCEANS', 'WB_2670_JOBS', 'WB_2670_JOBS', 'WB_696_PUBLIC_SECTOR_MANAGEMENT', 'WB_696_PUBLIC_SECTOR_MANAGEMENT', 'WB_2048_COMPENSATION_CAREERS_AND_INCENTIVES', 'WB_2048_COMPENSATION_CAREERS_AND_INCENTIVES', 'WB_723_PUBLIC_ADMINISTRATION', 'WB_723_PUBLIC_ADMINISTRATION', 'WB_724_HUMAN_RESOURCES_FOR_PUBLIC_SECTOR', 'WB_724_HUMAN_RESOURCES_FOR_PUBLIC_SECTOR', 'EDUCATION', 'EDUCATION', 'EDUCATION', 'EDUCATION', 'EDUCATION', 'EDUCATION', 'EDUCATION', 'EDUCATION', 'EDUCATION', 'SOC_POINTSOFINTEREST_SCHOOL', 'SOC_POINTSOFINTEREST_SCHOOL', 'SOC_POINTSOFINTEREST_SCHOOL', 'SOC_POINTSOFINTEREST_SCHOOL', 'SOC_POINTSOFINTEREST_SCHOOL', 'SOC_POINTSOFINTEREST_SCHOOL', 'SOC_POINTSOFINTEREST_SCHOOL', 'SOC_POINTSOFINTEREST_SCHOOL', 'SOC_POINTSOFINTEREST_SCHOOL', 'CRISISLEX_T11_UPDATESSYMPATHY', 'CRISISLEX_T11_UPDATESSYMPATHY', 'CRISISLEX_T11_UPDATESSYMPATHY', 'TAX_ETHNICITY_AMERICAN', 'TAX_ETHNICITY_AMERICAN', 'TAX_ETHNICITY_AMERICAN', 'TAX_FNCACT_ACTOR', 'TAX_FNCACT_ACTOR', 'TAX_FNCACT_ACTOR', 'TAX_FNCACT_ACTOR', 'TAX_FNCACT_ACTOR', 'TAX_FNCACT_ACTOR', 'TAX_FNCACT_ACTOR', 'TAX_FNCACT_ACTOR', 'SOC_POINTSOFINTEREST_HIGH_SCHOOL', 'SOC_POINTSOFINTEREST_HIGH_SCHOOL', 'SOC_POINTSOFINTEREST_HIGH_SCHOOL', 'SOC_POINTSOFINTEREST_HIGH_SCHOOL', 'SOC_POINTSOFINTEREST_HIGH_SCHOOL', 'SOC_POINTSOFINTEREST_HIGH_SCHOOL', 'SOC_POINTSOFINTEREST_HIGH_SCHOOL', 'TAX_FNCACT_ACTRESS', 'TAX_FNCACT_ACTRESS']",7.61494252873563
20260412101500-238,20260412101500,cairnspost.com.au,https://www.cairnspost.com.au/news/hot-wax-record-fair-makes-strong-comeback-with-thousands-of-albums-on-offer/news-story/72b3c748f2bd923d67ecbb4ec929a833&memtype=anonymous&mode=premium&nk=83ffdcb343f127146f94b48d492ad56b-1775988092,"['LEGISLATION', 'EPU_POLICY_LAW', 'TAX_ECON_PRICE']",-4.12371134020619
20260412101500-239,20260412101500,pakistantoday.com.pk,https://www.pakistantoday.com.pk/2026/04/12/lhc-orders-return-of-gold-bar-dollar10000-in-21-year-customs-case,"['TAX_ETHNICITY_THAI', 'CONFISCATION', 'CONFISCATION', 'CONFISCATION', 'WB_2936_GOLD', 'WB_2936_GOLD', 'WB_2936_GOLD', 'WB_2936_GOLD', 'WB_2936_GOLD', 'WB_2936_GOLD', 'WB_2936_GOLD', 'WB_507_ENERGY_AND_EXTRACTIVES', 'WB_507_ENERGY_AND_EXTRACTIVES', 'WB_507_ENERGY_AND_EXTRACTIVES', 'WB_507_ENERGY_AND_EXTRACTIVES', 'WB_507_ENERGY_AND_EXTRACTIVES', 'WB_507_ENERGY_AND_EXTRACTIVES', 'WB_507_ENERGY_AND_EXTRACTIVES', 'WB_895_MINING_SYSTEMS', 'WB_895_MINING_SYSTEMS', 'WB_895_MINING_SYSTEMS', 'WB_895_MINING_SYSTEMS', 'WB_895_MINING_SYSTEMS', 'WB_895_MINING_SYSTEMS', 'WB_895_MINING_SYSTEMS', 'WB_1699_METAL_ORE_MINING', 'WB_1699_METAL_ORE_MINING', 'WB_1699_METAL_ORE_MINING', 'WB_1699_METAL_ORE_MINING', 'WB_1699_METAL_ORE_MINING', 'WB_1699_METAL_ORE_MINING', 'WB_1699_METAL_ORE_MINING', 'TAX_FNCACT_AUTHORITIES', 'CRISISLEX_CRISISLEXREC', 'EPU_POLICY_AUTHORITIES', 'WB_713_PUBLIC_FINANCE', 'WB_1045_TREASURY', 'ECON_WORLDCURRENCIES_THAI_BAHT', 'ARREST', 'WB_696_PUBLIC_SECTOR_MANAGEMENT', 'WB_696_PUBLIC_SECTOR_MANAGEMENT', 'WB_840_JUSTICE', 'WB_840_JUSTICE', 'SOC_POINTSOFINTEREST_AIRPORT', 'SOC_POINTSOFINTEREST_AIRPORT', 'WB_135_TRANSPORT', 'WB_135_TRANSPORT', 'WB_1803_TRANSPORT_INFRASTRUCTURE', 'WB_1803_TRANSPORT_INFRASTRUCTURE', 'WB_1804_AIRPORTS', 'WB_1804_AIRPORTS', 'SEIZE', 'TAX_FNCACT_CRIMINAL', 'TAX_FNCACT_OFFICIALS', 'ECON_CURRENCY_EXCHANGE_RATE', 'EPU_CATS_SOVEREIGN_DEBT_CURRENCY_CRISES']",0.71599045346062
20260412101500-240,20260412101500,mauinews.com,https://www.mauinews.com/wire/?category=5190&ID=392689,[],2.57879656160458
20260412101500-241,20260412101500,camdencourier.com.au,https://www.camdencourier.com.au/story/9220834/convicted-rapist-immigration-detainee-back-in-custody/,"['TRIAL', 'ARREST', 'TAX_FNCACT_IMMIGRANTS', 'RAPE', 'SECURITY_SERVICES', 'SECURITY_SERVICES', 'SECURITY_SERVICES', 'TAX_FNCACT_POLICE', 'TAX_FNCACT_POLICE', 'TAX_FNCACT_POLICE', 'CRISISLEX_C07_SAFETY', 'CRISISLEX_C07_SAFETY', 'CRISISLEX_C07_SAFETY', 'IDEOLOGY', 'IMMIGRATION', 'IMMIGRATION', 'IMMIGRATION', 'IMMIGRATION', 'IMMIGRATION', 'IMMIGRATION', 'WB_2670_JOBS', 'WB_2670_JOBS', 'WB_2670_JOBS', 'WB_2670_JOBS', 'WB_2670_JOBS', 'WB_2670_JOBS', 'WB_2769_JOBS_STRATEGIES', 'WB_2769_JOBS_STRATEGIES', 'WB_2769_JOBS_STRATEGIES', 'WB_2769_JOBS_STRATEGIES', 'WB_2769_JOBS_STRATEGIES', 'WB_2769_JOBS_STRATEGIES', 'WB_2837_IMMIGRATION', 'WB_2837_IMMIGRATION', 'WB_2837_IMMIGRATION', 'WB_2837_IMMIGRATION', 'WB_2837_IMMIGRATION', 'WB_2837_IMMIGRATION', 'WB_2836_MIGRATION_POLICIES_AND_JOBS', 'WB_2836_MIGRATION_POLICIES_AND_JOBS', 'WB_2836_MIGRATION_POLICIES_AND_JOBS', 'WB_2836_MIGRATION_POLICIES_AND_JOBS', 'WB_2836_MIGRATION_POLICIES_AND_JOBS', 'WB_2836_MIGRATION_POLICIES_AND_JOBS', 'EPU_CATS_MIGRATION_FEAR_MIGRATION', 'EPU_CATS_MIGRATION_FEAR_MIGRATION', 'EPU_CATS_MIGRATION_FEAR_MIGRATION', 'EPU_CATS_MIGRATION_FEAR_MIGRATION', 'EPU_CATS_MIGRATION_FEAR_MIGRATION', 'EPU_CATS_MIGRATION_FEAR_MIGRATION', 'GENERAL_HEALTH', 'MEDICAL', 'SOC_POINTSOFINTEREST_HOSPITAL', 'CRISISLEX_C03_WELLBEING_HEALTH', 'WB_2433_CONFLICT_AND_VIOLENCE', 'WB_2452_GANGS', 'WB_2445_NON_STATE_SECURITY_ACTORS', 'WB_696_PUBLIC_SECTOR_MANAGEMENT', 'WB_696_PUBLIC_SECTOR_MANAGEMENT', 'WB_696_PUBLIC_SECTOR_MANAGEMENT', 'WB_696_PUBLIC_SECTOR_MANAGEMENT', 'WB_696_PUBLIC_SECTOR_MANAGEMENT', 'WB_696_PUBLIC_SECTOR_MANAGEMENT', 'WB_840_JUSTICE', 'WB_840_JUSTICE', 'WB_840_JUSTICE', 'WB_840_JUSTICE', 'WB_840_JUSTICE', 'WB_840_JUSTICE', 'WB_2495_DETENTION_PRISON_AND_CORRECTIONS_REFORM', 'WB_2495_DETENTION_PRISON_AND_CORRECTIONS_REFORM', 'WB_2495_DETENTION_PRISON_AND_CORRECTIONS_REFORM', 'WB_2495_DETENTION_PRISON_AND_CORRECTIONS_REFORM', 'WB_2495_DETENTION_PRISON_AND_CORRECTIONS_REFORM', 'WB_2495_DETENTION_PRISON_AND_CORRECTIONS_REFORM', 'WB_2470_PEACE_OPERATIONS_AND_CONFLICT_MANAGEMENT', 'WB_2470_PEACE_OPERATIONS_AND_CONFLICT_MANAGEMENT', 'WB_2470_PEACE_OPERATIONS_AND_CONFLICT_MANAGEMENT', 'WB_2470_PEACE_OPERATIONS_AND_CONFLICT_MANAGEMENT', 'WB_2470_PEACE_OPERATIONS_AND_CONFLICT_MANAGEMENT', 'WB_2470_PEACE_OPERATIONS_AND_CONFLICT_MANAGEMENT', 'WB_2432_FRAGILITY_CONFLICT_AND_VIOLENCE', 'WB_2432_FRAGILITY_CONFLICT_AND_VIOLENCE', 'WB_2432_FRAGILITY_CONFLICT_AND_VIOLENCE', 'WB_2432_FRAGILITY_CONFLICT_AND_VIOLENCE', 'WB_2432_FRAGILITY_CONFLICT_AND_VIOLENCE', 'WB_2432_FRAGILITY_CONFLICT_AND_VIOLENCE', 'WB_1014_CRIMINAL_JUSTICE', 'WB_1014_CRIMINAL_JUSTICE', 'WB_1014_CRIMINAL_JUSTICE', 'WB_1014_CRIMINAL_JUSTICE', 'WB_1014_CRIMINAL_JUSTICE', 'WB_1014_CRIMINAL_JUSTICE', 'WB_2490_NATIONAL_PROTECTION_AND_SECURITY', 'WB_2490_NATIONAL_PROTECTION_AND_SECURITY', 'WB_2490_NATIONAL_PROTECTION_AND_SECURITY', 'WB_2490_NATIONAL_PROTECTION_AND_SECURITY', 'WB_2490_NATIONAL_PROTECTION_AND_SECURITY', 'WB_2490_NATIONAL_PROTECTION_AND_SECURITY', 'SOC_GENERALCRIME', 'UNGP_CRIME_VIOLENCE', 'UNGP_CRIME_VIOLENCE', 'TAX_MILITARY_TITLE_OFFICERS', 'TAX_FNCACT_OFFICERS', 'TAX_FNCACT_CRIMINAL', 'SOC_POINTSOFINTEREST_PRISON', 'WB_135_TRANSPORT', 'EPU_POLICY_POLITICAL']",-9.82142857142857
20260412101500-242,20260412101500,nbc24.com,https://nbc24.com/news/local/toledo-boxer-sentenced-in-2009-mich-bank-robbery,"['TAX_WORLDLANGUAGES_HURON', 'TRIAL', 'TAX_FNCACT_PROSECUTORS', 'BORDER', 'ARREST', 'CRISISLEX_CRISISLEXREC', 'CRIME_COMMON_ROBBERY', 'CRIME_COMMON_ROBBERY', 'TAX_FNCACT_ATTORNEY', 'WB_1920_FINANCIAL_SECTOR_DEVELOPMENT', 'WB_363_FINANCIAL_INCLUSION', 'WB_1256_CREDIT_UNIONS', 'TAX_WEAPONS_PISTOL', 'TAX_FNCACT_MAN', 'WB_135_TRANSPORT', 'WB_1803_TRANSPORT_INFRASTRUCTURE', 'WB_167_PORTS', 'SOC_POINTSOFINTEREST_PRISON', 'SOC_POINTSOFINTEREST_PRISON', 'WB_2495_DETENTION_PRISON_AND_CORRECTIONS_REFORM', 'WB_2495_DETENTION_PRISON_AND_CORRECTIONS_REFORM', 'WB_2470_PEACE_OPERATIONS_AND_CONFLICT_MANAGEMENT', 'WB_2470_PEACE_OPERATIONS_AND_CONFLICT_MANAGEMENT', 'WB_2432_FRAGILITY_CONFLICT_AND_VIOLENCE', 'WB_2432_FRAGILITY_CONFLICT_AND_VIOLENCE', 'WB_2490_NATIONAL_PROTECTION_AND_SECURITY', 'WB_2490_NATIONAL_PROTECTION_AND_SECURITY', 'CRISISLEX_C07_SAFETY', 'TAX_FNCACT_BOXER']",-8.69565217391304
20260412101500-243,20260412101500,athens-times.com,https://athens-times.com/easter-calm-in-neos-kosmos-amid-heavy-mat-presence/,"['SECURITY_SERVICES', 'SECURITY_SERVICES', 'SECURITY_SERVICES', 'TAX_FNCACT_POLICE', 'TAX_FNCACT_POLICE', 'TAX_FNCACT_POLICE', 'CRISISLEX_C07_SAFETY', 'CRISISLEX_C07_SAFETY', 'CRISISLEX_C07_SAFETY', 'ARMEDCONFLICT', 'MANMADE_DISASTER_IMPLIED', 'TAX_FNCACT_OFFICERS', 'TAX_FNCACT_OFFICERS', 'WB_1921_PRIVATE_SECTOR_DEVELOPMENT', 'WB_405_BUSINESS_CLIMATE', 'WB_2531_INSPECTIONS_LICENSING_AND_PERMITS', 'WB_2530_BUSINESS_ENVIRONMENT', 'TAX_RELIGION_CHURCH', 'TAX_RELIGION_CHURCH', 'TAX_FNCACT_AUTHORITIES', 'CRISISLEX_CRISISLEXREC', 'EPU_POLICY_AUTHORITIES', 'CRM_ARSON', 'VIOLENT_UNREST', 'VIOLENT_UNREST', 'TAX_WEAPONS_MOLOTOV_COCKTAILS', 'TAX_WEAPONS_MOLOTOV_COCKTAILS', 'UNREST_MOLOTOVCOCKTAIL', 'UNREST_MOLOTOVCOCKTAIL', 'ARREST', 'ARREST', 'SOC_GENERALCRIME', 'SOC_GENERALCRIME']",-3.33333333333333
20260412101500-244,20260412101500,malverngazette.co.uk,https://www.malverngazette.co.uk/news/national/26013983.hungary-polls-key-election-unseat-orban-16-years/,"['EPU_POLICY_POLITICAL', 'LEADER', 'TAX_FNCACT_PRIME_MINISTER', 'TAX_FNCACT_CITIZENS', 'DEMOCRACY', 'DEMOCRACY', 'UNGP_POLITICAL_FREEDOMS', 'UNGP_POLITICAL_FREEDOMS', 'ECON_WORLDCURRENCIES_EURO', 'WB_135_TRANSPORT', 'AFFECT', 'WB_678_DIGITAL_GOVERNMENT', 'WB_694_BROADCAST_AND_MEDIA', 'WB_133_INFORMATION_AND_COMMUNICATION_TECHNOLOGIES', 'LEGISLATION', 'EPU_POLICY_LAW', 'GENERAL_HEALTH', 'MEDICAL', 'TAX_FNCACT_INSIDER', 'SLFID_RULE_OF_LAW', 'TRIAL', 'TAX_ETHNICITY_HUNGARIAN', 'TAX_WORLDLANGUAGES_HUNGARIAN', 'TAX_FNCACT_MINISTER', 'TAX_FNCACT_LEADER', 'TAX_FNCACT_LEADER', 'TAX_FNCACT_LEADER', 'MEDIA_MSM', 'MEDIA_MSM', 'USPEC_POLITICS_GENERAL1', 'USPEC_POLITICS_GENERAL1', 'USPEC_POLITICS_GENERAL1', 'UNGP_FORESTS_RIVERS_OCEANS', 'PIRACY', 'TAX_WORLDLANGUAGES_RUSSIA', 'EPU_ECONOMY_HISTORIC', 'VETO', 'USPEC_UNCERTAINTY1', 'WB_1458_HEALTH_PROMOTION_AND_DISEASE_PREVENTION', 'WB_1462_WATER_SANITATION_AND_HYGIENE', 'WB_635_PUBLIC_HEALTH', 'WB_621_HEALTH_NUTRITION_AND_POPULATION', 'GENERAL_GOVERNMENT', 'GENERAL_GOVERNMENT', 'EPU_POLICY_GOVERNMENT', 'EPU_POLICY_GOVERNMENT', 'PROTEST', 'MOVEMENT_GENERAL', 'TAX_FNCACT_ACTIVISTS', 'ELECTION', 'ELECTION', 'ELECTION', 'ELECTION', 'ELECTION', 'ELECTION', 'ELECTION', 'UNREST_CRACKDOWN', 'EPU_CATS_HEALTHCARE', 'EXTREMISM', 'EXTREMISM', 'CORRUPTION', 'CORRUPTION', 'TAX_FNCACT_SUPPORTERS', 'TAX_WORLDLANGUAGES_MAGYAR', 'TAX_WORLDLANGUAGES_MAGYAR', 'TAX_WORLDLANGUAGES_MAGYAR', 'TAX_WORLDLANGUAGES_MAGYAR', 'TAX_WORLDLANGUAGES_MAGYAR', 'TAX_WORLDLANGUAGES_MAGYAR', 'TAX_WORLDLANGUAGES_MAGYAR', 'PROPAGANDA']",-1.05105105105105
20260412101500-245,20260412101500,theage.com.au,https://www.theage.com.au/national/girl-drowns-in-queensland-river-20260412-p5znad.html,"['KILL', 'NATURAL_DISASTER_DROWNED', 'NATURAL_DISASTER_DROWNS']",-6.45161290322581
20260412101500-246,20260412101500,fool.com,https://www.fool.com/investing/2026/04/12/heres-how-much-gasoline-the-average-american-consu/?source=iedfolrf0000001,"['ARMEDCONFLICT', 'EPU_CATS_NATIONAL_SECURITY', 'TAX_FNCACT_FOOL', 'ENV_OIL', 'ENV_OIL', 'TAX_FNCACT_DRIVER', 'TAX_FNCACT_DRIVER', 'TAX_FNCACT_DRIVER', 'TAX_ECON_PRICE', 'TAX_ECON_PRICE', 'TAX_ECON_PRICE', 'ECON_OILPRICE', 'FUELPRICES', 'FUELPRICES', 'FUELPRICES', 'FUELPRICES', 'FUELPRICES', 'FUELPRICES', 'USPEC_POLICY1', 'USPEC_POLICY1', 'EPU_POLICY_BUDGET', 'EPU_POLICY_BUDGET', 'TAX_FNCACT_DRIVERS', 'TAX_FNCACT_DRIVERS', 'TAX_FNCACT_DRIVERS', 'ECON_GASOLINEPRICE', 'ECON_HEATINGOIL', 'TAX_ETHNICITY_AMERICANS', 'TAX_ETHNICITY_AMERICANS', 'TAX_ETHNICITY_AMERICAN', 'TAX_ETHNICITY_AMERICAN', 'TAX_ETHNICITY_AMERICAN', 'TAX_ETHNICITY_AMERICAN', 'TAX_ETHNICITY_AMERICAN', 'TRAFFIC']",-0.521739130434783
20260412101500-247,20260412101500,techradar.com,https://www.techradar.com/how-to-watch/watch-snooker-900-john-virgo-online-its-free,[],4.74777448071217
20260412101500-248,20260412101500,clickorlando.com,https://www.clickorlando.com/news/world/2026/04/12/us-and-iran-end-ceasefire-talks-and-vance-heads-home-without-an-agreement/,"['TAX_WEAPONS_DESTROYERS', 'TERROR', 'TAX_FNCACT_OFFICIAL', 'WB_698_TRADE', 'USPEC_POLICY1', 'EPU_ECONOMY', 'EPU_ECONOMY_HISTORIC', 'WB_539_OIL_AND_GAS_POLICY_STRATEGY_AND_INSTITUTIONS', 'WB_507_ENERGY_AND_EXTRACTIVES', 'WB_2290_OIL_AND_GAS_EXPORT', 'WB_544_MID_AND_DOWNSTREAM_OIL_AND_GAS', 'WMD', 'WMD', 'TAX_ETHNICITY_PERSIAN', 'TAX_WORLDLANGUAGES_PERSIAN', 'TAX_ETHNICITY_IRANIAN', 'TAX_ETHNICITY_IRANIAN', 'GENERAL_HEALTH', 'MEDICAL', 'KILL', 'KILL', 'CRISISLEX_T03_DEAD', 'CRISISLEX_T03_DEAD', 'WB_678_DIGITAL_GOVERNMENT', 'WB_678_DIGITAL_GOVERNMENT', 'WB_694_BROADCAST_AND_MEDIA', 'WB_694_BROADCAST_AND_MEDIA', 'WB_133_INFORMATION_AND_COMMUNICATION_TECHNOLOGIES', 'WB_133_INFORMATION_AND_COMMUNICATION_TECHNOLOGIES', 'TAX_ETHNICITY_ARAB', 'FUELPRICES', 'USPEC_UNCERTAINTY1', 'GENERAL_GOVERNMENT', 'TAX_FNCACT_MINISTER', 'TAX_FNCACT_OFFICIALS', 'TAX_FNCACT_OFFICIALS', 'TAX_FNCACT_OFFICIALS', 'TAX_FNCACT_OFFICIALS', 'ENV_OIL', 'ENV_OIL', 'LEADER', 'LEADER', 'TAX_FNCACT_PRESIDENT', 'TAX_FNCACT_PRESIDENT', 'USPEC_POLITICS_GENERAL1', 'USPEC_POLITICS_GENERAL1', 'ENV_WATERWAYS', 'WB_1805_WATERWAYS', 'WB_135_TRANSPORT', 'WB_1803_TRANSPORT_INFRASTRUCTURE', 'TAX_FNCACT_VICE_PRESIDENT', 'NEGOTIATIONS', 'NEGOTIATIONS', 'NEGOTIATIONS', 'NEGOTIATIONS', 'NEGOTIATIONS', 'NEGOTIATIONS', 'WB_696_PUBLIC_SECTOR_MANAGEMENT', 'WB_696_PUBLIC_SECTOR_MANAGEMENT', 'WB_696_PUBLIC_SECTOR_MANAGEMENT', 'WB_696_PUBLIC_SECTOR_MANAGEMENT', 'WB_696_PUBLIC_SECTOR_MANAGEMENT', 'WB_696_PUBLIC_SECTOR_MANAGEMENT', 'WB_840_JUSTICE', 'WB_840_JUSTICE', 'WB_840_JUSTICE', 'WB_840_JUSTICE', 'WB_840_JUSTICE', 'WB_840_JUSTICE', 'WB_2473_DIPLOMACY_AND_NEGOTIATIONS', 'WB_2473_DIPLOMACY_AND_NEGOTIATIONS', 'WB_2473_DIPLOMACY_AND_NEGOTIATIONS', 'WB_2473_DIPLOMACY_AND_NEGOTIATIONS', 'WB_2473_DIPLOMACY_AND_NEGOTIATIONS', 'WB_2473_DIPLOMACY_AND_NEGOTIATIONS', 'WB_939_NEGOTIATION', 'WB_939_NEGOTIATION', 'WB_939_NEGOTIATION', 'WB_939_NEGOTIATION', 'WB_939_NEGOTIATION', 'WB_939_NEGOTIATION', 'WB_2470_PEACE_OPERATIONS_AND_CONFLICT_MANAGEMENT', 'WB_2470_PEACE_OPERATIONS_AND_CONFLICT_MANAGEMENT', 'WB_2470_PEACE_OPERATIONS_AND_CONFLICT_MANAGEMENT', 'WB_2470_PEACE_OPERATIONS_AND_CONFLICT_MANAGEMENT', 'WB_2470_PEACE_OPERATIONS_AND_CONFLICT_MANAGEMENT', 'WB_2470_PEACE_OPERATIONS_AND_CONFLICT_MANAGEMENT', 'WB_936_ALTERNATIVE_DISPUTE_RESOLUTION', 'WB_936_ALTERNATIVE_DISPUTE_RESOLUTION', 'WB_936_ALTERNATIVE_DISPUTE_RESOLUTION', 'WB_936_ALTERNATIVE_DISPUTE_RESOLUTION', 'WB_936_ALTERNATIVE_DISPUTE_RESOLUTION', 'WB_936_ALTERNATIVE_DISPUTE_RESOLUTION', 'WB_2432_FRAGILITY_CONFLICT_AND_VIOLENCE', 'WB_2432_FRAGILITY_CONFLICT_AND_VIOLENCE', 'WB_2432_FRAGILITY_CONFLICT_AND_VIOLENCE', 'WB_2432_FRAGILITY_CONFLICT_AND_VIOLENCE', 'WB_2432_FRAGILITY_CONFLICT_AND_VIOLENCE', 'WB_2432_FRAGILITY_CONFLICT_AND_VIOLENCE', 'WB_843_DISPUTE_RESOLUTION', 'WB_843_DISPUTE_RESOLUTION', 'WB_843_DISPUTE_RESOLUTION', 'WB_843_DISPUTE_RESOLUTION', 'WB_843_DISPUTE_RESOLUTION', 'WB_843_DISPUTE_RESOLUTION', 'WB_2471_PEACEKEEPING', 'WB_2471_PEACEKEEPING', 'WB_2471_PEACEKEEPING', 'WB_2471_PEACEKEEPING', 'WB_2471_PEACEKEEPING', 'WB_2471_PEACEKEEPING', 'TAX_FNCACT_SPEAKER', 'CEASEFIRE', 'CEASEFIRE', 'CEASEFIRE', 'CEASEFIRE', 'CEASEFIRE', 'CEASEFIRE', 'TAX_FNCACT_FOREIGN_MINISTER', 'MEDIA_SOCIAL', 'WB_652_ICT_APPLICATIONS', 'WB_662_SOCIAL_MEDIA', 'WB_658_ENTERPRISE_APPLICATIONS', 'CRISISLEX_CRISISLEXREC', 'TAX_ECON_PRICE', 'ARMEDCONFLICT', 'ARMEDCONFLICT', 'ARMEDCONFLICT', 'ARMEDCONFLICT', 'ARMEDCONFLICT', 'ARMEDCONFLICT', 'ARMEDCONFLICT', 'ARMEDCONFLICT', 'EPU_CATS_NATIONAL_SECURITY', 'EPU_CATS_NATIONAL_SECURITY', 'EPU_CATS_NATIONAL_SECURITY', 'EPU_CATS_NATIONAL_SECURITY', 'EPU_CATS_NATIONAL_SECURITY', 'EPU_CATS_NATIONAL_SECURITY', 'EPU_CATS_NATIONAL_SECURITY', 'EPU_CATS_NATIONAL_SECURITY', 'EPU_POLICY_GOVERNMENT', 'UNGP_FORESTS_RIVERS_OCEANS', 'TAX_TERROR_GROUP_HEZBOLLAH', 'TAX_TERROR_GROUP_HEZBOLLAH', 'TAX_TERROR_GROUP_HEZBOLLAH', 'TAX_TERROR_GROUP_HEZBOLLAH', 'TAX_POLITICAL_PARTY_HEZBOLLAH', 'TAX_POLITICAL_PARTY_HEZBOLLAH', 'TAX_POLITICAL_PARTY_HEZBOLLAH', 'TAX_POLITICAL_PARTY_HEZBOLLAH', 'CLOSURE']",-4.33333333333333
20260412101500-249,20260412101500,athens-times.com,https://athens-times.com/netanyahu-erdogan-clash-escalates-turkey-calls-pm-a-criminal-israel-accuses-erdogan-of-kurdish-massacres/,"['TAX_ETHNICITY_IRANIAN', 'CRISISLEX_CRISISLEXREC', 'LEADER', 'TAX_FNCACT_PRIME_MINISTER', 'SOC_POINTSOFINTEREST_PRISON', 'WB_2495_DETENTION_PRISON_AND_CORRECTIONS_REFORM', 'TAX_FNCACT_OFFICIAL', 'EPU_POLICY_POLITICAL', 'UNGP_FORESTS_RIVERS_OCEANS', 'WB_2470_PEACE_OPERATIONS_AND_CONFLICT_MANAGEMENT', 'WB_2490_NATIONAL_PROTECTION_AND_SECURITY', 'TAX_FNCACT_MINISTER', 'TAX_FNCACT_MINISTER', 'TAX_FNCACT_MINISTER', 'TAX_FNCACT_MINISTER', 'TAX_FNCACT_MINISTER', 'WB_696_PUBLIC_SECTOR_MANAGEMENT', 'WB_840_JUSTICE', 'TAX_ETHNICITY_GREEK', 'TAX_ETHNICITY_GREEK', 'TAX_WORLDLANGUAGES_GREEK', 'TAX_WORLDLANGUAGES_GREEK', 'TAX_ETHNICITY_TURKISH', 'TAX_ETHNICITY_TURKISH', 'TAX_ETHNICITY_TURKISH', 'TAX_ETHNICITY_TURKISH', 'TAX_WORLDLANGUAGES_TURKISH', 'TAX_WORLDLANGUAGES_TURKISH', 'TAX_WORLDLANGUAGES_TURKISH', 'TAX_WORLDLANGUAGES_TURKISH', 'SELF_IDENTIFIED_ATROCITY', 'SELF_IDENTIFIED_ATROCITY', 'WB_2507_HUMAN_RIGHTS_ABUSES_AND_VIOLATIONS', 'WB_2507_HUMAN_RIGHTS_ABUSES_AND_VIOLATIONS', 'WB_2203_HUMAN_RIGHTS', 'WB_2203_HUMAN_RIGHTS', 'WB_2509_GENOCIDE', 'WB_2509_GENOCIDE', 'WB_2432_FRAGILITY_CONFLICT_AND_VIOLENCE', 'WB_2432_FRAGILITY_CONFLICT_AND_VIOLENCE', 'TAX_RELIGION_JEWISH', 'TAX_ETHNICITY_JEWISH', 'RETALIATE', 'KILL', 'TERROR', 'ARMEDCONFLICT', 'TAX_FNCACT_VICE_PRESIDENT', 'TAX_FNCACT_CRIMINAL', 'TAX_FNCACT_CRIMINAL', 'TAX_FNCACT_CRIMINAL', 'EPU_CATS_MIGRATION_FEAR_FEAR', 'EPU_CATS_NATIONAL_SECURITY', 'TAX_FNCACT_BROKER', 'TAX_FNCACT_PRESIDENT', 'TAX_FNCACT_PRESIDENT', 'TAX_FNCACT_PRESIDENT', 'TAX_FNCACT_PRESIDENT', 'TAX_FNCACT_PRESIDENT', 'USPEC_POLITICS_GENERAL1', 'USPEC_POLITICS_GENERAL1', 'USPEC_POLITICS_GENERAL1', 'USPEC_POLITICS_GENERAL1', 'USPEC_POLITICS_GENERAL1', 'GENERAL_GOVERNMENT', 'CEASEFIRE', 'CEASEFIRE', 'ARREST', 'MEDIA_SOCIAL', 'TAX_ETHNICITY_PALESTINIAN', 'TRIAL', 'TAX_FNCACT_PROSECUTOR', 'CRISISLEX_C07_SAFETY', 'GEN_HOLIDAY', 'SELF_IDENTIFIED_HUMANITARIAN_CRISIS', 'AID_HUMANITARIAN', 'CRISISLEX_T11_UPDATESSYMPATHY']",-7.85219399538106
20260412101500-250,20260412101500,athens-times.com,https://athens-times.com/rocket-war-in-chios-stunning-easter-night-images-with-thousands-of-rockets/,"['ARMEDCONFLICT', 'ARMEDCONFLICT', 'EPU_CATS_NATIONAL_SECURITY', 'EPU_CATS_NATIONAL_SECURITY']",3.33333333333333
20260412101500-251,20260412101500,cairnspost.com.au,https://www.cairnspost.com.au/news/opinion/andrew-bolt-unlike-labor-one-nations-political-party-reflects-australian-diversity/news-story/7eacc4fa9f4498830811bac5a9247fb0&memtype=anonymous&mode=premium&nk=961190846e1517521fb8b9fa7e4288c3-1775988120,"['LEGISLATION', 'EPU_POLICY_LAW', 'TAX_ECON_PRICE']",-4.12371134020619
20260412101500-252,20260412101500,winnipegfreepress.com,https://www.winnipegfreepress.com/uncategorized/2026/04/12/yemaneberhan-crippa-wins-paris-marathon-ethiopias-shure-demise-smashes-record-in-womens-race,[],0.234192037470726
20260412101500-253,20260412101500,wharfedaleobserver.co.uk,https://www.wharfedaleobserver.co.uk/news/national/26014009.dublin-fuel-protesters-ambushed-late-night-garda-operation-spokesman-says/,"['TAX_FNCACT_SPOKESMEN', 'TAX_FNCACT_MINISTERS', 'CRISISLEX_O02_RESPONSEAGENCIESATCRISIS', 'CRISISLEX_CRISISLEXREC', 'CRISISLEX_CRISISLEXREC', 'UNGP_FORESTS_RIVERS_OCEANS', 'UNGP_FORESTS_RIVERS_OCEANS', 'UNGP_FORESTS_RIVERS_OCEANS', 'GENERAL_GOVERNMENT', 'GENERAL_GOVERNMENT', 'GENERAL_GOVERNMENT', 'GENERAL_GOVERNMENT', 'GENERAL_GOVERNMENT', 'GENERAL_GOVERNMENT', 'EPU_POLICY_GOVERNMENT', 'EPU_POLICY_GOVERNMENT', 'EPU_POLICY_GOVERNMENT', 'EPU_POLICY_GOVERNMENT', 'EPU_POLICY_GOVERNMENT', 'EPU_POLICY_GOVERNMENT', 'TAX_ECON_PRICE', 'TAX_ECON_PRICE', 'TAX_ECON_PRICE', 'MANMADE_DISASTER_IMPLIED', 'MANMADE_DISASTER_IMPLIED', 'MANMADE_DISASTER_IMPLIED', 'WB_539_OIL_AND_GAS_POLICY_STRATEGY_AND_INSTITUTIONS', 'WB_539_OIL_AND_GAS_POLICY_STRATEGY_AND_INSTITUTIONS', 'WB_539_OIL_AND_GAS_POLICY_STRATEGY_AND_INSTITUTIONS', 'WB_507_ENERGY_AND_EXTRACTIVES', 'WB_507_ENERGY_AND_EXTRACTIVES', 'WB_507_ENERGY_AND_EXTRACTIVES', 'WB_548_PPP_IN_OIL_AND_GAS', 'WB_548_PPP_IN_OIL_AND_GAS', 'WB_548_PPP_IN_OIL_AND_GAS', 'WB_2298_REFINERIES', 'WB_2298_REFINERIES', 'WB_2298_REFINERIES', 'UNGP_CRIME_VIOLENCE', 'TAX_FNCACT_SPOKESWOMAN', 'MEDIA_SOCIAL', 'WB_652_ICT_APPLICATIONS', 'WB_662_SOCIAL_MEDIA', 'WB_658_ENTERPRISE_APPLICATIONS', 'EPU_ECONOMY_HISTORIC', 'TAX_FNCACT_CHIEF_EXECUTIVE', 'TAX_FNCACT_COMMISSIONER', 'TAX_FNCACT_COMMISSIONER', 'RURAL', 'TAX_FNCACT_CHIEF', 'EDUCATION', 'SOC_POINTSOFINTEREST_SCHOOLS', 'TAX_FNCACT_WORKERS', 'CRISISLEX_O01_WEATHER', 'GENERAL_HEALTH', 'WB_635_PUBLIC_HEALTH', 'WB_2165_HEALTH_EMERGENCIES', 'WB_621_HEALTH_NUTRITION_AND_POPULATION', 'WB_1324_EMERGENCY_MEDICAL_SERVICES', 'MILITARY', 'TAX_FNCACT_REPRESENTATIVE', 'LEGISLATION', 'EPU_POLICY_LAW', 'TAX_FNCACT_EXECUTIVE', 'ARREST', 'DISASTER_FIRE', 'CRISISLEX_T01_CAUTION_ADVICE', 'KILL', 'TAX_FNCACT_SUPPORTERS', 'AGRICULTURE', 'MEDICAL', 'SOC_POINTSOFINTEREST_HOSPITALS', 'SHORTAGE', 'TAX_ETHNICITY_IRISH', 'TAX_ETHNICITY_IRISH', 'TAX_ETHNICITY_IRISH', 'TAX_WORLDLANGUAGES_IRISH', 'TAX_WORLDLANGUAGES_IRISH', 'TAX_WORLDLANGUAGES_IRISH', 'SECURITY_SERVICES', 'SECURITY_SERVICES', 'SECURITY_SERVICES', 'TAX_FNCACT_POLICE', 'TAX_FNCACT_POLICE', 'TAX_FNCACT_POLICE', 'CRISISLEX_C07_SAFETY', 'CRISISLEX_C07_SAFETY', 'CRISISLEX_C07_SAFETY', 'TAX_FNCACT_SPOKESMAN', 'ARMEDCONFLICT', 'AFFECT', 'ENV_OIL', 'ENV_OIL', 'ENV_OIL', 'LEADER', 'TAX_FNCACT_PRESIDENT', 'USPEC_POLITICS_GENERAL1', 'SOC_RANSOM', 'TAX_FNCACT_STREET_CLEANERS', 'WB_135_TRANSPORT', 'WB_135_TRANSPORT', 'PROTEST', 'PROTEST', 'PROTEST', 'PROTEST', 'PROTEST', 'PROTEST', 'PROTEST', 'ALLIANCE', 'ALLIANCE', 'WB_678_DIGITAL_GOVERNMENT', 'WB_694_BROADCAST_AND_MEDIA', 'WB_133_INFORMATION_AND_COMMUNICATION_TECHNOLOGIES', 'BLOCKADE', 'BLOCKADE', 'BLOCKADE', 'BLOCKADE', 'BLOCKADE', 'SEIGE', 'SEIGE', 'SEIGE', 'SEIGE', 'SEIGE', 'TAX_MILITARY_TITLE_OFFICERS', 'TAX_FNCACT_OFFICERS']",-5.9449866903283
20260412101500-254,20260412101500,aceshowbiz.com,https://www.aceshowbiz.com/news/view/00253459.html,"['TAX_FNCACT_ARTISTS', 'TAX_FNCACT_ARTISTS', 'TAX_FNCACT_HERO']",1.8018018018018
20260412101500-255,20260412101500,kashmirreader.com,https://kashmirreader.com/2026/04/12/digital-arrest-complete-myth-says-crime-branch-as-ai-driven-fraud-rises-in-kashmir/,"['TAX_FNCACT_AUTHORITIES', 'EPU_POLICY_AUTHORITIES', 'UNGP_FORESTS_RIVERS_OCEANS', 'ARREST', 'ARREST', 'ARREST', 'WB_1606_SCHOLARSHIPS', 'WB_1608_CASH_TRANSFERS', 'WB_1466_SOCIAL_ASSISTANCE', 'WB_1603_FEE_WAIVERS', 'WB_697_SOCIAL_PROTECTION_AND_LABOR', 'TAX_FNCACT_VICTIMS', 'TAX_FNCACT_VICTIMS', 'TAX_FNCACT_VICTIMS', 'TAX_FNCACT_VICTIMS', 'TAX_FNCACT_VICTIMS', 'TAX_FNCACT_VICTIMS', 'TAX_FNCACT_VICTIMS', 'CRISISLEX_CRISISLEXREC', 'CRISISLEX_CRISISLEXREC', 'CRISISLEX_CRISISLEXREC', 'CRISISLEX_CRISISLEXREC', 'CRISISLEX_CRISISLEXREC', 'CRISISLEX_CRISISLEXREC', 'CRISISLEX_CRISISLEXREC', 'CRISISLEX_T08_MISSINGFOUNDTRAPPEDPEOPLE', 'CRISISLEX_T08_MISSINGFOUNDTRAPPEDPEOPLE', 'CRISISLEX_T08_MISSINGFOUNDTRAPPEDPEOPLE', 'CRISISLEX_T08_MISSINGFOUNDTRAPPEDPEOPLE', 'CRISISLEX_T08_MISSINGFOUNDTRAPPEDPEOPLE', 'CRISISLEX_T08_MISSINGFOUNDTRAPPEDPEOPLE', 'CRISISLEX_T08_MISSINGFOUNDTRAPPEDPEOPLE', 'TAX_FNCACT_OFFICER', 'TAX_FNCACT_OFFICER', 'TAX_FNCACT_OFFICER', 'TAX_FNCACT_DEPUTY', 'TAX_FNCACT_MANAGERS', 'TAX_FNCACT_SUPERINTENDENT', 'SHORTAGE', 'SECURITY_SERVICES', 'SECURITY_SERVICES', 'SECURITY_SERVICES', 'SECURITY_SERVICES', 'TAX_FNCACT_POLICE', 'TAX_FNCACT_POLICE', 'TAX_FNCACT_POLICE', 'TAX_FNCACT_POLICE', 'CRISISLEX_C07_SAFETY', 'CRISISLEX_C07_SAFETY', 'CRISISLEX_C07_SAFETY', 'CRISISLEX_C07_SAFETY', 'UNREST_BELLIGERENT', 'SOC_GENERALCRIME', 'SOC_GENERALCRIME', 'SOC_GENERALCRIME', 'SOC_GENERALCRIME', 'SOC_GENERALCRIME', 'SOC_GENERALCRIME', 'SOC_GENERALCRIME', 'SOC_GENERALCRIME', 'SOC_GENERALCRIME', 'EPU_CATS_MIGRATION_FEAR_FEAR', 'EPU_CATS_MIGRATION_FEAR_FEAR', 'EPU_CATS_MIGRATION_FEAR_FEAR', 'EPU_CATS_MIGRATION_FEAR_FEAR', 'EPU_CATS_MIGRATION_FEAR_FEAR', 'EPU_CATS_MIGRATION_FEAR_FEAR', 'EPU_CATS_MIGRATION_FEAR_FEAR', 'EPU_CATS_MIGRATION_FEAR_FEAR', 'EPU_CATS_MIGRATION_FEAR_FEAR', 'BAN', 'TAX_ETHNICITY_INDIAN', 'MEDIA_SOCIAL', 'MEDIA_SOCIAL', 'MEDIA_SOCIAL', 'WB_652_ICT_APPLICATIONS', 'WB_652_ICT_APPLICATIONS', 'WB_652_ICT_APPLICATIONS', 'WB_662_SOCIAL_MEDIA', 'WB_662_SOCIAL_MEDIA', 'WB_662_SOCIAL_MEDIA', 'WB_658_ENTERPRISE_APPLICATIONS', 'WB_658_ENTERPRISE_APPLICATIONS', 'WB_658_ENTERPRISE_APPLICATIONS', 'WB_135_TRANSPORT', 'WB_1817_CONGESTION', 'WB_162_TRANSPORT_ECONOMICS', 'UNGP_PHONE_INTERNET_ACCESS_COST', 'TAX_FNCACT_POLICE_OFFICER', 'EPU_ECONOMY_HISTORIC', 'TAX_FNCACT_OFFICIALS', 'USPEC_POLICY1', 'EPU_POLICY_SPENDING', 'DELAY', 'USPEC_UNCERTAINTY1', 'SOC_POINTSOFINTEREST_POLICE_STATION', 'SOC_POINTSOFINTEREST_POLICE_STATION', 'DRUG_TRADE', 'WB_1331_HEALTH_TECHNOLOGIES', 'WB_2453_ORGANIZED_CRIME', 'WB_1350_PHARMACEUTICALS', 'WB_2433_CONFLICT_AND_VIOLENCE', 'WB_621_HEALTH_NUTRITION_AND_POPULATION', 'WB_2456_DRUGS_AND_NARCOTICS', 'TAX_FNCACT_STUDENTS', 'WB_1406_DISEASES', 'WB_1437_SOCIAL_DETERMINANTS_FOR_HEALTH', 'WB_1438_ALCOHOL_AND_SUBSTANCE_ABUSE', 'WB_1427_NON_COMMUNICABLE_DISEASE_AND_INJURY', 'CYBER_ATTACK', 'CYBER_ATTACK', 'CYBER_ATTACK', 'CYBER_ATTACK', 'CYBER_ATTACK', 'CYBER_ATTACK', 'CYBER_ATTACK', 'CYBER_ATTACK', 'WB_2457_CYBER_CRIME', 'WB_2457_CYBER_CRIME', 'WB_2457_CYBER_CRIME', 'WB_2457_CYBER_CRIME', 'WB_2457_CYBER_CRIME', 'WB_2457_CYBER_CRIME', 'WB_2457_CYBER_CRIME', 'WB_2457_CYBER_CRIME', 'WB_2470_PEACE_OPERATIONS_AND_CONFLICT_MANAGEMENT', 'WB_2470_PEACE_OPERATIONS_AND_CONFLICT_MANAGEMENT', 'WB_2470_PEACE_OPERATIONS_AND_CONFLICT_MANAGEMENT', 'WB_2470_PEACE_OPERATIONS_AND_CONFLICT_MANAGEMENT', 'WB_2470_PEACE_OPERATIONS_AND_CONFLICT_MANAGEMENT', 'WB_2470_PEACE_OPERATIONS_AND_CONFLICT_MANAGEMENT', 'WB_2470_PEACE_OPERATIONS_AND_CONFLICT_MANAGEMENT', 'WB_2470_PEACE_OPERATIONS_AND_CONFLICT_MANAGEMENT', 'WB_2432_FRAGILITY_CONFLICT_AND_VIOLENCE', 'WB_2432_FRAGILITY_CONFLICT_AND_VIOLENCE', 'WB_2432_FRAGILITY_CONFLICT_AND_VIOLENCE', 'WB_2432_FRAGILITY_CONFLICT_AND_VIOLENCE', 'WB_2432_FRAGILITY_CONFLICT_AND_VIOLENCE', 'WB_2432_FRAGILITY_CONFLICT_AND_VIOLENCE', 'WB_2432_FRAGILITY_CONFLICT_AND_VIOLENCE', 'WB_2432_FRAGILITY_CONFLICT_AND_VIOLENCE', 'WB_2490_NATIONAL_PROTECTION_AND_SECURITY', 'WB_2490_NATIONAL_PROTECTION_AND_SECURITY', 'WB_2490_NATIONAL_PROTECTION_AND_SECURITY', 'WB_2490_NATIONAL_PROTECTION_AND_SECURITY', 'WB_2490_NATIONAL_PROTECTION_AND_SECURITY', 'WB_2490_NATIONAL_PROTECTION_AND_SECURITY', 'WB_2490_NATIONAL_PROTECTION_AND_SECURITY', 'WB_2490_NATIONAL_PROTECTION_AND_SECURITY', 'WB_1609_FOOD_AND_IN_KIND_TRANSFERS', 'WB_1609_FOOD_AND_IN_KIND_TRANSFERS', 'WB_1609_FOOD_AND_IN_KIND_TRANSFERS', 'WB_1620_ELDERLY', 'WB_1620_ELDERLY', 'WB_1620_ELDERLY', 'WB_1618_FOOD_DISTRIBUTION', 'WB_1618_FOOD_DISTRIBUTION', 'WB_1618_FOOD_DISTRIBUTION', 'CORRUPTION', 'CORRUPTION', 'CORRUPTION', 'CORRUPTION', 'CORRUPTION', 'CORRUPTION', 'WB_2019_ANTI_CORRUPTION_LEGISLATION', 'WB_2019_ANTI_CORRUPTION_LEGISLATION', 'WB_2019_ANTI_CORRUPTION_LEGISLATION', 'WB_2019_ANTI_CORRUPTION_LEGISLATION', 'WB_2019_ANTI_CORRUPTION_LEGISLATION', 'WB_2019_ANTI_CORRUPTION_LEGISLATION', 'WB_696_PUBLIC_SECTOR_MANAGEMENT', 'WB_696_PUBLIC_SECTOR_MANAGEMENT', 'WB_696_PUBLIC_SECTOR_MANAGEMENT', 'WB_696_PUBLIC_SECTOR_MANAGEMENT', 'WB_696_PUBLIC_SECTOR_MANAGEMENT', 'WB_696_PUBLIC_SECTOR_MANAGEMENT', 'WB_831_GOVERNANCE', 'WB_831_GOVERNANCE', 'WB_831_GOVERNANCE', 'WB_831_GOVERNANCE', 'WB_831_GOVERNANCE', 'WB_831_GOVERNANCE', 'WB_832_ANTI_CORRUPTION', 'WB_832_ANTI_CORRUPTION', 'WB_832_ANTI_CORRUPTION', 'WB_832_ANTI_CORRUPTION', 'WB_832_ANTI_CORRUPTION', 'WB_832_ANTI_CORRUPTION', 'WB_2020_BRIBERY_FRAUD_AND_COLLUSION', 'WB_2020_BRIBERY_FRAUD_AND_COLLUSION', 'WB_2020_BRIBERY_FRAUD_AND_COLLUSION', 'WB_2020_BRIBERY_FRAUD_AND_COLLUSION', 'WB_2020_BRIBERY_FRAUD_AND_COLLUSION', 'WB_2020_BRIBERY_FRAUD_AND_COLLUSION', 'WB_2024_ANTI_CORRUPTION_AUTHORITIES', 'WB_840_JUSTICE', 'WB_2025_INVESTIGATION', 'WB_1014_CRIMINAL_JUSTICE', 'MEDIA_MSM', 'WB_695_POVERTY', 'WB_701_JOBS_AND_POVERTY', 'WB_1170_JOB_CREATION_AND_JOB_OPPORTUNITIES', 'UNGP_JOB_OPPORTUNITIES_EMPLOYMENT', 'SOC_SUSPICIOUSACTIVITY', 'WB_678_DIGITAL_GOVERNMENT', 'WB_678_DIGITAL_GOVERNMENT', 'WB_678_DIGITAL_GOVERNMENT', 'WB_678_DIGITAL_GOVERNMENT', 'WB_678_DIGITAL_GOVERNMENT', 'WB_678_DIGITAL_GOVERNMENT', 'WB_678_DIGITAL_GOVERNMENT', 'WB_678_DIGITAL_GOVERNMENT', 'WB_694_BROADCAST_AND_MEDIA', 'WB_694_BROADCAST_AND_MEDIA', 'WB_694_BROADCAST_AND_MEDIA', 'WB_694_BROADCAST_AND_MEDIA', 'WB_694_BROADCAST_AND_MEDIA', 'WB_694_BROADCAST_AND_MEDIA', 'WB_694_BROADCAST_AND_MEDIA', 'WB_694_BROADCAST_AND_MEDIA', 'WB_133_INFORMATION_AND_COMMUNICATION_TECHNOLOGIES', 'WB_133_INFORMATION_AND_COMMUNICATION_TECHNOLOGIES', 'WB_133_INFORMATION_AND_COMMUNICATION_TECHNOLOGIES', 'WB_133_INFORMATION_AND_COMMUNICATION_TECHNOLOGIES', 'WB_133_INFORMATION_AND_COMMUNICATION_TECHNOLOGIES', 'WB_133_INFORMATION_AND_COMMUNICATION_TECHNOLOGIES', 'WB_133_INFORMATION_AND_COMMUNICATION_TECHNOLOGIES', 'WB_133_INFORMATION_AND_COMMUNICATION_TECHNOLOGIES', 'TAX_FNCACT_CITIZENS', 'TAX_FNCACT_CHILDREN', 'TAX_FNCACT_CHILDREN', 'TAX_FNCACT_MANAGER', 'GENERAL_HEALTH', 'MEDICAL', 'TAX_FNCACT_DOCTORS', 'CRISISLEX_C03_WELLBEING_HEALTH', 'GRIEVANCES', 'GRIEVANCES', 'TAX_FNCACT_VICTIM', 'EPU_POLICY_REGULATION', 'EPU_CATS_REGULATION']",-8.55018587360595
20260412101500-256,20260412101500,albawaba.net,https://www.albawaba.net/news/turkey%E2%80%93israel-war-words-escalates-ankara-1625350,"['USPEC_POLICY1', 'REL_ANTISEMITISM', 'KILL', 'WB_678_DIGITAL_GOVERNMENT', 'WB_694_BROADCAST_AND_MEDIA', 'WB_133_INFORMATION_AND_COMMUNICATION_TECHNOLOGIES', 'SELF_IDENTIFIED_ATROCITY', 'TAX_WEAPONS_WARHEAD', 'LEADER', 'TAX_FNCACT_PRIME_MINISTER', 'WB_698_TRADE', 'TAX_FNCACT_OFFICIAL', 'TAX_FNCACT_OFFICIAL', 'TAX_WORLDMAMMALS_TIGER', 'WB_2470_PEACE_OPERATIONS_AND_CONFLICT_MANAGEMENT', 'WB_2432_FRAGILITY_CONFLICT_AND_VIOLENCE', 'WB_2490_NATIONAL_PROTECTION_AND_SECURITY', 'EPU_CATS_NATIONAL_SECURITY', 'EPU_POLICY_POLITICAL', 'TAX_FNCACT_MINISTER', 'TAX_FNCACT_MINISTER', 'TAX_FNCACT_MINISTER', 'TAX_ETHNICITY_TURKISH', 'TAX_ETHNICITY_TURKISH', 'TAX_ETHNICITY_TURKISH', 'TAX_ETHNICITY_TURKISH', 'TAX_WORLDLANGUAGES_TURKISH', 'TAX_WORLDLANGUAGES_TURKISH', 'TAX_WORLDLANGUAGES_TURKISH', 'TAX_WORLDLANGUAGES_TURKISH', 'PERSECUTION', 'DISCRIMINATION', 'UNGP_FREEDOM_FROM_DISCRIMINATION', 'EPU_CATS_MIGRATION_FEAR_FEAR', 'TAX_FNCACT_FOREIGN_MINISTER', 'MEDIA_SOCIAL', 'WB_652_ICT_APPLICATIONS', 'WB_662_SOCIAL_MEDIA', 'WB_658_ENTERPRISE_APPLICATIONS', 'TAX_FNCACT_PRESIDENT', 'TAX_FNCACT_PRESIDENT', 'USPEC_POLITICS_GENERAL1', 'USPEC_POLITICS_GENERAL1', 'TAX_FNCACT_OFFICIALS', 'TAX_FNCACT_OFFICIALS', 'TAX_FNCACT_OFFICIALS', 'TAX_FNCACT_OFFICIALS', 'TRANSPARENCY', 'TAX_FNCACT_CRIMINAL', 'TAX_FNCACT_CRIMINAL', 'TAX_FNCACT_LEADERS', 'CEASEFIRE', 'CEASEFIRE', 'CRISISLEX_C07_SAFETY', 'CRISISLEX_C07_SAFETY', 'CRISISLEX_CRISISLEXREC', 'ARMEDCONFLICT', 'TAX_ETHNICITY_PALESTINIANS', 'CRISISLEX_T11_UPDATESSYMPATHY']",-9.83606557377049
20260412101500-257,20260412101500,teamtalk.com,https://www.teamtalk.com/news/bayern-munich-stand-firm-aleksandar-pavlovic-man-utd-chelsea-man-city-interest-sources,[],0.984251968503937
20260412101500-258,20260412101500,smh.com.au,https://www.smh.com.au/national/child-among-those-injured-in-melbourne-crash-20260412-p5znab.html,"['UNGP_FORESTS_RIVERS_OCEANS', 'WOUND', 'CRISISLEX_CRISISLEXREC', 'CRISISLEX_C03_WELLBEING_HEALTH', 'CRISISLEX_T02_INJURED', 'GENERAL_HEALTH', 'MEDICAL', 'SOC_POINTSOFINTEREST_HOSPITAL', 'TAX_FNCACT_CHILD', 'TAX_FNCACT_CHILD']",-12.8205128205128
20260412101500-259,20260412101500,moneycontrol.com,https://www.moneycontrol.com/news/trends/65-of-americans-can-t-keep-up-with-rising-prices-amid-war-cut-on-food-alcohol-report-13886639.html,"['USPEC_POLICY1', 'USPEC_POLICY1', 'USPEC_POLICY1', 'USPEC_POLICY1', 'USPEC_POLICY1', 'EPU_POLICY_SPENDING', 'EPU_POLICY_SPENDING', 'EPU_POLICY_SPENDING', 'EPU_POLICY_SPENDING', 'EPU_POLICY_SPENDING', 'WB_856_WAGES', 'WB_1654_ACTIVE_LABOR_MARKET_POLICIES', 'WB_855_LABOR_MARKETS', 'WB_697_SOCIAL_PROTECTION_AND_LABOR', 'EPU_POLICY_BUDGET', 'DELAY', 'USPEC_UNCERTAINTY1', 'TAX_ECON_PRICE', 'TAX_ECON_PRICE', 'TAX_ECON_PRICE', 'TAX_ECON_PRICE', 'TAX_ECON_PRICE', 'TAX_ECON_PRICE', 'ECON_WORLDCURRENCIES_DOLLARS', 'ARMEDCONFLICT', 'ARMEDCONFLICT', 'ARMEDCONFLICT', 'EPU_CATS_NATIONAL_SECURITY', 'EPU_CATS_NATIONAL_SECURITY', 'EPU_CATS_NATIONAL_SECURITY', 'WB_2433_CONFLICT_AND_VIOLENCE', 'WB_2432_FRAGILITY_CONFLICT_AND_VIOLENCE', 'ECON_INFLATION', 'ECON_INFLATION', 'ECON_INFLATION', 'ECON_INFLATION', 'WB_1104_MACROECONOMIC_VULNERABILITY_AND_DEBT', 'WB_1104_MACROECONOMIC_VULNERABILITY_AND_DEBT', 'WB_1104_MACROECONOMIC_VULNERABILITY_AND_DEBT', 'WB_1104_MACROECONOMIC_VULNERABILITY_AND_DEBT', 'WB_442_INFLATION', 'WB_442_INFLATION', 'WB_442_INFLATION', 'WB_442_INFLATION', 'ECON_GASOLINEPRICE', 'ECON_HEATINGOIL', 'TAX_FNCACT_FINANCIAL_PLANNER', 'TAX_ETHNICITY_AMERICANS', 'TAX_ETHNICITY_AMERICANS']",-3.52941176470588
20260412101500-260,20260412101500,somersetcountygazette.co.uk,https://www.somersetcountygazette.co.uk/news/national/26014084.russia-ukraine-trade-blame-violating-orthodox-easter-ceasefire/,"['DRONES', 'DRONES', 'DRONES', 'CRISISLEX_CRISISLEXREC', 'TAX_WORLDLANGUAGES_RUSSIA', 'TAX_WORLDLANGUAGES_RUSSIA', 'TAX_WORLDLANGUAGES_RUSSIA', 'TAX_WORLDLANGUAGES_RUSSIA', 'TAX_WORLDLANGUAGES_RUSSIA', 'LEADER', 'LEADER', 'TAX_FNCACT_PRESIDENT', 'TAX_FNCACT_PRESIDENT', 'USPEC_POLITICS_GENERAL1', 'USPEC_POLITICS_GENERAL1', 'TAX_ETHNICITY_UKRAINIAN', 'TAX_ETHNICITY_UKRAINIAN', 'TAX_ETHNICITY_UKRAINIAN', 'TAX_ETHNICITY_UKRAINIAN', 'TAX_ETHNICITY_UKRAINIAN', 'TAX_WORLDLANGUAGES_UKRAINIAN', 'TAX_WORLDLANGUAGES_UKRAINIAN', 'TAX_WORLDLANGUAGES_UKRAINIAN', 'TAX_WORLDLANGUAGES_UKRAINIAN', 'TAX_WORLDLANGUAGES_UKRAINIAN', 'CEASEFIRE', 'CEASEFIRE', 'CEASEFIRE', 'CEASEFIRE', 'CEASEFIRE', 'TAX_MILITARY_TITLE_OFFICER', 'TAX_FNCACT_OFFICER', 'DISASTER_FIRE', 'CRISISLEX_T04_INFRASTRUCTURE', 'CRISISLEX_O02_RESPONSEAGENCIESATCRISIS', 'TAX_ETHNICITY_RUSSIAN', 'TAX_ETHNICITY_RUSSIAN', 'TAX_ETHNICITY_RUSSIAN', 'TAX_ETHNICITY_RUSSIAN', 'TAX_WORLDLANGUAGES_RUSSIAN', 'TAX_WORLDLANGUAGES_RUSSIAN', 'TAX_WORLDLANGUAGES_RUSSIAN', 'TAX_WORLDLANGUAGES_RUSSIAN', 'TAX_WEAPONS_BOMBS', 'CRISISLEX_T01_CAUTION_ADVICE', 'ARMEDCONFLICT', 'TAX_FNCACT_MILITARY_OFFICER', 'TAX_WEAPONS_DRONE_STRIKE', 'TAX_RELIGION_ORTHODOX', 'WOUND', 'CRISISLEX_C03_WELLBEING_HEALTH', 'CRISISLEX_T02_INJURED', 'EPU_CATS_NATIONAL_SECURITY', 'TAX_FOODSTAPLES_BREAD', 'TAX_FOODSTAPLES_BREAD']",-9.74576271186441
20260412101500-261,20260412101500,orissapost.com,https://www.orissapost.com/asha-bhosles-timeless-voice-was-an-emotion-that-defined-generations-odisha-cm/,"['LEADER', 'LEADER', 'TAX_FNCACT_GOVERNOR', 'TAX_FNCACT_GOVERNOR', 'CRISISLEX_T11_UPDATESSYMPATHY', 'GENERAL_HEALTH', 'MEDICAL', 'SOC_POINTSOFINTEREST_HOSPITAL', 'CRISISLEX_C03_WELLBEING_HEALTH', 'TAX_WORLDLANGUAGES_HINDI', 'CRISISLEX_CRISISLEXREC', 'KILL', 'CRISISLEX_T03_DEAD', 'TAX_FNCACT_MINISTER', 'TAX_FNCACT_LEADER', 'GENERAL_GOVERNMENT', 'USPEC_POLITICS_GENERAL1', 'EPU_POLICY_CONGRESS', 'MEDIA_SOCIAL', 'MEDIA_SOCIAL', 'TAX_FNCACT_CHIEF', 'TAX_FNCACT_CHIEF', 'TAX_WORLDLANGUAGES_MAJHI', 'TAX_WORLDLANGUAGES_MAJHI', 'TAX_WORLDLANGUAGES_MAJHI', 'TAX_FNCACT_PRESIDENT', 'TAX_FNCACT_SINGER', 'TAX_FNCACT_SINGER', 'TAX_FNCACT_SINGER', 'TAX_FNCACT_SINGER', 'TAX_FNCACT_SINGER', 'TAX_FNCACT_SINGER', 'TAX_FNCACT_SINGER', 'TAX_ETHNICITY_INDIAN', 'TAX_ETHNICITY_INDIAN', 'TAX_ETHNICITY_INDIAN', 'TAX_ETHNICITY_INDIAN', 'TAX_WORLDLANGUAGES_BHAKTA', 'TAX_WORLDLANGUAGES_BHAKTA', 'TAX_DISEASE_MULTIPLE_ORGAN_FAILURE']",1.59744408945687
20260412101500-262,20260412101500,pakistantoday.com.pk,https://www.pakistantoday.com.pk/2026/04/12/marriage-halls-fined-in-sargodha-over-one-dish-policy-violations,"['WB_1921_PRIVATE_SECTOR_DEVELOPMENT', 'WB_1921_PRIVATE_SECTOR_DEVELOPMENT', 'WB_405_BUSINESS_CLIMATE', 'WB_405_BUSINESS_CLIMATE', 'WB_2531_INSPECTIONS_LICENSING_AND_PERMITS', 'WB_2531_INSPECTIONS_LICENSING_AND_PERMITS', 'WB_2530_BUSINESS_ENVIRONMENT', 'WB_2530_BUSINESS_ENVIRONMENT', 'TAX_FNCACT_AUTHORITIES', 'CRISISLEX_CRISISLEXREC', 'EPU_POLICY_AUTHORITIES', 'TAX_FNCACT_ASSISTANT', 'TAX_FNCACT_ASSISTANT', 'TAX_FNCACT_COMMISSIONER', 'TAX_FNCACT_COMMISSIONER', 'GENERAL_GOVERNMENT', 'GENERAL_GOVERNMENT', 'EPU_POLICY_GOVERNMENT', 'EPU_POLICY_GOVERNMENT', 'EPU_POLICY_REGULATION', 'EPU_CATS_REGULATION', 'USPEC_POLICY1', 'USPEC_POLICY1', 'EPU_POLICY_POLICY', 'EPU_POLICY_POLICY', 'TAX_FNCACT_OFFICIAL', 'TAX_FNCACT_CITIZENS', 'TAX_FNCACT_OFFICIALS', 'TAX_FNCACT_OFFICIALS']",-8.87573964497041
20260412101500-263,20260412101500,mauinews.com,https://www.mauinews.com/wire/?category=5186&ID=392657,"['TAX_WORLDLANGUAGES_POTAWATOMI', 'USPEC_POLICY1', 'USPEC_POLICY1', 'USPEC_POLICY1', 'USPEC_POLICY1', 'USPEC_POLICY1', 'EPU_CATS_TAXES', 'EPU_CATS_TAXES', 'EPU_CATS_TAXES', 'EPU_CATS_TAXES', 'EPU_CATS_TAXES', 'GENERAL_HEALTH', 'MEDICAL', 'LEGISLATION', 'LEGISLATION', 'LEGISLATION', 'EPU_POLICY_LAW', 'EPU_POLICY_LAW', 'EPU_POLICY_LAW', 'TAX_WORLDLANGUAGES_ONEIDA', 'WB_135_TRANSPORT', 'WB_135_TRANSPORT', 'WB_135_TRANSPORT', 'WB_1815_FUEL_TAXES', 'WB_1815_FUEL_TAXES', 'WB_1815_FUEL_TAXES', 'WB_162_TRANSPORT_ECONOMICS', 'WB_162_TRANSPORT_ECONOMICS', 'WB_162_TRANSPORT_ECONOMICS', 'EDUCATION', 'SOC_POINTSOFINTEREST_UNIVERSITY', 'TAX_DISEASE_GAMBLING', 'TAX_ETHNICITY_NATIVE_AMERICAN', 'TAX_ETHNICITY_NATIVE_AMERICAN', 'TAX_ETHNICITY_NATIVE_AMERICAN', 'TAX_ETHNICITY_NATIVE_AMERICAN', 'ETH_INDIGINOUS', 'ETH_INDIGINOUS', 'ETH_INDIGINOUS', 'ETH_INDIGINOUS', 'ECON_DIESELPRICE', 'WB_845_LEGAL_AND_REGULATORY_FRAMEWORK', 'WB_845_LEGAL_AND_REGULATORY_FRAMEWORK', 'WB_696_PUBLIC_SECTOR_MANAGEMENT', 'WB_696_PUBLIC_SECTOR_MANAGEMENT', 'WB_1024_PUBLIC_INTERNATIONAL_LAW', 'WB_1024_PUBLIC_INTERNATIONAL_LAW', 'WB_1026_TREATIES', 'WB_1026_TREATIES', 'WB_962_INTERNATIONAL_LAW', 'WB_962_INTERNATIONAL_LAW', 'TAX_FNCACT_CONSULTANT', 'TAX_FNCACT_CEO', 'TAX_ETHNICITY_INDIANS', 'TAX_ETHNICITY_INDIANS', 'TAX_ETHNICITY_AMERICANS', 'TAX_FNCACT_DRIVERS', 'IDEOLOGY', 'ECON_INFLATION', 'WB_1104_MACROECONOMIC_VULNERABILITY_AND_DEBT', 'WB_442_INFLATION', 'WB_470_EDUCATION', 'TAX_FNCACT_DRIVER', 'FUELPRICES', 'FUELPRICES', 'ECON_GASOLINEPRICE', 'ECON_GASOLINEPRICE', 'ECON_HEATINGOIL', 'ECON_HEATINGOIL', 'TAX_FNCACT_ECONOMISTS', 'TAX_ETHNICITY_CHOCTAW', 'TAX_WORLDLANGUAGES_CHOCTAW', 'TAX_ETHNICITY_INDIAN', 'TAX_ETHNICITY_INDIAN', 'TAX_ETHNICITY_INDIAN', 'TAX_ETHNICITY_INDIAN', 'TAX_FNCACT_ASSISTANT', 'WB_566_ENVIRONMENT_AND_NATURAL_RESOURCES', 'WB_3007_NATIONAL_PARKS', 'WB_1833_PROTECTED_AREAS_SYSTEMS', 'WB_1829_ECOSYSTEM_MANAGEMENT', 'TAX_ETHNICITY_APACHE_RESERVATION', 'TAX_WORLDLANGUAGES_CHUKCHANSI', 'ARMEDCONFLICT', 'ARMEDCONFLICT', 'EPU_CATS_NATIONAL_SECURITY', 'EPU_CATS_NATIONAL_SECURITY', 'TAX_FNCACT_PROFESSOR', 'EPU_CATS_HEALTHCARE', 'BAN', 'TAX_ECON_PRICE', 'TAX_ECON_PRICE', 'TAX_ECON_PRICE', 'TAX_ECON_PRICE', 'TAX_ECON_PRICE', 'TAX_ECON_PRICE', 'TAX_ECON_PRICE', 'GENERAL_GOVERNMENT', 'EPU_POLICY_GOVERNMENT', 'CRISISLEX_T11_UPDATESSYMPATHY', 'TAX_WORLDLANGUAGES_KANSAS', 'ECON_TAXATION', 'ECON_TAXATION', 'ECON_TAXATION', 'ECON_TAXATION', 'EPU_POLICY_TAX', 'EPU_POLICY_TAX', 'EPU_POLICY_TAX', 'EPU_POLICY_TAX', 'UNGP_FORESTS_RIVERS_OCEANS', 'TAX_WORLDLANGUAGES_YOSEMITE', 'TAX_ETHNICITY_AMERICAN', 'TAX_ETHNICITY_AMERICAN', 'TAX_ETHNICITY_AMERICAN', 'TAX_ETHNICITY_AMERICAN', 'WB_1122_TAX_EXPENDITURES', 'WB_1121_TAXATION', 'WB_439_MACROECONOMIC_AND_STRUCTURAL_POLICIES', 'WB_445_FISCAL_POLICY', 'TAX_FNCACT_CITIZEN', 'TAX_ETHNICITY_NATIVE_AMERICANS']",-0.789473684210526
20260412101500-264,20260412101500,boredpanda.com,https://www.boredpanda.com/teacher-family-discussion-reprimanded-child/?cexp_id=150762&cexp_var=34&_f=homepage_featured,"['TAX_FNCACT_STUDENT', 'TAX_FNCACT_STUDENT', 'TAX_FNCACT_STUDENT', 'TAX_FNCACT_STUDENT', 'TAX_FNCACT_STUDENT', 'TAX_FNCACT_STUDENT', 'TAX_FNCACT_STUDENT', 'TAX_FNCACT_STUDENT', 'TAX_FNCACT_STUDENT', 'TAX_FNCACT_STUDENT', 'TAX_FNCACT_STUDENT', 'TAX_FNCACT_STUDENT', 'TAX_FNCACT_STUDENT', 'TAX_FNCACT_STUDENT', 'TAX_FNCACT_STUDENT', 'TAX_FNCACT_STUDENT', 'TAX_FNCACT_STUDENT', 'TAX_FNCACT_STUDENT', 'TAX_FNCACT_STUDENT', 'TAX_FNCACT_STUDENT', 'TAX_FNCACT_STUDENT', 'TAX_FNCACT_STUDENT', 'TAX_FNCACT_STUDENT', 'TAX_FNCACT_STUDENT', 'TAX_FNCACT_STUDENT', 'TAX_FNCACT_STUDENT', 'TAX_FNCACT_STUDENT', 'TAX_FNCACT_STUDENT', 'TAX_FNCACT_STUDENT', 'TAX_FNCACT_STUDENT', 'TAX_FNCACT_STUDENT', 'TAX_FNCACT_STUDENT', 'TAX_FNCACT_STUDENT', 'TAX_FNCACT_STUDENT', 'TAX_FNCACT_TEACHER', 'TAX_FNCACT_TEACHER', 'TAX_FNCACT_TEACHER', 'TAX_FNCACT_TEACHER', 'TAX_FNCACT_TEACHER', 'TAX_FNCACT_TEACHER', 'TAX_FNCACT_TEACHER', 'TAX_FNCACT_TEACHER', 'TAX_FNCACT_TEACHER', 'TAX_FNCACT_TEACHER', 'TAX_FNCACT_TEACHER', 'TAX_FNCACT_TEACHER', 'TAX_FNCACT_TEACHER', 'TAX_FNCACT_TEACHER', 'TAX_FNCACT_TEACHER', 'TAX_FNCACT_TEACHER', 'TAX_FNCACT_TEACHER', 'TAX_FNCACT_TEACHER', 'TAX_FNCACT_TEACHER', 'TAX_FNCACT_TEACHER', 'TAX_FNCACT_TEACHER', 'TAX_FNCACT_TEACHER', 'TAX_FNCACT_TEACHER', 'TAX_FNCACT_TEACHER', 'TAX_FNCACT_TEACHER', 'TAX_FNCACT_TEACHER', 'TAX_FNCACT_TEACHER', 'TAX_FNCACT_TEACHER', 'TAX_FNCACT_TEACHER', 'TAX_FNCACT_TEACHER', 'TAX_FNCACT_TEACHER', 'TAX_FNCACT_TEACHER', 'TAX_FNCACT_TEACHER', 'TAX_FNCACT_TEACHER', 'TAX_FNCACT_TEACHER', 'TAX_FNCACT_TEACHER', 'TAX_FNCACT_TEACHER', 'TAX_FNCACT_TEACHER', 'TAX_FNCACT_TEACHER', 'TAX_FNCACT_TEACHER', 'TAX_FNCACT_TEACHER', 'EDUCATION', 'EDUCATION', 'EDUCATION', 'EDUCATION', 'EDUCATION', 'TAX_FNCACT_CHILD', 'TAX_FNCACT_CHILD', 'TAX_FNCACT_CHILD', 'TAX_FNCACT_CHILD', 'TAX_FNCACT_CHILD', 'TAX_FNCACT_CHILD', 'TAX_FNCACT_CHILD', 'TAX_FNCACT_CHILD', 'TAX_FNCACT_CHILD', 'TAX_FNCACT_CHILD', 'TAX_FNCACT_CHILD', 'TAX_FNCACT_CHILD', 'TAX_FNCACT_CHILD', 'TAX_FNCACT_CHILD', 'TAX_FNCACT_CHILD', 'TAX_FNCACT_CHILD', 'TAX_FNCACT_CHILD', 'TAX_FNCACT_CHILD', 'TAX_FNCACT_CHILD', 'TAX_FNCACT_CHILD', 'TAX_FNCACT_CHILD', 'TAX_FNCACT_CHILD', 'TAX_FNCACT_CHILD', 'TAX_FNCACT_CHILD', 'TAX_FNCACT_CHILD', 'TAX_FNCACT_CHILD', 'TAX_FNCACT_CHILD', 'TAX_FNCACT_CHILD', 'TAX_FNCACT_CHILD', 'TAX_FNCACT_CHILD', 'TAX_FNCACT_CHILD', 'TAX_FNCACT_CHILD', 'TAX_FNCACT_CHILD', 'TAX_FNCACT_CHILD', 'TAX_FNCACT_CHILD', 'TAX_FNCACT_CHILD', 'TAX_FNCACT_CHILD', 'TAX_FNCACT_CHILD', 'TAX_FNCACT_CHILD', 'TAX_FNCACT_CHILD', 'TAX_FNCACT_CHILD', 'TAX_FNCACT_STUDENTS']",-1.8716577540107
20260412101500-265,20260412101500,cyprus-mail.com,https://cyprus-mail.com/2026/04/12/boat-completely-destroyed-by-fire-in-kofinou,"['CRISISLEX_CRISISLEXREC', 'SECURITY_SERVICES', 'TAX_FNCACT_POLICE', 'CRISISLEX_C07_SAFETY', 'DISASTER_FIRE', 'CRISISLEX_T01_CAUTION_ADVICE', 'MARITIME', 'MARITIME', 'CRISISLEX_T04_INFRASTRUCTURE']",-3.125
20260412101500-266,20260412101500,boredpanda.com,https://www.boredpanda.com/funny-relatable-clean-memes/?cexp_id=150760&cexp_var=9&_f=homepage_featured,"['MEDIA_SOCIAL', 'WB_652_ICT_APPLICATIONS', 'WB_662_SOCIAL_MEDIA', 'WB_658_ENTERPRISE_APPLICATIONS', 'WB_1458_HEALTH_PROMOTION_AND_DISEASE_PREVENTION', 'WB_1462_WATER_SANITATION_AND_HYGIENE', 'WB_635_PUBLIC_HEALTH', 'WB_621_HEALTH_NUTRITION_AND_POPULATION', 'EPU_POLICY_POLITICAL', 'WB_678_DIGITAL_GOVERNMENT', 'WB_694_BROADCAST_AND_MEDIA', 'WB_133_INFORMATION_AND_COMMUNICATION_TECHNOLOGIES']",0.833333333333333
20260412101500-267,20260412101500,kashmirreader.com,https://kashmirreader.com/2026/04/12/mirwaiz-visits-fire-hit-madrasa-ashraf-ul-uloom-hyderpora/,"['TAX_FNCACT_AUTHORITIES', 'EPU_POLICY_AUTHORITIES', 'TAX_RELIGION_MOSQUE', 'TAX_FNCACT_STUDENT', 'CRISISLEX_T01_CAUTION_ADVICE', 'TAX_FNCACT_STAFF_MEMBER', 'TAX_FNCACT_STUDENTS', 'TAX_FNCACT_STUDENTS', 'CRISISLEX_CRISISLEXREC', 'CRISISLEX_T11_UPDATESSYMPATHY', 'EPU_CATS_MIGRATION_FEAR_FEAR']",2.7027027027027
20260412101500-268,20260412101500,dailypioneer.com,https://dailypioneer.com/news/struck-over-200-hezbollah-targets-in-the-last-24-hours-says-israel,"['KILL', 'CRISISLEX_T03_DEAD', 'MANMADE_DISASTER_IMPLIED', 'BORDER', 'CRISISLEX_CRISISLEXREC', 'CRISISLEX_T08_MISSINGFOUNDTRAPPEDPEOPLE', 'MILITARY', 'DRONES', 'TAX_TERROR_GROUP_HEZBOLLAH', 'TAX_POLITICAL_PARTY_HEZBOLLAH', 'TERROR', 'ARMEDCONFLICT']",-1.76991150442478
20260412101500-269,20260412101500,smh.com.au,https://www.smh.com.au/national/nsw/every-school-will-offer-gifted-education-but-who-decides-who-is-gifted-20260410-p5zmwx.html,"['TAX_FNCACT_SPOKESMAN', 'TAX_FNCACT_SPOKESMAN', 'TAX_FNCACT_STUDENTS', 'TAX_FNCACT_STUDENTS', 'TAX_FNCACT_STUDENTS', 'TAX_FNCACT_STUDENTS', 'TAX_FNCACT_STUDENTS', 'TAX_FNCACT_STUDENTS', 'TAX_FNCACT_STUDENTS', 'TAX_FNCACT_STUDENTS', 'TAX_FNCACT_STUDENTS', 'TAX_FNCACT_STUDENTS', 'TAX_FNCACT_STUDENTS', 'TAX_FNCACT_STUDENTS', 'EDUCATION', 'EDUCATION', 'EDUCATION', 'EDUCATION', 'EDUCATION', 'EDUCATION', 'EDUCATION', 'EDUCATION', 'SOC_POINTSOFINTEREST_SCHOOL', 'SOC_POINTSOFINTEREST_SCHOOL', 'SOC_POINTSOFINTEREST_SCHOOL', 'SOC_POINTSOFINTEREST_SCHOOL', 'SOC_POINTSOFINTEREST_SCHOOL', 'SOC_POINTSOFINTEREST_SCHOOL', 'SOC_POINTSOFINTEREST_SCHOOL', 'SOC_POINTSOFINTEREST_SCHOOL', 'TAX_FNCACT_PRINCIPAL', 'WB_470_EDUCATION', 'WB_470_EDUCATION', 'WB_470_EDUCATION', 'WB_470_EDUCATION', 'WB_470_EDUCATION', 'WB_470_EDUCATION', 'WB_470_EDUCATION', 'WB_470_EDUCATION', 'WB_470_EDUCATION', 'WB_470_EDUCATION', 'WB_470_EDUCATION', 'WB_470_EDUCATION', 'WB_470_EDUCATION', 'WB_470_EDUCATION', 'LEADER', 'TAX_FNCACT_PRESIDENT', 'USPEC_POLITICS_GENERAL1', 'TAX_FNCACT_DEPUTY', 'TAX_MILITARY_TITLE_OFFICER', 'TAX_FNCACT_OFFICER', 'WB_1467_EDUCATION_FOR_ALL', 'WB_2131_EMPLOYABILITY_SKILLS_AND_JOBS', 'WB_1484_EDUCATION_SKILLS_DEVELOPMENT_AND_LABOR_MARKET', 'CRISISLEX_T11_UPDATESSYMPATHY', 'GENERAL_GOVERNMENT', 'GENERAL_GOVERNMENT', 'EPU_POLICY_GOVERNMENT', 'EPU_POLICY_GOVERNMENT', 'SOC_POINTSOFINTEREST_COLLEGE', 'SOC_POINTSOFINTEREST_COLLEGE', 'TAX_FNCACT_PROFESSOR', 'TAX_FNCACT_EDITOR', 'USPEC_POLICY1', 'USPEC_POLICY1', 'EPU_POLICY_POLICY', 'EPU_POLICY_POLICY', 'SOC_POINTSOFINTEREST_HIGH_SCHOOL', 'SOC_POINTSOFINTEREST_HIGH_SCHOOL', 'SOC_POINTSOFINTEREST_HIGH_SCHOOL', 'TAX_FNCACT_DEPARTMENT_HEAD', 'TAX_RELIGION_CATHOLIC', 'TAX_RELIGION_CATHOLIC', 'TAX_FNCACT_EDUCATOR', 'TAX_FNCACT_CHILDREN', 'TAX_FNCACT_CHILDREN', 'TAX_FNCACT_CHILDREN', 'UNGP_FORESTS_RIVERS_OCEANS', 'SOC_POINTSOFINTEREST_SCHOOLS', 'SOC_POINTSOFINTEREST_SCHOOLS', 'SOC_POINTSOFINTEREST_SCHOOLS', 'SOC_POINTSOFINTEREST_SCHOOLS', 'SOC_POINTSOFINTEREST_SCHOOLS', 'SOC_POINTSOFINTEREST_SCHOOLS', 'SOC_POINTSOFINTEREST_SCHOOLS', 'TAX_FNCACT_STUDENT', 'TAX_FNCACT_STUDENT', 'TAX_FNCACT_STUDENT', 'TAX_FNCACT_CONSULTANT', 'SOC_POINTSOFINTEREST_UNIVERSITY']",4.55635491606715
20260412101500-270,20260412101500,moneycontrol.com,https://www.moneycontrol.com/world/china-taiwan-ties-thaw-slightly-as-beijing-restores-flights-trade-and-exchanges-after-kmt-xi-meeting-article-13886697.html,"['TAX_FNCACT_CHAIRMAN', 'TAX_WORLDFISH_GROUPER', 'TAX_FNCACT_UNION_MEMBER', 'BAN', 'BAN', 'TAX_FNCACT_COMMUNIST', 'WB_678_DIGITAL_GOVERNMENT', 'WB_678_DIGITAL_GOVERNMENT', 'WB_678_DIGITAL_GOVERNMENT', 'WB_694_BROADCAST_AND_MEDIA', 'WB_694_BROADCAST_AND_MEDIA', 'WB_694_BROADCAST_AND_MEDIA', 'WB_133_INFORMATION_AND_COMMUNICATION_TECHNOLOGIES', 'WB_133_INFORMATION_AND_COMMUNICATION_TECHNOLOGIES', 'WB_133_INFORMATION_AND_COMMUNICATION_TECHNOLOGIES', 'TAX_WORLDFISH_FISH', 'TOURISM', 'TOURISM', 'TAX_FNCACT_TOURISTS', 'TAX_FNCACT_TOURISTS', 'EPU_POLICY_POLITICAL', 'EPU_POLICY_POLITICAL', 'EPU_POLICY_POLITICAL', 'EPU_POLICY_POLITICAL', 'EPU_POLICY_POLITICAL', 'EPU_POLICY_POLITICAL', 'TAX_POLITICAL_PARTY_COMMUNIST_PARTY', 'EPU_ECONOMY', 'EPU_ECONOMY', 'EPU_ECONOMY', 'EPU_ECONOMY', 'EPU_ECONOMY', 'EPU_ECONOMY_HISTORIC', 'EPU_ECONOMY_HISTORIC', 'EPU_ECONOMY_HISTORIC', 'EPU_ECONOMY_HISTORIC', 'EPU_ECONOMY_HISTORIC', 'TAX_TERROR_GROUP_DEMOCRATIC_PROGRESSIVE_PARTY', 'TAX_TERROR_GROUP_DEMOCRATIC_PROGRESSIVE_PARTY', 'TAX_POLITICAL_PARTY_DEMOCRATIC_PROGRESSIVE_PARTY', 'TAX_POLITICAL_PARTY_DEMOCRATIC_PROGRESSIVE_PARTY', 'ELECTION', 'TAX_POLITICAL_PARTY_KUOMINTANG', 'TAX_POLITICAL_PARTY_KUOMINTANG', 'WB_2670_JOBS', 'WB_2769_JOBS_STRATEGIES', 'WB_2840_INTEGRATION', 'WB_2836_MIGRATION_POLICIES_AND_JOBS', 'WB_696_PUBLIC_SECTOR_MANAGEMENT', 'WB_2048_COMPENSATION_CAREERS_AND_INCENTIVES', 'WB_723_PUBLIC_ADMINISTRATION', 'WB_724_HUMAN_RESOURCES_FOR_PUBLIC_SECTOR', 'AGRICULTURE', 'WB_435_AGRICULTURE_AND_FOOD_SECURITY', 'WB_1050_AQUACULTURE', 'WB_1949_CLIMATE_SMART_AGRICULTURE', 'MARITIME', 'WB_1921_PRIVATE_SECTOR_DEVELOPMENT', 'WB_405_BUSINESS_CLIMATE', 'WB_2531_INSPECTIONS_LICENSING_AND_PERMITS', 'WB_2530_BUSINESS_ENVIRONMENT', 'TAX_FNCACT_OFFICIALS', 'TAX_FNCACT_OFFICIALS', 'AFFECT', 'TAX_FNCACT_LEADER', 'TAX_FNCACT_LEADER', 'TAX_FNCACT_LEADER', 'USPEC_UNCERTAINTY1', 'WB_1160_SHOCKS_AND_VULNERABILITY', 'WB_695_POVERTY', 'CRISISLEX_C07_SAFETY', 'USPEC_POLITICS_GENERAL1', 'USPEC_POLITICS_GENERAL1', 'USPEC_POLITICS_GENERAL1', 'USPEC_POLITICS_GENERAL1', 'TAX_POLITICAL_PARTY_PROGRESSIVE_PARTY', 'TAX_POLITICAL_PARTY_PROGRESSIVE_PARTY', 'WB_2601_TRADE_LINKAGES_SPILLOVERS_AND_CONNECTIVITY', 'WB_772_TRADE_FACILITATION_AND_LOGISTICS', 'WB_699_URBAN_DEVELOPMENT', 'WB_866_CONNECTIVITY_AND_LAGGING_REGIONS', 'WB_698_TRADE', 'WB_797_NATIONAL_URBAN_POLICIES', 'DEMOCRACY', 'DEMOCRACY', 'TAX_FNCACT_FARMERS', 'WB_137_WATER', 'TAX_FNCACT_OFFICIAL', 'TAX_FNCACT_OFFICIAL', 'TAX_FNCACT_OFFICIAL', 'TAX_FNCACT_VICE_CHAIRMAN', 'WB_825_TOURISM', 'WB_346_COMPETITIVE_INDUSTRIES', 'WB_818_INDUSTRY_POLICY_AND_REAL_SECTORS', 'TAX_FNCACT_AUTHORITIES', 'CRISISLEX_CRISISLEXREC', 'EPU_POLICY_AUTHORITIES', 'TAX_ETHNICITY_TAIWANESE', 'TAX_ETHNICITY_TAIWANESE', 'TAX_ETHNICITY_TAIWANESE', 'TAX_ETHNICITY_TAIWANESE', 'TAX_ETHNICITY_TAIWANESE', 'USPEC_POLICY1', 'EPU_POLICY_POLICY', 'ARMEDCONFLICT', 'EPU_CATS_NATIONAL_SECURITY', 'TAX_WORLDMAMMALS_DRILLS', 'GENERAL_GOVERNMENT', 'GENERAL_GOVERNMENT', 'EPU_POLICY_GOVERNMENT', 'EPU_POLICY_GOVERNMENT', 'TAX_ETHNICITY_CHINESE', 'TAX_ETHNICITY_CHINESE', 'TAX_ETHNICITY_CHINESE', 'TAX_WORLDLANGUAGES_CHINESE', 'TAX_WORLDLANGUAGES_CHINESE', 'TAX_WORLDLANGUAGES_CHINESE', 'SOVEREIGNTY', 'WB_180_FOOD_SAFETY', 'WB_1967_AGRICULTURAL_RISK_AND_SECURITY', 'TAX_FNCACT_PILOT']",-0.319488817891374
20260412101500-271,20260412101500,theworldlink.com,https://theworldlink.com/opinion/holy-cow-history-they-killed-jesse-james-and-paid-for-it/article_e4deac93-e3cd-4c8b-993a-e5c72a44aa87.html,"['WB_1458_HEALTH_PROMOTION_AND_DISEASE_PREVENTION', 'WB_1541_DEWORMING', 'WB_635_PUBLIC_HEALTH', 'WB_621_HEALTH_NUTRITION_AND_POPULATION', 'WB_503_SCHOOL_HEALTH', 'MANMADE_DISASTER_IMPLIED', 'NEGOTIATIONS', 'TAX_WEAPONS_SHOTGUN', 'TAX_FNCACT_POLITICIANS', 'SOC_POINTSOFINTEREST_PRISON', 'WB_2495_DETENTION_PRISON_AND_CORRECTIONS_REFORM', 'WB_2470_PEACE_OPERATIONS_AND_CONFLICT_MANAGEMENT', 'WB_2490_NATIONAL_PROTECTION_AND_SECURITY', 'TAX_FNCACT_CRIMINAL', 'SOC_PARDON', 'SOC_PARDON', 'SOC_GENERALCRIME', 'TAX_FNCACT_POLICEMAN', 'TAX_FNCACT_POLICEMAN', 'ORGANIZED_CRIME', 'WB_2433_CONFLICT_AND_VIOLENCE', 'WB_2452_GANGS', 'WB_2432_FRAGILITY_CONFLICT_AND_VIOLENCE', 'WB_2445_NON_STATE_SECURITY_ACTORS', 'BAN', 'TAX_FNCACT_OUTLAW', 'WOUND', 'TAX_FNCACT_HERO', 'SOC_SUICIDE', 'TAX_WEAPONS_GUNS', 'KILL', 'CRISISLEX_CRISISLEXREC', 'CRISISLEX_T02_INJURED', 'CRISISLEX_T03_DEAD', 'LEADER', 'LEADER', 'LEADER', 'TAX_FNCACT_GOVERNOR', 'TAX_FNCACT_GOVERNOR', 'TAX_FNCACT_GOVERNOR', 'TAX_FNCACT_MAN', 'TAX_FNCACT_MAN', 'TAX_FNCACT_MAN', 'TAX_FNCACT_MAN', 'TAX_FNCACT_MAN', 'TRIAL', 'TAX_FNCACT_AUTHORITIES', 'EPU_POLICY_AUTHORITIES', 'TAX_DISEASE_TUBERCULOSIS', 'WB_1406_DISEASES', 'WB_1419_TUBERCULOSIS', 'WB_1415_COMMUNICABLE_DISEASE', 'UNGP_HEALTHCARE', 'CRIME_COMMON_ROBBERY', 'TAX_FNCACT_THIEVES']",-4.15472779369628
20260412101500-272,20260412101500,moneycontrol.com,https://www.moneycontrol.com/education/quote-of-the-day-by-socrates-the-perfect-human-being-is-all-human-beings-put-together-it-is-a-article-13886705.html,"['TAX_WORLDMAMMALS_HUMAN', 'TAX_WORLDMAMMALS_HUMAN', 'TAX_WORLDMAMMALS_HUMAN', 'TAX_WORLDMAMMALS_HUMAN', 'TAX_WORLDMAMMALS_HUMAN', 'TAX_FNCACT_PHILOSOPHER', 'EDUCATION', 'WB_470_EDUCATION', 'IDEOLOGY', 'SCIENCE']",7.18954248366013
20260412101500-273,20260412101500,theyeshivaworld.com,https://www.theyeshivaworld.com/news/date/2026/04/12,"['TAX_FNCACT_AUTHORITIES', 'CRISISLEX_CRISISLEXREC', 'EPU_POLICY_AUTHORITIES', 'CRISISLEX_C07_SAFETY', 'ARREST', 'SOC_GENERALCRIME', 'RELIGION', 'RELIGION', 'TAX_FNCACT_RABBI', 'ASSASSINATION']",-11.4285714285714
20260412101500-274,20260412101500,peoplesreview.com.np,https://peoplesreview.com.np/2026/04/12/rs-97-10-billion-spent-on-foreign-study-in-eight-months/,"['ECON_CURRENCY_EXCHANGE_RATE', 'ECON_CENTRALBANK', 'WB_1235_CENTRAL_BANKS', 'WB_318_FINANCIAL_ARCHITECTURE_AND_BANKING', 'WB_1920_FINANCIAL_SECTOR_DEVELOPMENT', 'WB_1234_BANKING_INSTITUTIONS', 'EPU_POLICY_CENTRAL_BANK', 'EPU_CATS_MONETARY_POLICY', 'TAX_ETHNICITY_NEPALI', 'TAX_WORLDLANGUAGES_NEPALI', 'TAX_ECON_PRICE', 'USPEC_POLICY1', 'USPEC_POLICY1', 'EPU_POLICY_SPENDING', 'EPU_POLICY_SPENDING', 'EDUCATION', 'WB_470_EDUCATION', 'TAX_FNCACT_STUDENTS', 'TAX_FNCACT_STUDENTS', 'TAX_FNCACT_STUDENTS', 'TAX_FNCACT_STUDENTS']",-0.568181818181818
20260412101500-275,20260412101500,athens-times.com,https://athens-times.com/patras-butcher-shop-offers-takeaway-lamb-and-kokoretsi-over-80-spits-set-up-to-serve-customers/,"['CRISISLEX_T11_UPDATESSYMPATHY', 'TAX_FNCACT_BUTCHER', 'TAX_FNCACT_BUTCHER', 'EPU_ECONOMY_HISTORIC', 'PROTEST', 'STRIKE']",-4.28571428571429
20260412101500-276,20260412101500,cambrian-news.co.uk,https://www.cambrian-news.co.uk/news/entertainment/james-acaster-invites-hecklers-to-cardigan-comedy-show-895561,"['TAX_DISEASE_INFECTIOUS', 'TAX_FNCACT_COMEDIAN']",-3.84615384615385
20260412101500-277,20260412101500,el-balad.com,https://www.el-balad.com/16910439,"['TAX_FNCACT_CHAMPION', 'ARMEDCONFLICT', 'TAX_FNCACT_WOMEN', 'TAX_FNCACT_WOMEN', 'DELAY', 'DELAY', 'DELAY', 'USPEC_UNCERTAINTY1', 'USPEC_UNCERTAINTY1', 'USPEC_UNCERTAINTY1', 'CRISISLEX_C04_LOGISTICS_TRANSPORT', 'CRISISLEX_C04_LOGISTICS_TRANSPORT', 'CRISISLEX_C04_LOGISTICS_TRANSPORT', 'TAX_FNCACT_WOMAN', 'USPEC_POLICY1', 'EPU_UNCERTAINTY']",-2.03562340966921
20260412101500-278,20260412101500,herefordtimes.com,https://www.herefordtimes.com/news/26014054.maple-leaf-garage-bromyard-featured-sky-news/,"['MEDIA_MSM', 'TAX_ECON_PRICE', 'EPU_ECONOMY_HISTORIC', 'ARMEDCONFLICT', 'EPU_CATS_NATIONAL_SECURITY']",0.0
20260412101500-279,20260412101500,athens-times.com,https://athens-times.com/strait-of-hormuz-two-tankers-including-greek-owned-vessel-turn-back-as-us-iran-talks-collapse-2/,"['MARITIME_PIRACY', 'MARITIME_PIRACY', 'TRAFFIC', 'KILL', 'CRISISLEX_C07_SAFETY', 'UNGP_FORESTS_RIVERS_OCEANS', 'USPEC_POLICY1', 'EPU_UNCERTAINTY', 'TAX_ETHNICITY_CHINESE', 'TAX_WORLDLANGUAGES_CHINESE', 'MARITIME_INCIDENT', 'MARITIME', 'MANMADE_DISASTER_IMPLIED', 'ECON_OILPRICE', 'WB_137_WATER', 'TAX_ETHNICITY_ARAB', 'TAX_ETHNICITY_ARAB', 'TAX_ETHNICITY_IRANIAN', 'TAX_ETHNICITY_IRANIAN', 'TAX_ETHNICITY_IRANIAN', 'TAX_ETHNICITY_IRANIAN', 'TAX_ETHNICITY_PERSIAN', 'TAX_ETHNICITY_PERSIAN', 'TAX_WORLDLANGUAGES_PERSIAN', 'TAX_WORLDLANGUAGES_PERSIAN', 'NEGOTIATIONS', 'NEGOTIATIONS', 'WB_696_PUBLIC_SECTOR_MANAGEMENT', 'WB_696_PUBLIC_SECTOR_MANAGEMENT', 'WB_840_JUSTICE', 'WB_840_JUSTICE', 'WB_2473_DIPLOMACY_AND_NEGOTIATIONS', 'WB_2473_DIPLOMACY_AND_NEGOTIATIONS', 'WB_939_NEGOTIATION', 'WB_939_NEGOTIATION', 'WB_2470_PEACE_OPERATIONS_AND_CONFLICT_MANAGEMENT', 'WB_2470_PEACE_OPERATIONS_AND_CONFLICT_MANAGEMENT', 'WB_936_ALTERNATIVE_DISPUTE_RESOLUTION', 'WB_936_ALTERNATIVE_DISPUTE_RESOLUTION', 'WB_2432_FRAGILITY_CONFLICT_AND_VIOLENCE', 'WB_2432_FRAGILITY_CONFLICT_AND_VIOLENCE', 'WB_843_DISPUTE_RESOLUTION', 'WB_843_DISPUTE_RESOLUTION', 'WB_2471_PEACEKEEPING', 'WB_2471_PEACEKEEPING', 'ENV_OIL', 'ENV_OIL']",-2.63157894736842
20260412101500-280,20260412101500,athens-times.com,https://athens-times.com/crete-94-migrants-rescued-from-three-boats-south-of-kalo-limani/,"['DRONES', 'DRONES', 'DRONES', 'WB_137_WATER', 'SOC_USSECURITYAGENCIES', 'MARITIME_INCIDENT', 'MARITIME', 'MANMADE_DISASTER_IMPLIED', 'TAX_FNCACT_GUARD', 'SURVEILLANCE']",0.0
20260412101500-281,20260412101500,eadt.co.uk,https://www.eadt.co.uk/news/national/26014084.russia-ukraine-trade-blame-violating-orthodox-easter-ceasefire/,"['TAX_ETHNICITY_RUSSIAN', 'TAX_ETHNICITY_RUSSIAN', 'TAX_ETHNICITY_RUSSIAN', 'TAX_ETHNICITY_RUSSIAN', 'TAX_WORLDLANGUAGES_RUSSIAN', 'TAX_WORLDLANGUAGES_RUSSIAN', 'TAX_WORLDLANGUAGES_RUSSIAN', 'TAX_WORLDLANGUAGES_RUSSIAN', 'CRISISLEX_O02_RESPONSEAGENCIESATCRISIS', 'TAX_MILITARY_TITLE_OFFICER', 'TAX_FNCACT_OFFICER', 'DISASTER_FIRE', 'CRISISLEX_T04_INFRASTRUCTURE', 'TAX_FOODSTAPLES_BREAD', 'TAX_FOODSTAPLES_BREAD', 'TAX_RELIGION_ORTHODOX', 'WOUND', 'CRISISLEX_C03_WELLBEING_HEALTH', 'CRISISLEX_T02_INJURED', 'EPU_CATS_NATIONAL_SECURITY', 'TAX_WEAPONS_DRONE_STRIKE', 'TAX_FNCACT_MILITARY_OFFICER', 'ARMEDCONFLICT', 'TAX_WEAPONS_BOMBS', 'CRISISLEX_T01_CAUTION_ADVICE', 'TAX_WORLDLANGUAGES_RUSSIA', 'TAX_WORLDLANGUAGES_RUSSIA', 'TAX_WORLDLANGUAGES_RUSSIA', 'TAX_WORLDLANGUAGES_RUSSIA', 'TAX_WORLDLANGUAGES_RUSSIA', 'CRISISLEX_CRISISLEXREC', 'DRONES', 'DRONES', 'DRONES', 'CEASEFIRE', 'CEASEFIRE', 'CEASEFIRE', 'CEASEFIRE', 'CEASEFIRE', 'TAX_ETHNICITY_UKRAINIAN', 'TAX_ETHNICITY_UKRAINIAN', 'TAX_ETHNICITY_UKRAINIAN', 'TAX_ETHNICITY_UKRAINIAN', 'TAX_ETHNICITY_UKRAINIAN', 'TAX_WORLDLANGUAGES_UKRAINIAN', 'TAX_WORLDLANGUAGES_UKRAINIAN', 'TAX_WORLDLANGUAGES_UKRAINIAN', 'TAX_WORLDLANGUAGES_UKRAINIAN', 'TAX_WORLDLANGUAGES_UKRAINIAN', 'LEADER', 'LEADER', 'TAX_FNCACT_PRESIDENT', 'TAX_FNCACT_PRESIDENT', 'USPEC_POLITICS_GENERAL1', 'USPEC_POLITICS_GENERAL1']",-9.74576271186441
20260412101500-282,20260412101500,rte.ie,https://www.rte.ie/news/analysis-and-comment/2026/0412/1567782-us-iran-talks/,"['ENV_WATERWAYS', 'WB_1805_WATERWAYS', 'WB_135_TRANSPORT', 'WB_1803_TRANSPORT_INFRASTRUCTURE', 'TAX_FNCACT_LEADERS', 'TAX_FNCACT_VICE_PRESIDENT', 'TAX_FNCACT_VICE_PRESIDENT', 'TAX_FNCACT_VICE_PRESIDENT', 'TAX_FNCACT_VICE_PRESIDENT', 'NEGOTIATIONS', 'NEGOTIATIONS', 'NEGOTIATIONS', 'NEGOTIATIONS', 'NEGOTIATIONS', 'NEGOTIATIONS', 'WB_696_PUBLIC_SECTOR_MANAGEMENT', 'WB_696_PUBLIC_SECTOR_MANAGEMENT', 'WB_696_PUBLIC_SECTOR_MANAGEMENT', 'WB_696_PUBLIC_SECTOR_MANAGEMENT', 'WB_696_PUBLIC_SECTOR_MANAGEMENT', 'WB_696_PUBLIC_SECTOR_MANAGEMENT', 'WB_840_JUSTICE', 'WB_840_JUSTICE', 'WB_840_JUSTICE', 'WB_840_JUSTICE', 'WB_840_JUSTICE', 'WB_840_JUSTICE', 'WB_2473_DIPLOMACY_AND_NEGOTIATIONS', 'WB_2473_DIPLOMACY_AND_NEGOTIATIONS', 'WB_2473_DIPLOMACY_AND_NEGOTIATIONS', 'WB_2473_DIPLOMACY_AND_NEGOTIATIONS', 'WB_2473_DIPLOMACY_AND_NEGOTIATIONS', 'WB_2473_DIPLOMACY_AND_NEGOTIATIONS', 'WB_939_NEGOTIATION', 'WB_939_NEGOTIATION', 'WB_939_NEGOTIATION', 'WB_939_NEGOTIATION', 'WB_939_NEGOTIATION', 'WB_939_NEGOTIATION', 'WB_2470_PEACE_OPERATIONS_AND_CONFLICT_MANAGEMENT', 'WB_2470_PEACE_OPERATIONS_AND_CONFLICT_MANAGEMENT', 'WB_2470_PEACE_OPERATIONS_AND_CONFLICT_MANAGEMENT', 'WB_2470_PEACE_OPERATIONS_AND_CONFLICT_MANAGEMENT', 'WB_2470_PEACE_OPERATIONS_AND_CONFLICT_MANAGEMENT', 'WB_2470_PEACE_OPERATIONS_AND_CONFLICT_MANAGEMENT', 'WB_936_ALTERNATIVE_DISPUTE_RESOLUTION', 'WB_936_ALTERNATIVE_DISPUTE_RESOLUTION', 'WB_936_ALTERNATIVE_DISPUTE_RESOLUTION', 'WB_936_ALTERNATIVE_DISPUTE_RESOLUTION', 'WB_936_ALTERNATIVE_DISPUTE_RESOLUTION', 'WB_936_ALTERNATIVE_DISPUTE_RESOLUTION', 'WB_2432_FRAGILITY_CONFLICT_AND_VIOLENCE', 'WB_2432_FRAGILITY_CONFLICT_AND_VIOLENCE', 'WB_2432_FRAGILITY_CONFLICT_AND_VIOLENCE', 'WB_2432_FRAGILITY_CONFLICT_AND_VIOLENCE', 'WB_2432_FRAGILITY_CONFLICT_AND_VIOLENCE', 'WB_2432_FRAGILITY_CONFLICT_AND_VIOLENCE', 'WB_843_DISPUTE_RESOLUTION', 'WB_843_DISPUTE_RESOLUTION', 'WB_843_DISPUTE_RESOLUTION', 'WB_843_DISPUTE_RESOLUTION', 'WB_843_DISPUTE_RESOLUTION', 'WB_843_DISPUTE_RESOLUTION', 'WB_2471_PEACEKEEPING', 'WB_2471_PEACEKEEPING', 'WB_2471_PEACEKEEPING', 'WB_2471_PEACEKEEPING', 'WB_2471_PEACEKEEPING', 'WB_2471_PEACEKEEPING', 'LEADER', 'LEADER', 'LEADER', 'LEADER', 'LEADER', 'TAX_FNCACT_PRESIDENT', 'TAX_FNCACT_PRESIDENT', 'TAX_FNCACT_PRESIDENT', 'TAX_FNCACT_PRESIDENT', 'TAX_FNCACT_PRESIDENT', 'USPEC_POLITICS_GENERAL1', 'USPEC_POLITICS_GENERAL1', 'USPEC_POLITICS_GENERAL1', 'USPEC_POLITICS_GENERAL1', 'USPEC_POLITICS_GENERAL1', 'MANMADE_DISASTER_IMPLIED', 'WB_2203_HUMAN_RIGHTS', 'WB_2519_RESPONSES_TO_HUMAN_RIGHTS_ABUSES', 'WB_2520_REPARATIONS', 'TAX_WORLDLANGUAGES_RUSSIA', 'SANCTIONS', 'TAX_ETHNICITY_IRANIANS', 'ARMEDCONFLICT', 'ARMEDCONFLICT', 'ARMEDCONFLICT', 'ARMEDCONFLICT', 'ARMEDCONFLICT', 'EPU_CATS_NATIONAL_SECURITY', 'EPU_CATS_NATIONAL_SECURITY', 'EPU_CATS_NATIONAL_SECURITY', 'EPU_CATS_NATIONAL_SECURITY', 'EPU_CATS_NATIONAL_SECURITY', 'WMD', 'MARITIME_INCIDENT', 'MARITIME', 'KIDNAP', 'WB_2048_COMPENSATION_CAREERS_AND_INCENTIVES', 'WB_723_PUBLIC_ADMINISTRATION', 'WB_724_HUMAN_RESOURCES_FOR_PUBLIC_SECTOR', 'TAX_FNCACT_REPRESENTATIVES', 'USPEC_POLICY1', 'EPU_ECONOMY', 'EPU_ECONOMY_HISTORIC', 'DELAY', 'USPEC_UNCERTAINTY1', 'CRISISLEX_C04_LOGISTICS_TRANSPORT', 'WB_286_TELECOMMUNICATIONS_AND_BROADBAND_ACCESS', 'WB_2120_SATELLITES', 'WB_2329_ACCESS_AND_CONNECTIVITY', 'WB_678_DIGITAL_GOVERNMENT', 'WB_694_BROADCAST_AND_MEDIA', 'WB_133_INFORMATION_AND_COMMUNICATION_TECHNOLOGIES', 'KILL', 'CRISISLEX_T03_DEAD', 'TAX_ETHNICITY_IRANIAN', 'TAX_ETHNICITY_IRANIAN', 'TAX_FNCACT_ANALYSTS', 'TAX_FNCACT_ANALYSTS', 'CRISISLEX_CRISISLEXREC', 'TAX_FNCACT_LEADER', 'CEASEFIRE', 'TAX_ETHNICITY_AMERICANS']",-0.848356309650053
20260412101500-283,20260412101500,bilkulonline.com,https://bilkulonline.com/2026/04/12/ive-scored-a-few-tons-in-the-format-but-scoring-it-in-chepauk-feels-special-samson-on-match-winning-knock-vs-dc/,[],2.22672064777328
20260412101500-284,20260412101500,fortmorgantimes.com,https://www.fortmorgantimes.com/2026/04/12/asking-eric-husband-in-unhappy-marriage-stays-for-the-adult-children/,"['MANMADE_DISASTER_IMPLIED', 'MANMADE_DISASTER_IMPLIED', 'NEW_CONSTRUCTION', 'TAX_FNCACT_FATHER', 'TAX_FNCACT_MAN', 'TAX_FNCACT_CHILDREN', 'TAX_FNCACT_CHILDREN', 'TAX_FNCACT_CHILDREN', 'WB_2433_CONFLICT_AND_VIOLENCE', 'WB_2432_FRAGILITY_CONFLICT_AND_VIOLENCE', 'UNGP_FORESTS_RIVERS_OCEANS', 'USPEC_UNCERTAINTY1', 'CRISISLEX_CRISISLEXREC']",0.113765642775881
20260412101500-285,20260412101500,pedestrian.tv,https://www.pedestrian.tv/entertainment/love-on-the-spectrum-abbey-romeo-david-isaacman-confirmed-split/,"['MEDIA_SOCIAL', 'WB_652_ICT_APPLICATIONS', 'WB_662_SOCIAL_MEDIA', 'WB_658_ENTERPRISE_APPLICATIONS', 'AFFECT', 'KILL', 'CRISISLEX_T02_INJURED', 'CRISISLEX_T03_DEAD', 'CRISISLEX_CRISISLEXREC', 'MEDIA_MSM', 'WB_678_DIGITAL_GOVERNMENT', 'WB_694_BROADCAST_AND_MEDIA', 'WB_133_INFORMATION_AND_COMMUNICATION_TECHNOLOGIES']",3.6697247706422
20260412101500-286,20260412101500,wrexham.com,https://wrexham.com/news/chester-zoo-has-been-quietly-growing-one-of-the-worlds-rarest-plants-now-theyve-returned-it-to-the-wild-289397.html,"['TAX_FNCACT_PROJECT_MANAGER', 'TAX_WORLDMAMMALS_LEOPARDS', 'MOVEMENT_ENVIRONMENTAL', 'TAX_FNCACT_SPECIALIST', 'WB_644_NUTRITION', 'WB_1441_SUPPLEMENTS', 'WB_621_HEALTH_NUTRITION_AND_POPULATION', 'TAX_FNCACT_MANAGER', 'SLFID_NATURAL_RESOURCES', 'WB_1078_DETERMINANTS_OF_GROWTH', 'WB_1079_COMMODITIES_AND_RESOURCES', 'UNGP_CRIME_VIOLENCE', 'WB_566_ENVIRONMENT_AND_NATURAL_RESOURCES', 'WB_566_ENVIRONMENT_AND_NATURAL_RESOURCES', 'WB_1777_FORESTS', 'WB_1777_FORESTS', 'WB_590_ECOSYSTEMS', 'WB_590_ECOSYSTEMS', 'ENV_SPECIESENDANGERED', 'TAX_MILITARY_TITLE_OFFICER', 'TAX_MILITARY_TITLE_OFFICER', 'TAX_FNCACT_OFFICER', 'TAX_FNCACT_OFFICER', 'WB_2084_BIODIVERSITY', 'WB_1786_ENVIRONMENTAL_SUSTAINABILITY', 'TAX_WORLDMAMMALS_SNOW_LEOPARDS', 'WB_596_COASTAL_AND_MARINE_ECOSYSTEMS', 'TAX_WORLDMAMMALS_GIANT_PANDAS', 'WB_1921_PRIVATE_SECTOR_DEVELOPMENT', 'WB_405_BUSINESS_CLIMATE', 'WB_2531_INSPECTIONS_LICENSING_AND_PERMITS', 'WB_2530_BUSINESS_ENVIRONMENT', 'UNGP_FORESTS_RIVERS_OCEANS', 'UNGP_FORESTS_RIVERS_OCEANS', 'UNGP_FORESTS_RIVERS_OCEANS', 'UNGP_FORESTS_RIVERS_OCEANS', 'UNGP_FORESTS_RIVERS_OCEANS', 'UNGP_FORESTS_RIVERS_OCEANS', 'UNGP_FORESTS_RIVERS_OCEANS', 'TAX_WORLDMAMMALS_PANDAS', 'UNREST_BELLIGERENT', 'WB_471_ECONOMIC_GROWTH', 'WB_1100_SUSTAINABLE_GROWTH']",2.945301542777
20260412101500-287,20260412101500,thewestmorlandgazette.co.uk,https://www.thewestmorlandgazette.co.uk/news/national/26014084.russia-ukraine-trade-blame-violating-orthodox-easter-ceasefire/,"['DRONES', 'DRONES', 'DRONES', 'TAX_WORLDLANGUAGES_RUSSIA', 'TAX_WORLDLANGUAGES_RUSSIA', 'TAX_WORLDLANGUAGES_RUSSIA', 'TAX_WORLDLANGUAGES_RUSSIA', 'TAX_WORLDLANGUAGES_RUSSIA', 'CRISISLEX_CRISISLEXREC', 'TAX_ETHNICITY_UKRAINIAN', 'TAX_ETHNICITY_UKRAINIAN', 'TAX_ETHNICITY_UKRAINIAN', 'TAX_ETHNICITY_UKRAINIAN', 'TAX_ETHNICITY_UKRAINIAN', 'TAX_WORLDLANGUAGES_UKRAINIAN', 'TAX_WORLDLANGUAGES_UKRAINIAN', 'TAX_WORLDLANGUAGES_UKRAINIAN', 'TAX_WORLDLANGUAGES_UKRAINIAN', 'TAX_WORLDLANGUAGES_UKRAINIAN', 'CEASEFIRE', 'CEASEFIRE', 'CEASEFIRE', 'CEASEFIRE', 'CEASEFIRE', 'LEADER', 'LEADER', 'TAX_FNCACT_PRESIDENT', 'TAX_FNCACT_PRESIDENT', 'USPEC_POLITICS_GENERAL1', 'USPEC_POLITICS_GENERAL1', 'DISASTER_FIRE', 'CRISISLEX_T04_INFRASTRUCTURE', 'TAX_MILITARY_TITLE_OFFICER', 'TAX_FNCACT_OFFICER', 'TAX_ETHNICITY_RUSSIAN', 'TAX_ETHNICITY_RUSSIAN', 'TAX_ETHNICITY_RUSSIAN', 'TAX_ETHNICITY_RUSSIAN', 'TAX_WORLDLANGUAGES_RUSSIAN', 'TAX_WORLDLANGUAGES_RUSSIAN', 'TAX_WORLDLANGUAGES_RUSSIAN', 'TAX_WORLDLANGUAGES_RUSSIAN', 'CRISISLEX_O02_RESPONSEAGENCIESATCRISIS', 'WOUND', 'CRISISLEX_C03_WELLBEING_HEALTH', 'CRISISLEX_T02_INJURED', 'TAX_RELIGION_ORTHODOX', 'EPU_CATS_NATIONAL_SECURITY', 'TAX_WEAPONS_DRONE_STRIKE', 'TAX_FOODSTAPLES_BREAD', 'TAX_FOODSTAPLES_BREAD', 'TAX_WEAPONS_BOMBS', 'CRISISLEX_T01_CAUTION_ADVICE', 'ARMEDCONFLICT', 'TAX_FNCACT_MILITARY_OFFICER']",-9.74576271186441
20260412101500-288,20260412101500,kashmirreader.com,https://kashmirreader.com/2026/04/12/us-airstrikes-left-irans-supreme-leader-mojtaba-khamenei-severely-wounded-reports/,"['UNGP_FORESTS_RIVERS_OCEANS', 'TAX_FNCACT_AUTHORITIES', 'EPU_POLICY_AUTHORITIES', 'LEADER', 'LEADER', 'WB_2433_CONFLICT_AND_VIOLENCE', 'WB_2433_CONFLICT_AND_VIOLENCE', 'TAX_FNCACT_LEADER', 'TAX_FNCACT_LEADER', 'SOC_USSECURITYAGENCIES', 'EPU_CATS_NATIONAL_SECURITY', 'EPU_CATS_NATIONAL_SECURITY', 'WB_1428_INJURY', 'WB_1428_INJURY', 'WB_1428_INJURY', 'WB_1428_INJURY', 'WB_1406_DISEASES', 'WB_1406_DISEASES', 'WB_1406_DISEASES', 'WB_1406_DISEASES', 'WB_621_HEALTH_NUTRITION_AND_POPULATION', 'WB_621_HEALTH_NUTRITION_AND_POPULATION', 'WB_621_HEALTH_NUTRITION_AND_POPULATION', 'WB_621_HEALTH_NUTRITION_AND_POPULATION', 'WB_1427_NON_COMMUNICABLE_DISEASE_AND_INJURY', 'WB_1427_NON_COMMUNICABLE_DISEASE_AND_INJURY', 'WB_1427_NON_COMMUNICABLE_DISEASE_AND_INJURY', 'WB_1427_NON_COMMUNICABLE_DISEASE_AND_INJURY', 'CRISISLEX_CRISISLEXREC', 'CRISISLEX_CRISISLEXREC', 'CRISISLEX_CRISISLEXREC', 'CRISISLEX_CRISISLEXREC', 'CRISISLEX_T02_INJURED', 'CRISISLEX_T02_INJURED', 'CRISISLEX_T02_INJURED', 'CRISISLEX_T02_INJURED', 'ARMEDCONFLICT', 'ACT_MAKESTATEMENT', 'TAX_ETHNICITY_IRANIAN', 'TAX_FNCACT_SECRETARY', 'KILL', 'KILL', 'CRISISLEX_T03_DEAD', 'CRISISLEX_T03_DEAD', 'GENERAL_HEALTH', 'MEDICAL', 'WOUND', 'WOUND', 'WOUND', 'TAX_ETHNICITY_ARAB', 'TAX_FNCACT_FATHER', 'TAX_FNCACT_FATHER', 'TAX_FNCACT_FATHER', 'NEGOTIATIONS', 'WB_696_PUBLIC_SECTOR_MANAGEMENT', 'WB_840_JUSTICE', 'WB_2473_DIPLOMACY_AND_NEGOTIATIONS', 'WB_939_NEGOTIATION', 'WB_2470_PEACE_OPERATIONS_AND_CONFLICT_MANAGEMENT', 'WB_936_ALTERNATIVE_DISPUTE_RESOLUTION', 'WB_2432_FRAGILITY_CONFLICT_AND_VIOLENCE', 'WB_843_DISPUTE_RESOLUTION', 'WB_2471_PEACEKEEPING', 'TAX_FNCACT_OFFICIAL', 'MEDIA_MSM', 'APPOINTMENT']",-5.09915014164306
20260412101500-289,20260412101500,wharfedaleobserver.co.uk,https://www.wharfedaleobserver.co.uk/news/national/uk-today/26013928.uk-clothing-brand-enters-administration-launches-sale/,"['EPU_ECONOMY_HISTORIC', 'EPU_ECONOMY_HISTORIC', 'EDUCATION', 'SOC_POINTSOFINTEREST_SCHOOLS', 'NATURAL_DISASTER_TSUNAMI', 'TAX_ECON_PRICE', 'TAX_ECON_PRICE', 'UNGP_FORESTS_RIVERS_OCEANS', 'TAX_FNCACT_FOUNDER', 'MEDIA_SOCIAL', 'MEDIA_MSM', 'MEDIA_MSM', 'ECON_STOCKMARKET', 'TAX_FNCACT_PRINCE']",1.45772594752187
20260412101500-290,20260412101500,kezi.com,https://www.kezi.com/news/local/peacehealth-chief-hospital-executive-jim-mcgovern-placed-on-administrative-leave/article_b5a1e1c7-639e-4d92-a96d-5a5a7d977927.html,"['TAX_FNCACT_CHIEF', 'TAX_FNCACT_CHIEF', 'CRISISLEX_CRISISLEXREC', 'CRISISLEX_CRISISLEXREC', 'CRISISLEX_CRISISLEXREC', 'CRISISLEX_CRISISLEXREC', 'CRISISLEX_CRISISLEXREC', 'TAX_MILITARY_TITLE_OFFICER', 'TAX_FNCACT_OFFICER', 'TAX_FNCACT_REPRESENTATIVES', 'TAX_FNCACT_PHYSICIANS', 'TAX_FNCACT_PHYSICIANS', 'TRANSPARENCY', 'TRANSPARENCY', 'GENERAL_HEALTH', 'GENERAL_HEALTH', 'MEDICAL', 'MEDICAL', 'SOC_POINTSOFINTEREST_HOSPITAL', 'SOC_POINTSOFINTEREST_HOSPITAL', 'CRISISLEX_C03_WELLBEING_HEALTH', 'CRISISLEX_C03_WELLBEING_HEALTH', 'USPEC_POLITICS_GENERAL1', 'TAX_FNCACT_EXECUTIVE', 'TAX_FNCACT_EXECUTIVE', 'TRIAL', 'LEGISLATION', 'EPU_POLICY_LAW', 'TAX_WORLDLANGUAGES_OREGON', 'TAX_WORLDLANGUAGES_OREGON', 'WB_678_DIGITAL_GOVERNMENT', 'WB_2943_SWITCHES', 'WB_667_ICT_INFRASTRUCTURE', 'WB_672_NETWORK_MANAGEMENT', 'WB_133_INFORMATION_AND_COMMUNICATION_TECHNOLOGIES', 'TAX_FNCACT_OFFICIALS', 'TAX_FNCACT_MANAGER']",-2.47252747252747
20260412101500-291,20260412101500,athens-times.com,https://athens-times.com/middle-east-crisis-reshapes-greeces-budget-revised-forecasts-due-april-30/,"['TAX_FNCACT_OFFICIALS', 'ENV_OIL', 'ENV_OIL', 'ECON_DEVELOPMENTORGS_INTERNATIONAL_MONETARY_FUND', 'TAX_FNCACT_OFFICIAL', 'WB_698_TRADE', 'USPEC_POLICY1', 'EPU_ECONOMY', 'EPU_ECONOMY_HISTORIC', 'TAX_DISEASE_OUTBREAK', 'WB_635_PUBLIC_HEALTH', 'WB_2165_HEALTH_EMERGENCIES', 'WB_2166_HEALTH_EMERGENCY_PREPAREDNESS_AND_DISASTER_RESPONSE', 'WB_621_HEALTH_NUTRITION_AND_POPULATION', 'WB_2167_PANDEMICS', 'ECON_CENTRALBANK', 'WB_1235_CENTRAL_BANKS', 'WB_318_FINANCIAL_ARCHITECTURE_AND_BANKING', 'WB_1920_FINANCIAL_SECTOR_DEVELOPMENT', 'WB_1234_BANKING_INSTITUTIONS', 'EPU_POLICY_CENTRAL_BANK', 'EPU_CATS_MONETARY_POLICY', 'EPU_POLICY_BUDGET', 'EPU_POLICY_BUDGET', 'EPU_POLICY_BUDGET', 'EPU_POLICY_BUDGET', 'EPU_POLICY_BUDGET', 'EPU_POLICY_BUDGET', 'TAX_ECON_PRICE', 'TAX_FNCACT_REPRESENTATIVES', 'GENERAL_GOVERNMENT', 'ECON_DEBT', 'WB_450_DEBT', 'TAX_ETHNICITY_GREEK', 'TAX_WORLDLANGUAGES_GREEK', 'ECON_OILPRICE', 'ECON_OILPRICE', 'ECON_INFLATION', 'ECON_INFLATION', 'ECON_INFLATION', 'WB_1104_MACROECONOMIC_VULNERABILITY_AND_DEBT', 'WB_1104_MACROECONOMIC_VULNERABILITY_AND_DEBT', 'WB_1104_MACROECONOMIC_VULNERABILITY_AND_DEBT', 'WB_442_INFLATION', 'WB_442_INFLATION', 'WB_442_INFLATION']",-3.90804597701149
20260412101500-292,20260412101500,registercitizen.com,https://www.registercitizen.com/news/education/article/ct-education-inequity-funding-ecs-equalize-schools-22193909.php,"['GOV_LOCALGOV', 'TRIAL', 'WB_678_DIGITAL_GOVERNMENT', 'WB_694_BROADCAST_AND_MEDIA', 'WB_133_INFORMATION_AND_COMMUNICATION_TECHNOLOGIES', 'SOC_POINTSOFINTEREST_UNIVERSITY', 'EPU_POLICY_DEFICIT', 'EPU_POLICY_DEFICIT', 'EPU_POLICY_DEFICIT', 'TAX_FNCACT_CEO', 'ALLIANCE', 'TAX_FNCACT_EXECUTIVE_DIRECTOR', 'ECON_INFLATION', 'ECON_INFLATION', 'ECON_INFLATION', 'WB_1104_MACROECONOMIC_VULNERABILITY_AND_DEBT', 'WB_1104_MACROECONOMIC_VULNERABILITY_AND_DEBT', 'WB_1104_MACROECONOMIC_VULNERABILITY_AND_DEBT', 'WB_442_INFLATION', 'WB_442_INFLATION', 'WB_442_INFLATION', 'WB_696_PUBLIC_SECTOR_MANAGEMENT', 'WB_840_JUSTICE', 'UNGP_FORESTS_RIVERS_OCEANS', 'UNGP_FORESTS_RIVERS_OCEANS', 'TAX_FNCACT_LEADERS', 'TAX_FNCACT_LEADERS', 'TAX_FNCACT_LEADERS', 'TAX_FNCACT_LEADERS', 'TAX_FNCACT_LEADERS', 'TAX_FNCACT_LEADERS', 'TAX_FNCACT_LEADERS', 'TAX_FNCACT_OFFICIALS', 'TAX_FNCACT_OFFICIALS', 'TAX_FNCACT_PRESIDENT', 'EDUCATION', 'EDUCATION', 'EDUCATION', 'EDUCATION', 'EDUCATION', 'EDUCATION', 'EDUCATION', 'EDUCATION', 'EDUCATION', 'EDUCATION', 'EDUCATION', 'EDUCATION', 'EDUCATION', 'WB_470_EDUCATION', 'WB_470_EDUCATION', 'WB_470_EDUCATION', 'WB_470_EDUCATION', 'WB_470_EDUCATION', 'WB_470_EDUCATION', 'WB_470_EDUCATION', 'WB_470_EDUCATION', 'WB_470_EDUCATION', 'WB_470_EDUCATION', 'WB_470_EDUCATION', 'WB_470_EDUCATION', 'WB_470_EDUCATION', 'TAX_FNCACT_STUDENTS', 'TAX_FNCACT_STUDENTS', 'TAX_FNCACT_STUDENTS', 'TAX_FNCACT_STUDENTS', 'TAX_FNCACT_STUDENTS', 'MANMADE_DISASTER_IMPLIED', 'MANMADE_DISASTER_IMPLIED', 'MANMADE_DISASTER_IMPLIED', 'MANMADE_DISASTER_IMPLIED', 'MANMADE_DISASTER_IMPLIED', 'MANMADE_DISASTER_IMPLIED', 'MANMADE_DISASTER_IMPLIED', 'MANMADE_DISASTER_IMPLIED', 'MANMADE_DISASTER_IMPLIED', 'MANMADE_DISASTER_IMPLIED', 'MANMADE_DISASTER_IMPLIED', 'MANMADE_DISASTER_IMPLIED', 'MANMADE_DISASTER_IMPLIED', 'MANMADE_DISASTER_IMPLIED', 'MANMADE_DISASTER_IMPLIED', 'MANMADE_DISASTER_IMPLIED', 'MANMADE_DISASTER_IMPLIED', 'MANMADE_DISASTER_IMPLIED', 'MANMADE_DISASTER_IMPLIED', 'MANMADE_DISASTER_IMPLIED', 'MANMADE_DISASTER_IMPLIED', 'MANMADE_DISASTER_IMPLIED', 'MANMADE_DISASTER_IMPLIED', 'SOC_POINTSOFINTEREST_SCHOOL', 'SOC_POINTSOFINTEREST_SCHOOL', 'SOC_POINTSOFINTEREST_SCHOOL', 'SOC_POINTSOFINTEREST_SCHOOL', 'SOC_POINTSOFINTEREST_SCHOOL', 'SOC_POINTSOFINTEREST_SCHOOL', 'SOC_POINTSOFINTEREST_SCHOOL', 'SOC_POINTSOFINTEREST_SCHOOL', 'SOC_POINTSOFINTEREST_SCHOOL', 'SOC_POINTSOFINTEREST_SCHOOL', 'SOC_POINTSOFINTEREST_SCHOOL', 'SOC_POINTSOFINTEREST_SCHOOL', 'SOC_POINTSOFINTEREST_SCHOOL', 'SOC_POINTSOFINTEREST_SCHOOL', 'SOC_POINTSOFINTEREST_SCHOOL', 'SOC_POINTSOFINTEREST_SCHOOL', 'SOC_POINTSOFINTEREST_SCHOOL', 'SOC_POINTSOFINTEREST_SCHOOL', 'SOC_POINTSOFINTEREST_SCHOOL', 'SOC_POINTSOFINTEREST_SCHOOL', 'SOC_POINTSOFINTEREST_SCHOOL', 'SOC_POINTSOFINTEREST_SCHOOL', 'SOC_POINTSOFINTEREST_SCHOOL', 'WB_700_INEQUALITY_AND_SHARED_PROSPERITY', 'WB_2668_INCOME_INEQUALITY', 'GOV_STATE_FAILURE', 'TAX_FNCACT_SPOKESMAN', 'TAX_FNCACT_DIRECTOR', 'WB_1513_EDUCATION_POLICY_AND_PLANNING', 'WB_2141_EDUCATION_DISTRICTS', 'WB_2141_EDUCATION_DISTRICTS', 'WB_2141_EDUCATION_DISTRICTS', 'WB_1502_EDUCATIONAL_DECENTRALIZATION', 'WB_1502_EDUCATIONAL_DECENTRALIZATION', 'WB_1502_EDUCATIONAL_DECENTRALIZATION', 'WB_1497_EDUCATION_MANAGEMENT_AND_ADMINISTRATION', 'WB_1497_EDUCATION_MANAGEMENT_AND_ADMINISTRATION', 'WB_1497_EDUCATION_MANAGEMENT_AND_ADMINISTRATION', 'TAX_FNCACT_CHILD', 'TAX_FNCACT_CHILD', 'TAX_ECON_PRICE', 'TAX_ECON_PRICE', 'TAX_FNCACT_SUPPORTERS', 'TAX_MILITARY_TITLE_SUPERINTENDENT', 'TAX_MILITARY_TITLE_SUPERINTENDENT', 'TAX_FNCACT_SUPERINTENDENT', 'TAX_FNCACT_SUPERINTENDENT', 'EPU_ECONOMY', 'EPU_ECONOMY_HISTORIC', 'URBAN', 'WB_498_EDUCATION_FINANCE', 'WB_1540_ECONOMICS_OF_EDUCATION', 'TAX_FNCACT_CHILDREN', 'TAX_FNCACT_CHILDREN', 'USPEC_POLICY1', 'USPEC_POLICY1', 'USPEC_POLICY1', 'EPU_CATS_TAXES', 'EPU_CATS_TAXES', 'EPU_CATS_TAXES', 'TAX_FNCACT_EXECUTIVE', 'ECON_WORLDCURRENCIES_DOLLARS', 'ECON_WORLDCURRENCIES_DOLLARS', 'ECON_WORLDCURRENCIES_DOLLARS', 'TAX_FNCACT_INSIDER', 'TAX_FNCACT_INSIDER', 'SOC_POINTSOFINTEREST_SCHOOLS', 'SOC_POINTSOFINTEREST_SCHOOLS', 'SOC_POINTSOFINTEREST_SCHOOLS', 'SOC_POINTSOFINTEREST_SCHOOLS', 'SOC_POINTSOFINTEREST_SCHOOLS', 'SOC_POINTSOFINTEREST_SCHOOLS', 'SOC_POINTSOFINTEREST_SCHOOLS', 'SOC_POINTSOFINTEREST_SCHOOLS', 'UNGP_EDUCATION', 'TAX_FNCACT_STUDENT', 'TAX_FNCACT_STUDENT', 'TAX_FNCACT_STUDENT', 'LEADER', 'LEADER', 'TAX_FNCACT_LAWMAKERS', 'TAX_FNCACT_LAWMAKERS', 'USPEC_POLITICS_GENERAL1', 'USPEC_POLITICS_GENERAL1', 'EPU_POLICY_LAWMAKERS', 'EPU_POLICY_LAWMAKERS', 'CONSTITUTIONAL', 'EPU_POLICY_SPENDING', 'WB_695_POVERTY', 'INEQUALITY', 'WB_2670_JOBS', 'WB_1467_EDUCATION_FOR_ALL', 'WB_2131_EMPLOYABILITY_SKILLS_AND_JOBS', 'WB_1484_EDUCATION_SKILLS_DEVELOPMENT_AND_LABOR_MARKET', 'EPU_POLICY_POLICY', 'EPU_POLICY_POLICY', 'TAX_FNCACT_PROFESSOR', 'ECON_TAXATION', 'ECON_TAXATION', 'ECON_TAXATION', 'EPU_POLICY_TAX', 'EPU_POLICY_TAX', 'EPU_POLICY_TAX', 'EPU_POLICY_BUDGET', 'EPU_POLICY_REFORM', 'CRISISLEX_CRISISLEXREC', 'TAX_FNCACT_MAYOR', 'TAX_FNCACT_MAYOR']",-1.3545347467609
20260412101500-293,20260412101500,bilkulonline.com,https://bilkulonline.com/2026/04/12/asha-bhosle-passes-away-at-93-last-rites-to-be-held-on-monday-at-shivaji-park/,"['TAX_DISEASE_INFECTION', 'TAX_DISEASE_INFECTION', 'TAX_WORLDLANGUAGES_BAL', 'TAX_FNCACT_MINISTER', 'TAX_ETHNICITY_MARATHI', 'TAX_WORLDLANGUAGES_MARATHI', 'TAX_FNCACT_SINGERS', 'TAX_WORLDLANGUAGES_MAHARASHTRA', 'WB_2670_JOBS', 'WB_696_PUBLIC_SECTOR_MANAGEMENT', 'WB_2048_COMPENSATION_CAREERS_AND_INCENTIVES', 'WB_723_PUBLIC_ADMINISTRATION', 'WB_724_HUMAN_RESOURCES_FOR_PUBLIC_SECTOR', 'GENERAL_HEALTH', 'GENERAL_HEALTH', 'GENERAL_HEALTH', 'GENERAL_HEALTH', 'MEDICAL', 'MEDICAL', 'MEDICAL', 'MEDICAL', 'SOC_POINTSOFINTEREST_HOSPITAL', 'SOC_POINTSOFINTEREST_HOSPITAL', 'SOC_POINTSOFINTEREST_HOSPITAL', 'SOC_POINTSOFINTEREST_HOSPITAL', 'CRISISLEX_C03_WELLBEING_HEALTH', 'CRISISLEX_C03_WELLBEING_HEALTH', 'CRISISLEX_C03_WELLBEING_HEALTH', 'CRISISLEX_C03_WELLBEING_HEALTH', 'TAX_WORLDLANGUAGES_HINDI', 'TAX_FNCACT_SINGER', 'TAX_FNCACT_SINGER', 'TAX_FNCACT_SINGER', 'TAX_FNCACT_SINGER', 'TAX_ETHNICITY_INDIAN', 'TAX_ETHNICITY_BURMAN', 'TAX_FNCACT_OFFICIAL', 'LEADER']",1.25391849529781
20260412101500-294,20260412101500,athens-times.com,https://athens-times.com/resurrection-sunday-christ-is-risen-celebrated-with-reverence-in-athens-and-thessaloniki-archbishop-ieronymos-calls-for-peace/,"['EPU_CATS_NATIONAL_SECURITY', 'USPEC_POLICY1', 'USPEC_POLICY1', 'EPU_UNCERTAINTY', 'EPU_UNCERTAINTY', 'EPU_POLICY_GOVERNMENT', 'EPU_POLICY_GOVERNMENT', 'EPU_CATS_MIGRATION_FEAR_FEAR', 'TAX_FNCACT_ARCHBISHOP', 'TAX_FNCACT_ARCHBISHOP', 'TAX_FNCACT_ARCHBISHOP', 'TAX_FNCACT_DEPUTY', 'CRISISLEX_CRISISLEXREC', 'SECURITY_SERVICES', 'ARMEDCONFLICT', 'WB_2468_CONVENTIONAL_WAR', 'WB_2433_CONFLICT_AND_VIOLENCE', 'WB_2432_FRAGILITY_CONFLICT_AND_VIOLENCE', 'WB_2462_POLITICAL_VIOLENCE_AND_WAR', 'CRISISLEX_C07_SAFETY', 'TAX_FNCACT_REPRESENTATIVES', 'TAX_FNCACT_SPEAKER', 'LEADER', 'TAX_WORLDMAMMALS_HUMAN', 'TAX_FNCACT_PRESIDENT', 'TAX_FNCACT_PRESIDENT', 'TAX_FNCACT_PRESIDENT', 'TAX_FNCACT_PRESIDENT', 'USPEC_POLITICS_GENERAL1', 'USPEC_POLITICS_GENERAL1', 'USPEC_POLITICS_GENERAL1', 'USPEC_POLITICS_GENERAL1', 'DRONES', 'GENERAL_GOVERNMENT', 'TAX_FNCACT_MINISTER', 'GOV_LOCALGOV', 'WB_2142_LOCAL_GOVERNMENT', 'WB_1502_EDUCATIONAL_DECENTRALIZATION', 'WB_470_EDUCATION', 'WB_1497_EDUCATION_MANAGEMENT_AND_ADMINISTRATION', 'CRISISLEX_T11_UPDATESSYMPATHY', 'TAX_RELIGION_CHURCH', 'TAX_RELIGION_CHURCHES', 'TAX_RELIGION_CHURCHES', 'TAX_FNCACT_BISHOP', 'TAX_FNCACT_BISHOP', 'EDUCATION', 'PROTEST', 'STRIKE']",-2.2271714922049
20260412101500-295,20260412101500,bbc.com,https://www.bbc.com/news/articles/cr41k1qwr4vo,"['EPU_ECONOMY_HISTORIC', 'EDUCATION', 'SOC_POINTSOFINTEREST_SCHOOL', 'CRISISLEX_T11_UPDATESSYMPATHY']",9.09090909090909
20260412101500-296,20260412101500,livemint.com,https://www.livemint.com/money/personal-finance/uprera-eases-property-transfers-in-the-state-what-the-new-rules-mean-for-buyers-11775984817107.html,"['TAX_FNCACT_BUILDER', 'TAX_FNCACT_BUILDER', 'UNGP_FORESTS_RIVERS_OCEANS', 'CRISISLEX_CRISISLEXREC', 'CRISISLEX_CRISISLEXREC', 'CRISISLEX_CRISISLEXREC', 'TRANSPARENCY', 'EPU_UNCERTAINTY', 'EPU_CATS_MIGRATION_FEAR_FEAR', 'EPU_ECONOMY_HISTORIC', 'EPU_ECONOMY_HISTORIC', 'LEGISLATION', 'EPU_POLICY_LAW', 'USPEC_POLICY1', 'EPU_POLICY_REGULATION', 'EPU_CATS_REGULATION', 'MEDIA_MSM', 'MEDIA_MSM', 'DELAY', 'USPEC_UNCERTAINTY1', 'TAX_FNCACT_DEVELOPER', 'TAX_FNCACT_DEVELOPER', 'EPU_POLICY_REGULATORY', 'EPU_POLICY_REGULATORY', 'GRIEVANCES', 'ECON_HOUSING_PRICES', 'ECON_HOUSING_PRICES', 'ECON_HOUSING_PRICES']",-5.61224489795918
20260412101500-297,20260412101500,cairnspost.com.au,https://www.cairnspost.com.au/news/cairns/cairns-life-and-local-memories-celebrated-in-new-exhibition/news-story/66308fc494e950a32c4ac7028028f008&memtype=anonymous&mode=premium&nk=37c315c62f0d39644ab6a3298b8d4659-1775988105,"['LEGISLATION', 'EPU_POLICY_LAW', 'TAX_ECON_PRICE']",-4.12371134020619
20260412101500-298,20260412101500,cairnspost.com.au,https://www.cairnspost.com.au/news/cairns/songkran-festival-brings-colour-and-celebration-to-cairns-esplanade/news-story/ae822711c62e57518b0dbd3e07c997c1&memtype=anonymous&mode=premium&nk=830ff17efc9d3f2728bf7b5761612aef-1775988105,"['LEGISLATION', 'EPU_POLICY_LAW', 'TAX_ECON_PRICE']",-4.12371134020619
20260412101500-299,20260412101500,asiaone.com,https://www.asiaone.com/singapore/brisk-walking-movement-launched-sembawang-ong-ye-kung,"['TAX_DISEASE_HYPERTENSION', 'WB_1432_HYPERTENSION', 'MOVEMENT_GENERAL', 'MOVEMENT_GENERAL', 'MOVEMENT_GENERAL', 'MOVEMENT_GENERAL', 'MOVEMENT_GENERAL', 'MOVEMENT_GENERAL', 'TAX_DISEASE_DIABETES', 'TAX_CHRONICDISEASE_DIABETES', 'WB_1406_DISEASES', 'WB_621_HEALTH_NUTRITION_AND_POPULATION', 'WB_1433_DIABETES', 'WB_1427_NON_COMMUNICABLE_DISEASE_AND_INJURY', 'TAX_FNCACT_MINISTER', 'TAX_FNCACT_MINISTER', 'TAX_FNCACT_MINISTER', 'TAX_FNCACT_MINISTER', 'WB_566_ENVIRONMENT_AND_NATURAL_RESOURCES', 'WB_1777_FORESTS', 'WB_590_ECOSYSTEMS', 'MEDIA_MSM', 'GENERAL_HEALTH', 'GENERAL_HEALTH', 'GENERAL_HEALTH', 'GENERAL_HEALTH', 'GENERAL_HEALTH', 'GENERAL_HEALTH', 'GENERAL_HEALTH', 'GENERAL_HEALTH', 'MEDICAL', 'MEDICAL', 'MEDICAL', 'MEDICAL', 'MEDICAL', 'MEDICAL', 'MEDICAL', 'MEDICAL', 'WB_1458_HEALTH_PROMOTION_AND_DISEASE_PREVENTION', 'WB_1458_HEALTH_PROMOTION_AND_DISEASE_PREVENTION', 'WB_635_PUBLIC_HEALTH', 'WB_635_PUBLIC_HEALTH', 'USPEC_POLICY1', 'USPEC_POLITICS_GENERAL1', 'WB_678_DIGITAL_GOVERNMENT', 'WB_678_DIGITAL_GOVERNMENT', 'WB_694_BROADCAST_AND_MEDIA', 'WB_694_BROADCAST_AND_MEDIA', 'WB_133_INFORMATION_AND_COMMUNICATION_TECHNOLOGIES', 'WB_133_INFORMATION_AND_COMMUNICATION_TECHNOLOGIES', 'WB_1430_MENTAL_HEALTH', 'TAX_WORLDLANGUAGES_BUKIT', 'TAX_DISEASE_DEMENTIA', 'LEADER']",4.26716141001855
20260412101500-300,20260412101500,bilkulonline.com,https://bilkulonline.com/2026/04/12/brahmos-deals-deepen-indias-role-in-indo-pacific-security/,"['TAX_DISEASE_CONVENTIONAL', 'TAX_WEAPONS_SUBMARINE', 'TAX_ETHNICITY_CHINESE', 'TAX_ETHNICITY_CHINESE', 'TAX_WORLDLANGUAGES_CHINESE', 'TAX_WORLDLANGUAGES_CHINESE', 'TAX_ETHNICITY_ASIAN', 'TAX_ETHNICITY_ASIAN', 'MILITARY', 'TAX_TERROR_GROUP_PEOPLE_LIBERATION_ARMY', 'WB_2433_CONFLICT_AND_VIOLENCE', 'WB_2432_FRAGILITY_CONFLICT_AND_VIOLENCE', 'UNGP_FORESTS_RIVERS_OCEANS', 'UNGP_FORESTS_RIVERS_OCEANS', 'UNGP_FORESTS_RIVERS_OCEANS', 'UNGP_FORESTS_RIVERS_OCEANS', 'TAX_ETHNICITY_AMERICAN', 'TAX_TERROR_GROUP_LIBERATION_ARMY', 'CRISISLEX_C07_SAFETY', 'CRISISLEX_C07_SAFETY', 'CRISISLEX_C07_SAFETY', 'WB_2470_PEACE_OPERATIONS_AND_CONFLICT_MANAGEMENT', 'WB_2490_NATIONAL_PROTECTION_AND_SECURITY', 'EPU_CATS_NATIONAL_SECURITY', 'TAX_WEAPONS_CRUISE_MISSILES', 'TAX_WORLDLANGUAGES_BRUNEI', 'TAX_WORLDLANGUAGES_BRUNEI', 'TAX_WORLDLANGUAGES_BRUNEI', 'TAX_FNCACT_NAVY', 'TAX_WORLDLANGUAGES_RUSSIA']",-0.211864406779661
20260412101500-301,20260412101500,fool.com,https://www.fool.com/investing/2026/04/12/want-a-stock-that-goes-up-when-the-market-goes-dow/?source=iedfolrf0000001,"['ECON_STOCKMARKET', 'ECON_STOCKMARKET', 'ECON_STOCKMARKET', 'ECON_STOCKMARKET', 'ECON_STOCKMARKET', 'ECON_STOCKMARKET', 'ECON_STOCKMARKET', 'ECON_STOCKMARKET', 'ECON_STOCKMARKET']",0.263157894736842
20260412101500-302,20260412101500,countypress.co.uk,https://www.countypress.co.uk/news/national/26013936.rachel-reeves-warns-cost-british-families-businesses-iran-war/,"['CLOSURE', 'CRISISLEX_CRISISLEXREC', 'EPU_ECONOMY', 'EPU_ECONOMY_HISTORIC', 'TAX_FNCACT_MINISTER', 'IDEOLOGY', 'ALLIANCE', 'GENERAL_GOVERNMENT', 'GENERAL_GOVERNMENT', 'EPU_POLICY_GOVERNMENT', 'EPU_POLICY_GOVERNMENT', 'USPEC_POLICY1', 'EPU_UNCERTAINTY', 'ARMEDCONFLICT', 'EPU_CATS_NATIONAL_SECURITY', 'TAX_ECON_PRICE', 'TAX_ECON_PRICE', 'TAX_ECON_PRICE', 'TAX_ECON_PRICE', 'TAX_ECON_PRICE', 'TAX_ECON_PRICE', 'MARITIME', 'WB_135_TRANSPORT', 'WMD', 'FUELPRICES', 'ECON_GASOLINEPRICE', 'ECON_HEATINGOIL', 'CEASEFIRE', 'CEASEFIRE', 'WB_1921_PRIVATE_SECTOR_DEVELOPMENT', 'WB_346_COMPETITIVE_INDUSTRIES', 'WB_818_INDUSTRY_POLICY_AND_REAL_SECTORS', 'WB_1281_MANUFACTURING', 'TAX_FNCACT_GUIDE', 'TAX_FNCACT_CHANCELLOR', 'ENV_OIL', 'ENV_OIL', 'NEGOTIATIONS', 'WB_696_PUBLIC_SECTOR_MANAGEMENT', 'WB_840_JUSTICE', 'WB_2473_DIPLOMACY_AND_NEGOTIATIONS', 'WB_939_NEGOTIATION', 'WB_2470_PEACE_OPERATIONS_AND_CONFLICT_MANAGEMENT', 'WB_936_ALTERNATIVE_DISPUTE_RESOLUTION', 'WB_2432_FRAGILITY_CONFLICT_AND_VIOLENCE', 'WB_843_DISPUTE_RESOLUTION', 'WB_2471_PEACEKEEPING', 'LEADER', 'TAX_FNCACT_PRIME_MINISTER']",0.460829493087557
20260412101500-303,20260412101500,manilatimes.net,https://www.manilatimes.net/2026/04/12/world/iran-war-diverts-us-military-and-attention-from-asia/2318615,"['EPU_CATS_NATIONAL_SECURITY', 'EPU_CATS_NATIONAL_SECURITY', 'EPU_CATS_NATIONAL_SECURITY', 'EPU_CATS_NATIONAL_SECURITY', 'EPU_CATS_NATIONAL_SECURITY', 'EPU_CATS_NATIONAL_SECURITY', 'EPU_CATS_NATIONAL_SECURITY', 'EPU_CATS_NATIONAL_SECURITY', 'EPU_CATS_NATIONAL_SECURITY', 'EPU_CATS_NATIONAL_SECURITY', 'EPU_CATS_NATIONAL_SECURITY', 'LEADER', 'LEADER', 'LEADER', 'LEADER', 'LEADER', 'LEADER', 'LEADER', 'LEADER', 'TAX_FNCACT_PRESIDENT', 'TAX_FNCACT_PRESIDENT', 'TAX_FNCACT_PRESIDENT', 'TAX_FNCACT_PRESIDENT', 'TAX_FNCACT_PRESIDENT', 'TAX_FNCACT_PRESIDENT', 'TAX_FNCACT_PRESIDENT', 'TAX_FNCACT_PRESIDENT', 'USPEC_POLITICS_GENERAL1', 'USPEC_POLITICS_GENERAL1', 'USPEC_POLITICS_GENERAL1', 'USPEC_POLITICS_GENERAL1', 'USPEC_POLITICS_GENERAL1', 'USPEC_POLITICS_GENERAL1', 'USPEC_POLITICS_GENERAL1', 'USPEC_POLITICS_GENERAL1', 'ARMEDCONFLICT', 'ARMEDCONFLICT']",-2.62345679012346
20260412101500-304,20260412101500,kcrg.com,https://www.kcrg.com/2026/04/12/operation-quickfind-ashely-wizeyimana/,"['TAX_FNCACT_CHILD', 'AFFECT', 'SECURITY_SERVICES', 'SECURITY_SERVICES', 'TAX_FNCACT_POLICE', 'TAX_FNCACT_POLICE', 'CRISISLEX_C07_SAFETY', 'CRISISLEX_C07_SAFETY']",-0.869565217391304
20260412101500-305,20260412101500,teamtalk.com,https://www.teamtalk.com/tottenham-hotspur/marcos-senesi-talks-underway-record-transfer-roberto-de-zerbi-signing-coup,[],0.36036036036036
20260412101500-306,20260412101500,cambrian-news.co.uk,https://www.cambrian-news.co.uk/news/llandwrog-pub-enhances-community-facilities-to-combat-isolation-895370,"['TAX_FNCACT_PROJECT_MANAGER', 'TAX_FNCACT_MANAGER', 'RURAL']",5.76923076923077
20260412101500-307,20260412101500,rollingstone.com,https://www.rollingstone.com/tv-movies/tv-movie-news/snl-profound-astronaut-perturbed-rogue-pringles-can-colleagues-penis-problem-1235545467/,[],-2.57234726688103
20260412101500-308,20260412101500,wiltshiretimes.co.uk,https://www.wiltshiretimes.co.uk/news/26014087.major-airlines-cut-flights-hike-fares-fuel-costs-rise/,"['FUELPRICES', 'FUELPRICES', 'FUELPRICES', 'WB_2936_GOLD', 'WB_507_ENERGY_AND_EXTRACTIVES', 'WB_895_MINING_SYSTEMS', 'WB_1699_METAL_ORE_MINING', 'WB_2433_CONFLICT_AND_VIOLENCE', 'WB_2433_CONFLICT_AND_VIOLENCE', 'WB_2433_CONFLICT_AND_VIOLENCE', 'WB_2433_CONFLICT_AND_VIOLENCE', 'WB_2432_FRAGILITY_CONFLICT_AND_VIOLENCE', 'WB_2432_FRAGILITY_CONFLICT_AND_VIOLENCE', 'WB_2432_FRAGILITY_CONFLICT_AND_VIOLENCE', 'WB_2432_FRAGILITY_CONFLICT_AND_VIOLENCE', 'GEN_HOLIDAY', 'GEN_HOLIDAY', 'TAX_FNCACT_SPOKESPERSON', 'WB_165_AIR_TRANSPORT', 'WB_135_TRANSPORT', 'WB_164_MODES_OF_TRANSPORT', 'TAX_ECON_PRICE', 'TAX_ECON_PRICE', 'TAX_ECON_PRICE', 'TAX_ECON_PRICE', 'TAX_ECON_PRICE', 'TAX_ECON_PRICE', 'WB_698_TRADE', 'WB_698_TRADE', 'TAX_FNCACT_CEO', 'DELAY', 'AFFECT', 'CRISISLEX_C04_LOGISTICS_TRANSPORT']",-2.42510699001427
20260412101500-309,20260412101500,moneycontrol.com,https://www.moneycontrol.com/news/business/economy/rising-oil-prices-may-widen-india-s-current-account-deficit-to-2-report-flags-west-asia-risks-13886741.html,"['ECON_OILPRICE', 'ECON_OILPRICE', 'WB_1973_FINANCIAL_RISK_REDUCTION', 'WB_435_AGRICULTURE_AND_FOOD_SECURITY', 'WB_337_INSURANCE', 'WB_1967_AGRICULTURAL_RISK_AND_SECURITY', 'WB_1160_SHOCKS_AND_VULNERABILITY', 'WB_1160_SHOCKS_AND_VULNERABILITY', 'WB_695_POVERTY', 'WB_695_POVERTY', 'ECON_REMITTANCE', 'ECON_REMITTANCE', 'ECON_REMITTANCE', 'WB_775_TRADE_POLICY_AND_INTEGRATION', 'WB_775_TRADE_POLICY_AND_INTEGRATION', 'WB_775_TRADE_POLICY_AND_INTEGRATION', 'WB_698_TRADE', 'WB_698_TRADE', 'WB_698_TRADE', 'WB_780_TRADE_IN_SERVICES', 'WB_780_TRADE_IN_SERVICES', 'WB_780_TRADE_IN_SERVICES', 'WB_783_TEMPORARY_MOVEMENT_OF_LABOR', 'WB_783_TEMPORARY_MOVEMENT_OF_LABOR', 'WB_783_TEMPORARY_MOVEMENT_OF_LABOR', 'TAX_ETHNICITY_INDIAN', 'WB_471_ECONOMIC_GROWTH', 'CEASEFIRE', 'AFFECT', 'WB_1921_PRIVATE_SECTOR_DEVELOPMENT', 'WB_346_COMPETITIVE_INDUSTRIES', 'WB_818_INDUSTRY_POLICY_AND_REAL_SECTORS', 'WB_1281_MANUFACTURING', 'ENV_OIL', 'ENV_OIL', 'ECON_INFLATION', 'ECON_INFLATION', 'WB_442_INFLATION', 'WB_442_INFLATION', 'EPU_ECONOMY', 'EPU_ECONOMY_HISTORIC', 'WB_2433_CONFLICT_AND_VIOLENCE', 'WB_2432_FRAGILITY_CONFLICT_AND_VIOLENCE', 'CRISISLEX_CRISISLEXREC', 'CRISISLEX_CRISISLEXREC', 'CRISISLEX_CRISISLEXREC', 'FUELPRICES', 'TAX_FNCACT_WORKERS', 'USPEC_POLICY1', 'USPEC_POLICY1', 'USPEC_POLICY1', 'USPEC_POLICY1', 'EPU_POLICY_DEFICIT', 'EPU_POLICY_DEFICIT', 'EPU_POLICY_DEFICIT', 'EPU_POLICY_DEFICIT', 'WB_1135_CURRENT_ACCOUNT', 'WB_1104_MACROECONOMIC_VULNERABILITY_AND_DEBT', 'WB_441_BALANCE_OF_PAYMENTS', 'MANMADE_DISASTER_IMPLIED', 'TAX_ECON_PRICE', 'TAX_ECON_PRICE', 'TAX_ECON_PRICE', 'TAX_ECON_PRICE', 'TAX_ECON_PRICE', 'TAX_ECON_PRICE', 'TAX_ECON_PRICE']",-8.98876404494382
20260412101500-310,20260412101500,kashmirreader.com,https://kashmirreader.com/2026/04/12/cm-hails-skuast-ks-morel-mushroom-research/,"['NEW_CONSTRUCTION', 'SCIENCE', 'RURAL', 'RURAL', 'RURAL', 'WB_174_CROP_PRODUCTION', 'WB_435_AGRICULTURE_AND_FOOD_SECURITY', 'WB_1949_CLIMATE_SMART_AGRICULTURE', 'WB_196_AGRICULTURAL_INNOVATION_SYSTEMS', 'UNGP_FORESTS_RIVERS_OCEANS', 'EPU_ECONOMY', 'EPU_ECONOMY_HISTORIC', 'TAX_FNCACT_MINISTER', 'TAX_FNCACT_MINISTER', 'TAX_FNCACT_MINISTER', 'TAX_FNCACT_MINISTER', 'TAX_FNCACT_CHIEF', 'TAX_FNCACT_CHIEF', 'TAX_FNCACT_CHIEF', 'TAX_FNCACT_CHIEF', 'SLFID_NATURAL_RESOURCES', 'WB_471_ECONOMIC_GROWTH', 'WB_1078_DETERMINANTS_OF_GROWTH', 'WB_1079_COMMODITIES_AND_RESOURCES', 'SOC_INNOVATION', 'AGRICULTURE', 'AGRICULTURE', 'EDUCATION', 'EDUCATION', 'EDUCATION', 'EDUCATION', 'SOC_POINTSOFINTEREST_UNIVERSITY', 'SOC_POINTSOFINTEREST_UNIVERSITY', 'SOC_POINTSOFINTEREST_UNIVERSITY', 'SOC_POINTSOFINTEREST_UNIVERSITY']",10.2439024390244
20260412101500-311,20260412101500,clactonandfrintongazette.co.uk,https://www.clactonandfrintongazette.co.uk/news/national/26013936.rachel-reeves-warns-cost-british-families-businesses-iran-war/,"['IDEOLOGY', 'CRISISLEX_CRISISLEXREC', 'CLOSURE', 'EPU_ECONOMY', 'EPU_ECONOMY_HISTORIC', 'TAX_FNCACT_MINISTER', 'ARMEDCONFLICT', 'EPU_CATS_NATIONAL_SECURITY', 'TAX_ECON_PRICE', 'TAX_ECON_PRICE', 'TAX_ECON_PRICE', 'TAX_ECON_PRICE', 'TAX_ECON_PRICE', 'TAX_ECON_PRICE', 'ALLIANCE', 'GENERAL_GOVERNMENT', 'GENERAL_GOVERNMENT', 'EPU_POLICY_GOVERNMENT', 'EPU_POLICY_GOVERNMENT', 'USPEC_POLICY1', 'EPU_UNCERTAINTY', 'MARITIME', 'TAX_FNCACT_GUIDE', 'TAX_FNCACT_CHANCELLOR', 'WB_1921_PRIVATE_SECTOR_DEVELOPMENT', 'WB_346_COMPETITIVE_INDUSTRIES', 'WB_818_INDUSTRY_POLICY_AND_REAL_SECTORS', 'WB_1281_MANUFACTURING', 'ENV_OIL', 'ENV_OIL', 'LEADER', 'TAX_FNCACT_PRIME_MINISTER', 'NEGOTIATIONS', 'WB_696_PUBLIC_SECTOR_MANAGEMENT', 'WB_840_JUSTICE', 'WB_2473_DIPLOMACY_AND_NEGOTIATIONS', 'WB_939_NEGOTIATION', 'WB_2470_PEACE_OPERATIONS_AND_CONFLICT_MANAGEMENT', 'WB_936_ALTERNATIVE_DISPUTE_RESOLUTION', 'WB_2432_FRAGILITY_CONFLICT_AND_VIOLENCE', 'WB_843_DISPUTE_RESOLUTION', 'WB_2471_PEACEKEEPING', 'WB_135_TRANSPORT', 'WMD', 'FUELPRICES', 'ECON_GASOLINEPRICE', 'ECON_HEATINGOIL', 'CEASEFIRE', 'CEASEFIRE']",0.460829493087557
20260412101500-312,20260412101500,fourfourtwo.com,https://www.fourfourtwo.com/quiz/pre-match-poser-no-22,[],3.76432078559738
20260412101500-313,20260412101500,pedestrian.tv,https://www.pedestrian.tv/entertainment/married-at-first-sight-bec-zacharia-emotional-tiktok-viral/,"['CRISISLEX_CRISISLEXREC', 'WB_566_ENVIRONMENT_AND_NATURAL_RESOURCES', 'WB_1777_FORESTS', 'WB_590_ECOSYSTEMS', 'UNGP_FORESTS_RIVERS_OCEANS', 'USPEC_POLITICS_GENERAL1', 'TAX_FNCACT_BRIDE', 'TAX_FNCACT_GROOM', 'DISASTER_FIRE', 'CRISISLEX_T01_CAUTION_ADVICE', 'CRISISLEX_O01_WEATHER']",-1.94174757281553
20260412101500-314,20260412101500,lebanondemocrat.com,https://www.lebanondemocrat.com/maconcounty/news/national/legendary-indian-singer-asha-bhosle-dies-aged-92/article_037918f5-5cae-56b3-9e57-137ba805d56c.html,"['TAX_FNCACT_MINISTER', 'MEDIA_MSM', 'TAX_FNCACT_ARTISTS', 'TAX_DISEASE_INFECTION', 'CRISISLEX_CRISISLEXREC', 'CRISISLEX_CRISISLEXREC', 'KILL', 'KILL', 'CRISISLEX_T03_DEAD', 'CRISISLEX_T03_DEAD', 'GENERAL_HEALTH', 'MEDICAL', 'SOC_POINTSOFINTEREST_HOSPITAL', 'CRISISLEX_C03_WELLBEING_HEALTH', 'WB_2670_JOBS', 'WB_696_PUBLIC_SECTOR_MANAGEMENT', 'WB_2048_COMPENSATION_CAREERS_AND_INCENTIVES', 'WB_723_PUBLIC_ADMINISTRATION', 'WB_724_HUMAN_RESOURCES_FOR_PUBLIC_SECTOR', 'TAX_FNCACT_CHILD', 'TAX_ETHNICITY_ARAB', 'TAX_FNCACT_ELDER', 'WB_1609_FOOD_AND_IN_KIND_TRANSFERS', 'WB_1620_ELDERLY', 'WB_1466_SOCIAL_ASSISTANCE', 'WB_1618_FOOD_DISTRIBUTION', 'WB_697_SOCIAL_PROTECTION_AND_LABOR', 'TAX_ETHNICITY_INDIAN', 'TAX_ETHNICITY_INDIAN', 'TAX_ETHNICITY_INDIAN', 'TAX_FNCACT_SINGER', 'TAX_FNCACT_FATHER', 'TAX_FNCACT_NOMINEE', 'LEADER', 'TAX_FNCACT_PRIME_MINISTER', 'WB_1979_NATURAL_RESOURCE_MANAGEMENT', 'WB_435_AGRICULTURE_AND_FOOD_SECURITY', 'WB_1986_MOUNTAINS']",1.76678445229682
20260412101500-315,20260412101500,kashmirreader.com,https://kashmirreader.com/2026/04/12/11-drug-peddlers-held-across-jk/,"['PUBLIC_TRANSPORT', 'TAX_FNCACT_PEDDLER', 'TAX_FNCACT_PEDDLER', 'CRIME_ILLEGAL_DRUGS', 'CRIME_ILLEGAL_DRUGS', 'CRIME_ILLEGAL_DRUGS', 'CRIME_ILLEGAL_DRUGS', 'CRIME_ILLEGAL_DRUGS', 'CRIME_ILLEGAL_DRUGS', 'WB_2024_ANTI_CORRUPTION_AUTHORITIES', 'WB_696_PUBLIC_SECTOR_MANAGEMENT', 'WB_840_JUSTICE', 'WB_2025_INVESTIGATION', 'WB_831_GOVERNANCE', 'WB_832_ANTI_CORRUPTION', 'WB_1014_CRIMINAL_JUSTICE', 'SECURITY_SERVICES', 'SECURITY_SERVICES', 'SECURITY_SERVICES', 'TAX_FNCACT_POLICE', 'TAX_FNCACT_POLICE', 'TAX_FNCACT_POLICE', 'TAX_FNCACT_SPOKESMAN', 'TAX_FNCACT_SPOKESMAN', 'TAX_FNCACT_SPOKESMAN', 'WB_168_ROADS_AND_HIGHWAYS', 'WB_135_TRANSPORT', 'WB_1809_HIGHWAYS', 'WB_1803_TRANSPORT_INFRASTRUCTURE', 'ARREST', 'ARREST', 'ARREST', 'ARREST', 'ARREST', 'ARREST', 'SOC_GENERALCRIME', 'SOC_GENERALCRIME', 'SOC_GENERALCRIME', 'SOC_GENERALCRIME', 'SOC_GENERALCRIME', 'SOC_GENERALCRIME', 'CRISISLEX_C07_SAFETY', 'CRISISLEX_C07_SAFETY', 'CRISISLEX_C07_SAFETY', 'CRISISLEX_C07_SAFETY', 'CRISISLEX_C07_SAFETY', 'CRISISLEX_C07_SAFETY', 'SEIGE', 'SEIGE', 'CHECKPOINT', 'CHECKPOINT', 'UNREST_CHECKPOINT', 'UNREST_CHECKPOINT', 'DRUG_TRADE', 'DRUG_TRADE', 'DRUG_TRADE', 'DRUG_TRADE', 'DRUG_TRADE', 'WB_1331_HEALTH_TECHNOLOGIES', 'WB_1331_HEALTH_TECHNOLOGIES', 'WB_1331_HEALTH_TECHNOLOGIES', 'WB_1331_HEALTH_TECHNOLOGIES', 'WB_1331_HEALTH_TECHNOLOGIES', 'WB_2453_ORGANIZED_CRIME', 'WB_2453_ORGANIZED_CRIME', 'WB_2453_ORGANIZED_CRIME', 'WB_2453_ORGANIZED_CRIME', 'WB_2453_ORGANIZED_CRIME', 'WB_1350_PHARMACEUTICALS', 'WB_1350_PHARMACEUTICALS', 'WB_1350_PHARMACEUTICALS', 'WB_1350_PHARMACEUTICALS', 'WB_1350_PHARMACEUTICALS', 'WB_2433_CONFLICT_AND_VIOLENCE', 'WB_2433_CONFLICT_AND_VIOLENCE', 'WB_2433_CONFLICT_AND_VIOLENCE', 'WB_2433_CONFLICT_AND_VIOLENCE', 'WB_2433_CONFLICT_AND_VIOLENCE', 'WB_621_HEALTH_NUTRITION_AND_POPULATION', 'WB_621_HEALTH_NUTRITION_AND_POPULATION', 'WB_621_HEALTH_NUTRITION_AND_POPULATION', 'WB_621_HEALTH_NUTRITION_AND_POPULATION', 'WB_621_HEALTH_NUTRITION_AND_POPULATION', 'WB_2432_FRAGILITY_CONFLICT_AND_VIOLENCE', 'WB_2432_FRAGILITY_CONFLICT_AND_VIOLENCE', 'WB_2432_FRAGILITY_CONFLICT_AND_VIOLENCE', 'WB_2432_FRAGILITY_CONFLICT_AND_VIOLENCE', 'WB_2432_FRAGILITY_CONFLICT_AND_VIOLENCE', 'WB_2456_DRUGS_AND_NARCOTICS', 'WB_2456_DRUGS_AND_NARCOTICS', 'WB_2456_DRUGS_AND_NARCOTICS', 'WB_2456_DRUGS_AND_NARCOTICS', 'WB_2456_DRUGS_AND_NARCOTICS', 'SEIZE', 'SEIZE']",-2.40384615384615
20260412101500-316,20260412101500,limerickleader.ie,https://www.limerickleader.ie/news/farming/2057034/residential-farm-extending-to-46-acres-in-county-limerick-sells-at-auction.html,"['TAX_ECON_PRICE', 'TAX_FNCACT_AGENT', 'TAX_FNCACT_DAIRY_FARMER', 'TAX_FNCACT_MAN', 'TAX_FNCACT_FARMER', 'TAX_FNCACT_AUCTIONEER', 'AGRICULTURE', 'AGRICULTURE', 'AGRICULTURE', 'TAX_FNCACT_VENDOR']",2.47933884297521
20260412101500-317,20260412101500,pakistantoday.com.pk,https://www.pakistantoday.com.pk/2026/04/12/federal-education-system-faces-governance-strain-as-three-major-bodies-lack-permanent-heads,"['EPU_CATS_MIGRATION_FEAR_FEAR', 'GENERAL_GOVERNMENT', 'EPU_POLICY_GOVERNMENT', 'SOC_POINTSOFINTEREST_SCHOOLS', 'KILL', 'TRANSPARENCY', 'RESIGNATION', 'TAX_FNCACT_CHILDREN', 'EDUCATION', 'EDUCATION', 'EDUCATION', 'EDUCATION', 'EDUCATION', 'EDUCATION', 'EDUCATION', 'EDUCATION', 'WB_470_EDUCATION', 'WB_470_EDUCATION', 'WB_470_EDUCATION', 'WB_470_EDUCATION', 'WB_470_EDUCATION', 'WB_470_EDUCATION', 'WB_470_EDUCATION', 'WB_470_EDUCATION', 'TAX_FNCACT_OFFICIALS', 'TAX_FNCACT_OFFICIALS', 'TAX_FNCACT_OFFICIALS', 'TAX_FNCACT_OFFICIALS', 'TAX_FNCACT_CANDIDATE', 'TAX_FNCACT_CANDIDATE', 'TAX_FNCACT_OFFICIAL', 'EPU_POLICY_REGULATORY', 'DELAY', 'USPEC_UNCERTAINTY1', 'CRISISLEX_C04_LOGISTICS_TRANSPORT', 'RECRUITMENT', 'SOC_POINTSOFINTEREST_COLLEGES', 'TAX_FNCACT_SECRETARY', 'TAX_FNCACT_SECRETARY', 'APPOINTMENT', 'TAX_FNCACT_DIRECTOR', 'TAX_FNCACT_CHAIRPERSON', 'TAX_FNCACT_CHAIRPERSON', 'TAX_FNCACT_CHAIRPERSON']",0.555555555555556
20260412101500-318,20260412101500,athens-times.com,https://athens-times.com/corinthia-19-year-old-loses-finger-in-spear-firework-accident-friend-injured-in-eye/,"['TAX_ETHNICITY_GREEK', 'TAX_WORLDLANGUAGES_GREEK', 'WOUND', 'WOUND', 'TAX_DISEASE_AMPUTATION', 'GOV_LOCALGOV', 'TAX_FNCACT_AUTHORITIES', 'EPU_POLICY_AUTHORITIES', 'GENERAL_HEALTH', 'GENERAL_HEALTH', 'SOC_POINTSOFINTEREST_HOSPITAL', 'SOC_POINTSOFINTEREST_HOSPITAL', 'CRISISLEX_C03_WELLBEING_HEALTH', 'CRISISLEX_C03_WELLBEING_HEALTH', 'MEDICAL', 'SOC_POINTSOFINTEREST_HOSPITALS', 'PROTEST', 'STRIKE', 'WB_1428_INJURY', 'WB_1406_DISEASES', 'WB_621_HEALTH_NUTRITION_AND_POPULATION', 'WB_1427_NON_COMMUNICABLE_DISEASE_AND_INJURY', 'CRISISLEX_CRISISLEXREC', 'CRISISLEX_T02_INJURED']",-8.10810810810811
20260412101500-319,20260412101500,camdencourier.com.au,https://www.camdencourier.com.au/story/9220104/aurizon-coal-workers-strike-30-hours-over-pay-dispute/,"['MEDIA_MSM', 'TAX_FNCACT_JOURNALIST', 'NEGOTIATIONS', 'NEGOTIATIONS', 'NEGOTIATIONS', 'NEGOTIATIONS', 'NEGOTIATIONS', 'WB_696_PUBLIC_SECTOR_MANAGEMENT', 'WB_696_PUBLIC_SECTOR_MANAGEMENT', 'WB_696_PUBLIC_SECTOR_MANAGEMENT', 'WB_696_PUBLIC_SECTOR_MANAGEMENT', 'WB_696_PUBLIC_SECTOR_MANAGEMENT', 'WB_840_JUSTICE', 'WB_840_JUSTICE', 'WB_840_JUSTICE', 'WB_840_JUSTICE', 'WB_840_JUSTICE', 'WB_2473_DIPLOMACY_AND_NEGOTIATIONS', 'WB_2473_DIPLOMACY_AND_NEGOTIATIONS', 'WB_2473_DIPLOMACY_AND_NEGOTIATIONS', 'WB_2473_DIPLOMACY_AND_NEGOTIATIONS', 'WB_2473_DIPLOMACY_AND_NEGOTIATIONS', 'WB_939_NEGOTIATION', 'WB_939_NEGOTIATION', 'WB_939_NEGOTIATION', 'WB_939_NEGOTIATION', 'WB_939_NEGOTIATION', 'WB_2470_PEACE_OPERATIONS_AND_CONFLICT_MANAGEMENT', 'WB_2470_PEACE_OPERATIONS_AND_CONFLICT_MANAGEMENT', 'WB_2470_PEACE_OPERATIONS_AND_CONFLICT_MANAGEMENT', 'WB_2470_PEACE_OPERATIONS_AND_CONFLICT_MANAGEMENT', 'WB_2470_PEACE_OPERATIONS_AND_CONFLICT_MANAGEMENT', 'WB_936_ALTERNATIVE_DISPUTE_RESOLUTION', 'WB_936_ALTERNATIVE_DISPUTE_RESOLUTION', 'WB_936_ALTERNATIVE_DISPUTE_RESOLUTION', 'WB_936_ALTERNATIVE_DISPUTE_RESOLUTION', 'WB_936_ALTERNATIVE_DISPUTE_RESOLUTION', 'WB_2432_FRAGILITY_CONFLICT_AND_VIOLENCE', 'WB_2432_FRAGILITY_CONFLICT_AND_VIOLENCE', 'WB_2432_FRAGILITY_CONFLICT_AND_VIOLENCE', 'WB_2432_FRAGILITY_CONFLICT_AND_VIOLENCE', 'WB_2432_FRAGILITY_CONFLICT_AND_VIOLENCE', 'WB_843_DISPUTE_RESOLUTION', 'WB_843_DISPUTE_RESOLUTION', 'WB_843_DISPUTE_RESOLUTION', 'WB_843_DISPUTE_RESOLUTION', 'WB_843_DISPUTE_RESOLUTION', 'WB_2471_PEACEKEEPING', 'WB_2471_PEACEKEEPING', 'WB_2471_PEACEKEEPING', 'WB_2471_PEACEKEEPING', 'WB_2471_PEACEKEEPING', 'TAX_FNCACT_SKILLED_WORKERS', 'WB_2725_CATEGORIES_OF_WORKERS', 'WB_2732_SKILLED_WORKERS', 'WB_856_WAGES', 'WB_856_WAGES', 'WB_856_WAGES', 'WB_1654_ACTIVE_LABOR_MARKET_POLICIES', 'WB_1654_ACTIVE_LABOR_MARKET_POLICIES', 'WB_1654_ACTIVE_LABOR_MARKET_POLICIES', 'WB_855_LABOR_MARKETS', 'WB_855_LABOR_MARKETS', 'WB_855_LABOR_MARKETS', 'WB_697_SOCIAL_PROTECTION_AND_LABOR', 'WB_697_SOCIAL_PROTECTION_AND_LABOR', 'WB_697_SOCIAL_PROTECTION_AND_LABOR', 'ECON_UNIONS', 'CRISISLEX_C04_LOGISTICS_TRANSPORT', 'CRISISLEX_C07_SAFETY', 'TAX_ECON_PRICE', 'TAX_FNCACT_REPORTER', 'ECON_PAY_CUTS', 'UNGP_JOB_OPPORTUNITIES_EMPLOYMENT', 'CRISISLEX_O02_RESPONSEAGENCIESATCRISIS', 'CRISISLEX_O02_RESPONSEAGENCIESATCRISIS', 'CRISISLEX_O02_RESPONSEAGENCIESATCRISIS', 'CRISISLEX_CRISISLEXREC', 'CRISISLEX_CRISISLEXREC', 'CRISISLEX_CRISISLEXREC', 'CRISISLEX_CRISISLEXREC', 'DELAY', 'TAX_FNCACT_SUPERVISORS', 'TAX_FNCACT_HUNTER', 'TAX_FNCACT_HUNTER', 'TAX_FNCACT_HUNTER', 'ENV_COAL', 'ENV_COAL', 'ENV_COAL', 'ENV_COAL', 'ENV_COAL', 'ENV_COAL', 'USPEC_POLICY1', 'EPU_ECONOMY', 'EPU_ECONOMY_HISTORIC', 'EPU_ECONOMY_HISTORIC', 'EPU_ECONOMY_HISTORIC', 'TAX_FNCACT_NEWS_REPORTER', 'ARMEDCONFLICT', 'TAX_FNCACT_SECRETARY', 'TAX_FNCACT_EMPLOYER', 'WB_2690_CATEGORIES_OF_EMPLOYMENT', 'WB_2670_JOBS', 'WB_2689_JOBS_DIAGNOSTICS', 'WB_2704_EMPLOYER', 'BULLYING', 'UNGP_FREEDOM_FROM_DISCRIMINATION', 'TAX_FNCACT_WORKERS', 'TAX_FNCACT_WORKERS', 'TAX_FNCACT_WORKERS', 'TAX_FNCACT_WORKERS', 'TAX_FNCACT_WORKERS', 'TAX_FNCACT_WORKERS', 'TAX_FNCACT_WORKERS', 'TAX_FNCACT_WORKERS', 'TAX_FNCACT_WORKERS', 'TAX_FNCACT_WORKERS', 'TAX_FNCACT_WORKERS', 'TAX_FNCACT_WORKERS', 'TAX_FNCACT_WORKERS', 'TAX_FNCACT_EMPLOYEES', 'UNGP_FORESTS_RIVERS_OCEANS', 'TAX_FNCACT_SPOKESPERSON', 'TAX_FNCACT_SPOKESPERSON', 'TAX_FNCACT_REGULATOR', 'MANMADE_DISASTER_IMPLIED', 'MANMADE_DISASTER_IMPLIED', 'MANMADE_DISASTER_IMPLIED', 'MANMADE_DISASTER_IMPLIED', 'PUBLIC_TRANSPORT', 'PUBLIC_TRANSPORT', 'PUBLIC_TRANSPORT', 'PUBLIC_TRANSPORT', 'TAX_DISEASE_EMERGENCIES', 'UNGP_CRIME_VIOLENCE', 'TAX_FNCACT_DRIVERS']",-1.22324159021407
20260412101500-320,20260412101500,wild941.com,https://wild941.com/2026/04/12/this-day-in-top-40-history-april-12/,"['ARMEDCONFLICT', 'USPEC_POLICY1', 'EPU_POLICY_SPENDING', 'CRISISLEX_T11_UPDATESSYMPATHY', 'TAX_FNCACT_QUEEN', 'TAX_FNCACT_PRODUCER', 'MEDIA_MSM', 'WB_2670_JOBS', 'WB_696_PUBLIC_SECTOR_MANAGEMENT', 'WB_2048_COMPENSATION_CAREERS_AND_INCENTIVES', 'WB_723_PUBLIC_ADMINISTRATION', 'WB_724_HUMAN_RESOURCES_FOR_PUBLIC_SECTOR', 'KILL', 'CRISISLEX_T03_DEAD', 'CRISISLEX_CRISISLEXREC']",4.36363636363636
20260412101500-321,20260412101500,f4wonline.com,https://www.f4wonline.com/podcasts/wrestling-observer-radio/wor-aew-dynasty-tna-ppv-smackdown-ufc-and-more/,"['TAX_WORLDMAMMALS_WOLF', 'ARMEDCONFLICT', 'REBELLION', 'REBELS', 'WB_678_DIGITAL_GOVERNMENT', 'WB_694_BROADCAST_AND_MEDIA', 'WB_133_INFORMATION_AND_COMMUNICATION_TECHNOLOGIES', 'MEDIA_MSM']",-0.862068965517241
20260412101500-322,20260412101500,eadt.co.uk,https://www.eadt.co.uk/news/national/26014070.eamonn-holmes-doing-okay-following-stroke-says-son/,"['GENERAL_HEALTH', 'MEDICAL', 'CRISISLEX_C03_WELLBEING_HEALTH', 'TAX_FNCACT_CHIEF_EXECUTIVE', 'AFFECT', 'TAX_FNCACT_FATHER', 'TAX_DISEASE_STROKE', 'TAX_DISEASE_STROKE', 'MANMADE_DISASTER_IMPLIED', 'TAX_FNCACT_EXECUTIVE', 'LEGISLATION', 'EPU_POLICY_LAW', 'WB_1160_SHOCKS_AND_VULNERABILITY', 'WB_1160_SHOCKS_AND_VULNERABILITY', 'WB_695_POVERTY', 'WB_695_POVERTY', 'SOC_POINTSOFINTEREST_HOSPITAL', 'SOC_POINTSOFINTEREST_HOSPITAL', 'WB_2670_JOBS', 'WB_696_PUBLIC_SECTOR_MANAGEMENT', 'WB_2048_COMPENSATION_CAREERS_AND_INCENTIVES', 'WB_723_PUBLIC_ADMINISTRATION', 'WB_724_HUMAN_RESOURCES_FOR_PUBLIC_SECTOR', 'TAX_FNCACT_SPOKESPERSON', 'TAX_FNCACT_CHIEF', 'TAX_FNCACT_PRESENTER']",0.87719298245614
20260412101500-323,20260412101500,mangalorean.com,https://www.mangalorean.com/andhra-endowments-assistant-commissioner-suspended-in-disproportionate-assets-case/,"['ALLIANCE', 'TAX_FNCACT_EMPLOYEE', 'GENERAL_GOVERNMENT', 'GENERAL_GOVERNMENT', 'GENERAL_GOVERNMENT', 'GENERAL_GOVERNMENT', 'EPU_POLICY_GOVERNMENT', 'EPU_POLICY_GOVERNMENT', 'EPU_POLICY_GOVERNMENT', 'EPU_POLICY_GOVERNMENT', 'WB_2024_ANTI_CORRUPTION_AUTHORITIES', 'WB_2026_PREVENTION', 'CRISISLEX_C04_LOGISTICS_TRANSPORT', 'CRISISLEX_C04_LOGISTICS_TRANSPORT', 'CRISISLEX_C04_LOGISTICS_TRANSPORT', 'CRISISLEX_C04_LOGISTICS_TRANSPORT', 'CRISISLEX_C04_LOGISTICS_TRANSPORT', 'TAKE_OFFICE', 'WB_2936_GOLD', 'WB_507_ENERGY_AND_EXTRACTIVES', 'WB_895_MINING_SYSTEMS', 'WB_1699_METAL_ORE_MINING', 'ARREST', 'CRISISLEX_CRISISLEXREC', 'WB_2937_SILVER', 'TAX_FNCACT_OFFICIALS', 'TAX_FNCACT_CRIMINAL', 'SEIZE', 'TAX_FNCACT_OFFICIAL', 'CORRUPTION', 'WB_696_PUBLIC_SECTOR_MANAGEMENT', 'WB_831_GOVERNANCE', 'WB_832_ANTI_CORRUPTION', 'TAX_WORLDLANGUAGES_ANDHRA', 'TAX_WORLDLANGUAGES_ANDHRA', 'TAX_WORLDLANGUAGES_ANDHRA', 'TAX_FNCACT_COMMISSIONER', 'TAX_FNCACT_COMMISSIONER', 'TAX_FNCACT_COMMISSIONER', 'TAX_FNCACT_COMMISSIONER', 'TAX_FNCACT_COMMISSIONER', 'APPOINTMENT', 'TAX_FNCACT_ASSISTANT', 'TAX_FNCACT_ASSISTANT', 'TAX_FNCACT_ASSISTANT', 'TAX_FNCACT_ASSISTANT', 'RECRUITMENT', 'SOC_GENERALCRIME', 'CRISISLEX_C07_SAFETY']",-5.78034682080925
20260412101500-324,20260412101500,northwichguardian.co.uk,https://www.northwichguardian.co.uk/news/national/26014070.eamonn-holmes-doing-okay-following-stroke-says-son/,"['TAX_FNCACT_FATHER', 'AFFECT', 'TAX_FNCACT_CHIEF_EXECUTIVE', 'GENERAL_HEALTH', 'MEDICAL', 'CRISISLEX_C03_WELLBEING_HEALTH', 'LEGISLATION', 'EPU_POLICY_LAW', 'WB_1160_SHOCKS_AND_VULNERABILITY', 'WB_1160_SHOCKS_AND_VULNERABILITY', 'WB_695_POVERTY', 'WB_695_POVERTY', 'TAX_FNCACT_EXECUTIVE', 'TAX_DISEASE_STROKE', 'TAX_DISEASE_STROKE', 'MANMADE_DISASTER_IMPLIED', 'TAX_FNCACT_SPOKESPERSON', 'WB_2670_JOBS', 'WB_696_PUBLIC_SECTOR_MANAGEMENT', 'WB_2048_COMPENSATION_CAREERS_AND_INCENTIVES', 'WB_723_PUBLIC_ADMINISTRATION', 'WB_724_HUMAN_RESOURCES_FOR_PUBLIC_SECTOR', 'SOC_POINTSOFINTEREST_HOSPITAL', 'SOC_POINTSOFINTEREST_HOSPITAL', 'TAX_FNCACT_PRESENTER', 'TAX_FNCACT_CHIEF']",0.87719298245614
20260412101500-325,20260412101500,eadt.co.uk,https://www.eadt.co.uk/news/26014013.firefighters-called-mildenhall-woods-bracken-blaze/,"['UNGP_FORESTS_RIVERS_OCEANS', 'CRISISLEX_CRISISLEXREC', 'DISASTER_FIRE', 'CRISISLEX_T01_CAUTION_ADVICE', 'WB_137_WATER']",0.0
20260412101500-326,20260412101500,kashmirreader.com,https://kashmirreader.com/2026/04/12/100-day-drug-free-jk-drug-smugglers-assets-will-be-seized-ringleaders-prosecuted-lg-sinha/,"['CONFISCATION', 'CONFISCATION', 'LEADER', 'LEADER', 'LEADER', 'LEADER', 'LEADER', 'LEADER', 'LEADER', 'LEADER', 'LEADER', 'LEADER', 'LEADER', 'LEADER', 'LEADER', 'TAX_FNCACT_GOVERNOR', 'TAX_FNCACT_GOVERNOR', 'TAX_FNCACT_GOVERNOR', 'TAX_FNCACT_GOVERNOR', 'TAX_FNCACT_GOVERNOR', 'TAX_FNCACT_GOVERNOR', 'TAX_FNCACT_GOVERNOR', 'TAX_FNCACT_GOVERNOR', 'TAX_FNCACT_GOVERNOR', 'TAX_FNCACT_GOVERNOR', 'TAX_FNCACT_GOVERNOR', 'TAX_FNCACT_GOVERNOR', 'TAX_FNCACT_GOVERNOR', 'TAX_MILITARY_TITLE_LIEUTENANT', 'TAX_MILITARY_TITLE_LIEUTENANT', 'TAX_MILITARY_TITLE_LIEUTENANT', 'TAX_MILITARY_TITLE_LIEUTENANT', 'TAX_MILITARY_TITLE_LIEUTENANT', 'TAX_MILITARY_TITLE_LIEUTENANT', 'TAX_MILITARY_TITLE_LIEUTENANT', 'TAX_MILITARY_TITLE_LIEUTENANT', 'TAX_MILITARY_TITLE_LIEUTENANT', 'TAX_MILITARY_TITLE_LIEUTENANT', 'TAX_MILITARY_TITLE_LIEUTENANT', 'TAX_MILITARY_TITLE_LIEUTENANT', 'TAX_MILITARY_TITLE_LIEUTENANT', 'TAX_FNCACT_LIEUTENANT', 'TAX_FNCACT_LIEUTENANT', 'TAX_FNCACT_LIEUTENANT', 'TAX_FNCACT_LIEUTENANT', 'TAX_FNCACT_LIEUTENANT', 'TAX_FNCACT_LIEUTENANT', 'TAX_FNCACT_LIEUTENANT', 'TAX_FNCACT_LIEUTENANT', 'TAX_FNCACT_LIEUTENANT', 'TAX_FNCACT_LIEUTENANT', 'TAX_FNCACT_LIEUTENANT', 'TAX_FNCACT_LIEUTENANT', 'TAX_FNCACT_LIEUTENANT', 'TAX_FNCACT_OFFICIALS', 'TAX_FNCACT_LIEUTENANT_GOVERNOR', 'TAX_FNCACT_LIEUTENANT_GOVERNOR', 'TAX_FNCACT_LIEUTENANT_GOVERNOR', 'TAX_FNCACT_LIEUTENANT_GOVERNOR', 'TAX_FNCACT_LIEUTENANT_GOVERNOR', 'TAX_FNCACT_LIEUTENANT_GOVERNOR', 'TAX_FNCACT_LIEUTENANT_GOVERNOR', 'TAX_FNCACT_LIEUTENANT_GOVERNOR', 'TAX_FNCACT_LIEUTENANT_GOVERNOR', 'TAX_FNCACT_LIEUTENANT_GOVERNOR', 'TAX_FNCACT_LIEUTENANT_GOVERNOR', 'TAX_FNCACT_LIEUTENANT_GOVERNOR', 'TAX_FNCACT_LIEUTENANT_GOVERNOR', 'WB_1331_HEALTH_TECHNOLOGIES', 'WB_1331_HEALTH_TECHNOLOGIES', 'WB_1331_HEALTH_TECHNOLOGIES', 'WB_1331_HEALTH_TECHNOLOGIES', 'WB_1331_HEALTH_TECHNOLOGIES', 'WB_1331_HEALTH_TECHNOLOGIES', 'WB_1331_HEALTH_TECHNOLOGIES', 'WB_1331_HEALTH_TECHNOLOGIES', 'WB_1331_HEALTH_TECHNOLOGIES', 'WB_1331_HEALTH_TECHNOLOGIES', 'WB_1331_HEALTH_TECHNOLOGIES', 'WB_1331_HEALTH_TECHNOLOGIES', 'WB_1331_HEALTH_TECHNOLOGIES', 'WB_1331_HEALTH_TECHNOLOGIES', 'WB_1331_HEALTH_TECHNOLOGIES', 'WB_1331_HEALTH_TECHNOLOGIES', 'WB_1331_HEALTH_TECHNOLOGIES', 'WB_2453_ORGANIZED_CRIME', 'WB_2453_ORGANIZED_CRIME', 'WB_2453_ORGANIZED_CRIME', 'WB_2453_ORGANIZED_CRIME', 'WB_2453_ORGANIZED_CRIME', 'WB_2453_ORGANIZED_CRIME', 'WB_2453_ORGANIZED_CRIME', 'WB_2453_ORGANIZED_CRIME', 'WB_2453_ORGANIZED_CRIME', 'WB_2453_ORGANIZED_CRIME', 'WB_2453_ORGANIZED_CRIME', 'WB_2453_ORGANIZED_CRIME', 'WB_2453_ORGANIZED_CRIME', 'WB_2453_ORGANIZED_CRIME', 'WB_2453_ORGANIZED_CRIME', 'WB_2453_ORGANIZED_CRIME', 'WB_2453_ORGANIZED_CRIME', 'WB_1350_PHARMACEUTICALS', 'WB_1350_PHARMACEUTICALS', 'WB_1350_PHARMACEUTICALS', 'WB_1350_PHARMACEUTICALS', 'WB_1350_PHARMACEUTICALS', 'WB_1350_PHARMACEUTICALS', 'WB_1350_PHARMACEUTICALS', 'WB_1350_PHARMACEUTICALS', 'WB_1350_PHARMACEUTICALS', 'WB_1350_PHARMACEUTICALS', 'WB_1350_PHARMACEUTICALS', 'WB_1350_PHARMACEUTICALS', 'WB_1350_PHARMACEUTICALS', 'WB_1350_PHARMACEUTICALS', 'WB_1350_PHARMACEUTICALS', 'WB_1350_PHARMACEUTICALS', 'WB_1350_PHARMACEUTICALS', 'WB_2433_CONFLICT_AND_VIOLENCE', 'WB_2433_CONFLICT_AND_VIOLENCE', 'WB_2433_CONFLICT_AND_VIOLENCE', 'WB_2433_CONFLICT_AND_VIOLENCE', 'WB_2433_CONFLICT_AND_VIOLENCE', 'WB_2433_CONFLICT_AND_VIOLENCE', 'WB_2433_CONFLICT_AND_VIOLENCE', 'WB_2433_CONFLICT_AND_VIOLENCE', 'WB_2433_CONFLICT_AND_VIOLENCE', 'WB_2433_CONFLICT_AND_VIOLENCE', 'WB_2433_CONFLICT_AND_VIOLENCE', 'WB_2433_CONFLICT_AND_VIOLENCE', 'WB_2433_CONFLICT_AND_VIOLENCE', 'WB_2433_CONFLICT_AND_VIOLENCE', 'WB_2433_CONFLICT_AND_VIOLENCE', 'WB_2433_CONFLICT_AND_VIOLENCE', 'WB_2433_CONFLICT_AND_VIOLENCE', 'WB_621_HEALTH_NUTRITION_AND_POPULATION', 'WB_621_HEALTH_NUTRITION_AND_POPULATION', 'WB_621_HEALTH_NUTRITION_AND_POPULATION', 'WB_621_HEALTH_NUTRITION_AND_POPULATION', 'WB_621_HEALTH_NUTRITION_AND_POPULATION', 'WB_621_HEALTH_NUTRITION_AND_POPULATION', 'WB_621_HEALTH_NUTRITION_AND_POPULATION', 'WB_621_HEALTH_NUTRITION_AND_POPULATION', 'WB_621_HEALTH_NUTRITION_AND_POPULATION', 'WB_621_HEALTH_NUTRITION_AND_POPULATION', 'WB_621_HEALTH_NUTRITION_AND_POPULATION', 'WB_621_HEALTH_NUTRITION_AND_POPULATION', 'WB_621_HEALTH_NUTRITION_AND_POPULATION', 'WB_621_HEALTH_NUTRITION_AND_POPULATION', 'WB_621_HEALTH_NUTRITION_AND_POPULATION', 'WB_621_HEALTH_NUTRITION_AND_POPULATION', 'WB_621_HEALTH_NUTRITION_AND_POPULATION', 'WB_2432_FRAGILITY_CONFLICT_AND_VIOLENCE', 'WB_2432_FRAGILITY_CONFLICT_AND_VIOLENCE', 'WB_2432_FRAGILITY_CONFLICT_AND_VIOLENCE', 'WB_2432_FRAGILITY_CONFLICT_AND_VIOLENCE', 'WB_2432_FRAGILITY_CONFLICT_AND_VIOLENCE', 'WB_2432_FRAGILITY_CONFLICT_AND_VIOLENCE', 'WB_2432_FRAGILITY_CONFLICT_AND_VIOLENCE', 'WB_2432_FRAGILITY_CONFLICT_AND_VIOLENCE', 'WB_2432_FRAGILITY_CONFLICT_AND_VIOLENCE', 'WB_2432_FRAGILITY_CONFLICT_AND_VIOLENCE', 'WB_2432_FRAGILITY_CONFLICT_AND_VIOLENCE', 'WB_2432_FRAGILITY_CONFLICT_AND_VIOLENCE', 'WB_2432_FRAGILITY_CONFLICT_AND_VIOLENCE', 'WB_2432_FRAGILITY_CONFLICT_AND_VIOLENCE', 'WB_2432_FRAGILITY_CONFLICT_AND_VIOLENCE', 'WB_2432_FRAGILITY_CONFLICT_AND_VIOLENCE', 'WB_2432_FRAGILITY_CONFLICT_AND_VIOLENCE', 'WB_2456_DRUGS_AND_NARCOTICS', 'WB_2456_DRUGS_AND_NARCOTICS', 'WB_2456_DRUGS_AND_NARCOTICS', 'WB_2456_DRUGS_AND_NARCOTICS', 'WB_2456_DRUGS_AND_NARCOTICS', 'WB_2456_DRUGS_AND_NARCOTICS', 'WB_2456_DRUGS_AND_NARCOTICS', 'WB_2456_DRUGS_AND_NARCOTICS', 'WB_2456_DRUGS_AND_NARCOTICS', 'WB_2456_DRUGS_AND_NARCOTICS', 'WB_2456_DRUGS_AND_NARCOTICS', 'WB_2456_DRUGS_AND_NARCOTICS', 'WB_2456_DRUGS_AND_NARCOTICS', 'WB_2456_DRUGS_AND_NARCOTICS', 'WB_2456_DRUGS_AND_NARCOTICS', 'WB_2456_DRUGS_AND_NARCOTICS', 'WB_2456_DRUGS_AND_NARCOTICS', 'WB_1406_DISEASES', 'WB_1406_DISEASES', 'WB_1406_DISEASES', 'WB_1406_DISEASES', 'WB_1437_SOCIAL_DETERMINANTS_FOR_HEALTH', 'WB_1437_SOCIAL_DETERMINANTS_FOR_HEALTH', 'WB_1437_SOCIAL_DETERMINANTS_FOR_HEALTH', 'WB_1437_SOCIAL_DETERMINANTS_FOR_HEALTH', 'WB_1438_ALCOHOL_AND_SUBSTANCE_ABUSE', 'WB_1438_ALCOHOL_AND_SUBSTANCE_ABUSE', 'WB_1438_ALCOHOL_AND_SUBSTANCE_ABUSE', 'WB_1438_ALCOHOL_AND_SUBSTANCE_ABUSE', 'WB_1427_NON_COMMUNICABLE_DISEASE_AND_INJURY', 'WB_1427_NON_COMMUNICABLE_DISEASE_AND_INJURY', 'WB_1427_NON_COMMUNICABLE_DISEASE_AND_INJURY', 'WB_1427_NON_COMMUNICABLE_DISEASE_AND_INJURY', 'TAX_FNCACT_REPRESENTATIVES']",-3.04302203567681
20260412101500-327,20260412101500,bunburymail.com.au,https://www.bunburymail.com.au/story/9220834/convicted-rapist-immigration-detainee-back-in-custody/,"['SECURITY_SERVICES', 'SECURITY_SERVICES', 'SECURITY_SERVICES', 'TAX_FNCACT_POLICE', 'TAX_FNCACT_POLICE', 'TAX_FNCACT_POLICE', 'CRISISLEX_C07_SAFETY', 'CRISISLEX_C07_SAFETY', 'CRISISLEX_C07_SAFETY', 'IDEOLOGY', 'USPEC_POLICY1', 'EPU_POLICY_POLICY', 'TAX_ETHNICITY_AUSTRALIAN', 'GENERAL_HEALTH', 'MEDICAL', 'SOC_POINTSOFINTEREST_HOSPITAL', 'CRISISLEX_C03_WELLBEING_HEALTH', 'IMMIGRATION', 'IMMIGRATION', 'IMMIGRATION', 'IMMIGRATION', 'IMMIGRATION', 'IMMIGRATION', 'WB_2670_JOBS', 'WB_2670_JOBS', 'WB_2670_JOBS', 'WB_2670_JOBS', 'WB_2670_JOBS', 'WB_2670_JOBS', 'WB_2769_JOBS_STRATEGIES', 'WB_2769_JOBS_STRATEGIES', 'WB_2769_JOBS_STRATEGIES', 'WB_2769_JOBS_STRATEGIES', 'WB_2769_JOBS_STRATEGIES', 'WB_2769_JOBS_STRATEGIES', 'WB_2837_IMMIGRATION', 'WB_2837_IMMIGRATION', 'WB_2837_IMMIGRATION', 'WB_2837_IMMIGRATION', 'WB_2837_IMMIGRATION', 'WB_2837_IMMIGRATION', 'WB_2836_MIGRATION_POLICIES_AND_JOBS', 'WB_2836_MIGRATION_POLICIES_AND_JOBS', 'WB_2836_MIGRATION_POLICIES_AND_JOBS', 'WB_2836_MIGRATION_POLICIES_AND_JOBS', 'WB_2836_MIGRATION_POLICIES_AND_JOBS', 'WB_2836_MIGRATION_POLICIES_AND_JOBS', 'EPU_CATS_MIGRATION_FEAR_MIGRATION', 'EPU_CATS_MIGRATION_FEAR_MIGRATION', 'EPU_CATS_MIGRATION_FEAR_MIGRATION', 'EPU_CATS_MIGRATION_FEAR_MIGRATION', 'EPU_CATS_MIGRATION_FEAR_MIGRATION', 'EPU_CATS_MIGRATION_FEAR_MIGRATION', 'TRIAL', 'ARREST', 'TAX_FNCACT_IMMIGRANTS', 'RAPE', 'UNGP_CRIME_VIOLENCE', 'UNGP_CRIME_VIOLENCE', 'TAX_MILITARY_TITLE_OFFICERS', 'TAX_FNCACT_OFFICERS', 'SOC_POINTSOFINTEREST_PRISON', 'TAX_FNCACT_CRIMINAL', 'WB_135_TRANSPORT', 'EPU_POLICY_POLITICAL', 'WB_2433_CONFLICT_AND_VIOLENCE', 'WB_2452_GANGS', 'WB_2445_NON_STATE_SECURITY_ACTORS', 'WB_696_PUBLIC_SECTOR_MANAGEMENT', 'WB_696_PUBLIC_SECTOR_MANAGEMENT', 'WB_696_PUBLIC_SECTOR_MANAGEMENT', 'WB_696_PUBLIC_SECTOR_MANAGEMENT', 'WB_696_PUBLIC_SECTOR_MANAGEMENT', 'WB_696_PUBLIC_SECTOR_MANAGEMENT', 'WB_840_JUSTICE', 'WB_840_JUSTICE', 'WB_840_JUSTICE', 'WB_840_JUSTICE', 'WB_840_JUSTICE', 'WB_840_JUSTICE', 'WB_2495_DETENTION_PRISON_AND_CORRECTIONS_REFORM', 'WB_2495_DETENTION_PRISON_AND_CORRECTIONS_REFORM', 'WB_2495_DETENTION_PRISON_AND_CORRECTIONS_REFORM', 'WB_2495_DETENTION_PRISON_AND_CORRECTIONS_REFORM', 'WB_2495_DETENTION_PRISON_AND_CORRECTIONS_REFORM', 'WB_2495_DETENTION_PRISON_AND_CORRECTIONS_REFORM', 'WB_2470_PEACE_OPERATIONS_AND_CONFLICT_MANAGEMENT', 'WB_2470_PEACE_OPERATIONS_AND_CONFLICT_MANAGEMENT', 'WB_2470_PEACE_OPERATIONS_AND_CONFLICT_MANAGEMENT', 'WB_2470_PEACE_OPERATIONS_AND_CONFLICT_MANAGEMENT', 'WB_2470_PEACE_OPERATIONS_AND_CONFLICT_MANAGEMENT', 'WB_2470_PEACE_OPERATIONS_AND_CONFLICT_MANAGEMENT', 'WB_2432_FRAGILITY_CONFLICT_AND_VIOLENCE', 'WB_2432_FRAGILITY_CONFLICT_AND_VIOLENCE', 'WB_2432_FRAGILITY_CONFLICT_AND_VIOLENCE', 'WB_2432_FRAGILITY_CONFLICT_AND_VIOLENCE', 'WB_2432_FRAGILITY_CONFLICT_AND_VIOLENCE', 'WB_2432_FRAGILITY_CONFLICT_AND_VIOLENCE', 'WB_1014_CRIMINAL_JUSTICE', 'WB_1014_CRIMINAL_JUSTICE', 'WB_1014_CRIMINAL_JUSTICE', 'WB_1014_CRIMINAL_JUSTICE', 'WB_1014_CRIMINAL_JUSTICE', 'WB_1014_CRIMINAL_JUSTICE', 'WB_2490_NATIONAL_PROTECTION_AND_SECURITY', 'WB_2490_NATIONAL_PROTECTION_AND_SECURITY', 'WB_2490_NATIONAL_PROTECTION_AND_SECURITY', 'WB_2490_NATIONAL_PROTECTION_AND_SECURITY', 'WB_2490_NATIONAL_PROTECTION_AND_SECURITY', 'WB_2490_NATIONAL_PROTECTION_AND_SECURITY', 'SOC_GENERALCRIME']",-8.10810810810811
20260412101500-328,20260412101500,pakistantoday.com.pk,https://www.pakistantoday.com.pk/2026/04/12/un-agency-chiefs-urge-accountability-over-war-law-violations-in-middle-east,"['WB_137_WATER', 'FUELPRICES', 'USPEC_POLITICS_GENERAL1', 'TRANSPARENCY', 'TAX_WORLDMAMMALS_HUMAN', 'WB_1383_HEALTH_MANAGEMENT_AND_ADMINISTRATION', 'WB_1383_HEALTH_MANAGEMENT_AND_ADMINISTRATION', 'WB_631_HUMAN_RESOURCES_FOR_HEALTH', 'WB_631_HUMAN_RESOURCES_FOR_HEALTH', 'WB_621_HEALTH_NUTRITION_AND_POPULATION', 'WB_621_HEALTH_NUTRITION_AND_POPULATION', 'TAX_FNCACT_AID_WORKERS', 'SLFID_ECONOMIC_DEVELOPMENTAID', 'CRISISLEX_O02_RESPONSEAGENCIESATCRISIS', 'TAX_FNCACT_CHIEFS', 'TAX_FNCACT_CHIEFS', 'TAX_FNCACT_CHIEFS', 'WB_2433_CONFLICT_AND_VIOLENCE', 'WB_2462_POLITICAL_VIOLENCE_AND_WAR', 'TAX_ETHNICITY_PALESTINIAN', 'TAX_ECON_PRICE', 'UNGP_FORESTS_RIVERS_OCEANS', 'ARMEDCONFLICT', 'ARMEDCONFLICT', 'ARMEDCONFLICT', 'EPU_CATS_NATIONAL_SECURITY', 'EPU_CATS_NATIONAL_SECURITY', 'EPU_CATS_NATIONAL_SECURITY', 'SOC_POINTSOFINTEREST_HOSPITALS', 'TAX_FNCACT_WOMEN', 'LEGISLATION', 'LEGISLATION', 'EPU_POLICY_LAW', 'EPU_POLICY_LAW', 'SELF_IDENTIFIED_HUMAN_RIGHTS', 'UNGP_CRIME_VIOLENCE', 'GENERAL_HEALTH', 'GENERAL_HEALTH', 'GENERAL_HEALTH', 'MEDICAL', 'MEDICAL', 'MEDICAL', 'MARITIME_INCIDENT', 'MARITIME', 'MANMADE_DISASTER_IMPLIED', 'WB_2203_HUMAN_RIGHTS', 'WB_2514_HUMAN_RIGHTS_NORMS_AND_MECHANISMS', 'WB_2516_HUMANITARIAN_LAW', 'WB_2432_FRAGILITY_CONFLICT_AND_VIOLENCE', 'TAX_FNCACT_CHILDREN', 'TAX_FNCACT_CHILDREN', 'KILL', 'CRISISLEX_CRISISLEXREC', 'CRISISLEX_T02_INJURED', 'CRISISLEX_T03_DEAD', 'EDUCATION', 'SOC_POINTSOFINTEREST_SCHOOLS', 'AFFECT', 'DISPLACED', 'WB_635_PUBLIC_HEALTH', 'WB_2165_HEALTH_EMERGENCIES', 'WB_1324_EMERGENCY_MEDICAL_SERVICES', 'TAX_FNCACT_CHIEF', 'WB_845_LEGAL_AND_REGULATORY_FRAMEWORK', 'WB_696_PUBLIC_SECTOR_MANAGEMENT', 'WB_962_INTERNATIONAL_LAW', 'WOUND', 'WOUND', 'CRISISLEX_C03_WELLBEING_HEALTH', 'CRISISLEX_C03_WELLBEING_HEALTH', 'TAX_FNCACT_WORKERS', 'TAX_FNCACT_WORKERS', 'TAX_FNCACT_WORKERS', 'EPU_CATS_MIGRATION_FEAR_FEAR']",-5.78034682080925
20260412101500-329,20260412101500,knpr.org,https://knpr.org/npr/2026-04-12/the-real-space-science-behind-project-hail-mary,"['TAX_WORLDMAMMALS_WOLF', 'TAX_FNCACT_SCIENTIST', 'TAX_FNCACT_SCIENTIST', 'PROTEST', 'TAX_FNCACT_PROFESSOR', 'TAX_FNCACT_PROFESSOR', 'TAX_FNCACT_PROFESSOR', 'TAX_FNCACT_PROFESSOR', 'TAX_FNCACT_PROFESSOR', 'TAX_FNCACT_PROFESSOR', 'TAX_FNCACT_ASTRONAUT', 'SCIENCE', 'SCIENCE', 'SCIENCE', 'SCIENCE', 'SCIENCE', 'AFFECT', 'TAX_WORLDMAMMALS_WHALE', 'UNGP_FORESTS_RIVERS_OCEANS', 'CRISISLEX_CRISISLEXREC', 'TAX_WORLDMAMMALS_HUMAN', 'TAX_WORLDMAMMALS_HUMAN', 'TAX_WORLDMAMMALS_HUMAN', 'TAX_WORLDMAMMALS_HUMAN', 'TAX_WORLDMAMMALS_HUMAN', 'TAX_DISEASE_BACTERIA', 'TAX_FNCACT_TEACHER', 'RECRUITMENT', 'RECRUITMENT', 'RECRUITMENT', 'EDUCATION', 'EDUCATION', 'EDUCATION', 'EDUCATION', 'EDUCATION', 'MANMADE_DISASTER_IMPLIED', 'MANMADE_DISASTER_IMPLIED', 'MANMADE_DISASTER_IMPLIED', 'MANMADE_DISASTER_IMPLIED', 'MANMADE_DISASTER_IMPLIED', 'SOC_POINTSOFINTEREST_SCHOOL', 'SOC_POINTSOFINTEREST_SCHOOL', 'SOC_POINTSOFINTEREST_SCHOOL', 'SOC_POINTSOFINTEREST_SCHOOL', 'SOC_POINTSOFINTEREST_SCHOOL', 'TAX_DISEASE_MUSCLE_WASTING', 'WB_137_WATER', 'WB_1614_NUTRITIONAL_PROGRAMS', 'WB_1609_FOOD_AND_IN_KIND_TRANSFERS', 'WB_1615_THERAPEUTIC', 'WB_1466_SOCIAL_ASSISTANCE', 'WB_697_SOCIAL_PROTECTION_AND_LABOR', 'TAX_FNCACT_DIRECTOR', 'WB_165_AIR_TRANSPORT', 'WB_135_TRANSPORT', 'WB_164_MODES_OF_TRANSPORT', 'WB_1428_INJURY', 'WB_1406_DISEASES', 'WB_1427_NON_COMMUNICABLE_DISEASE_AND_INJURY', 'CRISISLEX_T02_INJURED', 'SOC_POINTSOFINTEREST_UNIVERSITY', 'SOC_POINTSOFINTEREST_UNIVERSITY', 'SOC_POINTSOFINTEREST_UNIVERSITY', 'SOC_POINTSOFINTEREST_UNIVERSITY', 'SOC_POINTSOFINTEREST_UNIVERSITY', 'TAX_WORLDBIRDS_GREY_PARROT', 'TAX_FNCACT_ENGINEER', 'TAX_ECON_PRICE', 'KILL', 'CRISISLEX_T03_DEAD', 'WB_644_NUTRITION', 'IDEOLOGY', 'MARITIME_INCIDENT', 'MARITIME', 'TAX_FNCACT_BIOLOGIST', 'TAX_DISEASE_DIAPHRAGM', 'TAX_FNCACT_DOCTORS', 'ENV_SOLAR', 'ENV_SOLAR', 'ENV_SOLAR', 'ENV_SOLAR', 'ENV_SOLAR', 'WB_1331_HEALTH_TECHNOLOGIES', 'WB_1331_HEALTH_TECHNOLOGIES', 'WB_1331_HEALTH_TECHNOLOGIES', 'WB_1350_PHARMACEUTICALS', 'WB_1350_PHARMACEUTICALS', 'WB_1350_PHARMACEUTICALS', 'WB_621_HEALTH_NUTRITION_AND_POPULATION', 'WB_621_HEALTH_NUTRITION_AND_POPULATION', 'WB_621_HEALTH_NUTRITION_AND_POPULATION', 'WB_678_DIGITAL_GOVERNMENT', 'WB_2943_SWITCHES', 'WB_667_ICT_INFRASTRUCTURE', 'WB_672_NETWORK_MANAGEMENT', 'WB_133_INFORMATION_AND_COMMUNICATION_TECHNOLOGIES', 'TAX_DISEASE_COMA', 'TAX_DISEASE_COMA', 'TAX_DISEASE_COMA', 'TAX_DISEASE_COMA', 'TAX_DISEASE_COMA', 'TAX_WORLDMAMMALS_HUMANS', 'TAX_WORLDMAMMALS_HUMANS', 'TAX_WORLDMAMMALS_HUMANS', 'TAX_WORLDMAMMALS_HUMANS', 'TAX_WORLDMAMMALS_HUMANS', 'CRISISLEX_C03_WELLBEING_HEALTH', 'WB_286_TELECOMMUNICATIONS_AND_BROADBAND_ACCESS', 'WB_2120_SATELLITES', 'WB_2329_ACCESS_AND_CONNECTIVITY', 'GENERAL_HEALTH', 'GENERAL_HEALTH', 'GENERAL_HEALTH', 'MEDICAL', 'MEDICAL', 'MEDICAL', 'SOC_POINTSOFINTEREST_MIDDLE_SCHOOL', 'SOC_POINTSOFINTEREST_MIDDLE_SCHOOL', 'SOC_POINTSOFINTEREST_MIDDLE_SCHOOL']",-0.0847457627118642
20260412101500-330,20260412101500,aol.co.uk,https://www.aol.co.uk/articles/eamonn-holmes-son-shares-health-093415599.html,"['TAX_FNCACT_PRESENTER', 'TAX_FNCACT_PRESENTER', 'TAX_FNCACT_CHIEF', 'TAX_FNCACT_SPOKESPERSON', 'WB_2670_JOBS', 'WB_696_PUBLIC_SECTOR_MANAGEMENT', 'WB_2048_COMPENSATION_CAREERS_AND_INCENTIVES', 'WB_723_PUBLIC_ADMINISTRATION', 'WB_724_HUMAN_RESOURCES_FOR_PUBLIC_SECTOR', 'SOC_POINTSOFINTEREST_HOSPITAL', 'SOC_POINTSOFINTEREST_HOSPITAL', 'SOC_POINTSOFINTEREST_HOSPITAL', 'TAX_FNCACT_EXECUTIVE', 'WB_1160_SHOCKS_AND_VULNERABILITY', 'WB_1160_SHOCKS_AND_VULNERABILITY', 'WB_695_POVERTY', 'WB_695_POVERTY', 'TAX_DISEASE_STROKE', 'TAX_DISEASE_STROKE', 'TAX_DISEASE_STROKE', 'TAX_DISEASE_STROKE', 'MANMADE_DISASTER_IMPLIED', 'AFFECT', 'TAX_FNCACT_FATHER', 'GENERAL_HEALTH', 'MEDICAL', 'CRISISLEX_C03_WELLBEING_HEALTH', 'TAX_FNCACT_CHIEF_EXECUTIVE']",0.613496932515338
20260412101500-331,20260412101500,yahoo.com,https://finance.yahoo.com/markets/stocks/articles/industrial-stocks-dont-come-sale-075900963.html,"['EPU_ECONOMY_HISTORIC', 'TAX_FNCACT_MINER', 'TAX_FNCACT_MINER', 'TAX_ETHNICITY_CANADIAN', 'ECON_MONOPOLY', 'EPU_CATS_REGULATION', 'ENV_MINING', 'TAX_ECON_PRICE', 'ARMEDCONFLICT', 'EPU_CATS_NATIONAL_SECURITY', 'TAX_FNCACT_PRODUCER', 'ECON_STOCKMARKET', 'ECON_STOCKMARKET', 'UNGP_FORESTS_RIVERS_OCEANS', 'WB_2432_FRAGILITY_CONFLICT_AND_VIOLENCE', 'CRISISLEX_CRISISLEXREC', 'WB_508_POWER_SYSTEMS', 'WB_509_NUCLEAR_ENERGY', 'WB_507_ENERGY_AND_EXTRACTIVES', 'WB_1150_VOLATILITY', 'WB_1150_VOLATILITY', 'WB_1104_MACROECONOMIC_VULNERABILITY_AND_DEBT', 'WB_1104_MACROECONOMIC_VULNERABILITY_AND_DEBT', 'DELAY']",-0.677200902934537
20260412101500-332,20260412101500,malverngazette.co.uk,https://www.malverngazette.co.uk/news/national/26014084.russia-ukraine-trade-blame-violating-orthodox-easter-ceasefire/,"['LEADER', 'LEADER', 'TAX_FNCACT_PRESIDENT', 'TAX_FNCACT_PRESIDENT', 'USPEC_POLITICS_GENERAL1', 'USPEC_POLITICS_GENERAL1', 'TAX_ETHNICITY_UKRAINIAN', 'TAX_ETHNICITY_UKRAINIAN', 'TAX_ETHNICITY_UKRAINIAN', 'TAX_ETHNICITY_UKRAINIAN', 'TAX_ETHNICITY_UKRAINIAN', 'TAX_WORLDLANGUAGES_UKRAINIAN', 'TAX_WORLDLANGUAGES_UKRAINIAN', 'TAX_WORLDLANGUAGES_UKRAINIAN', 'TAX_WORLDLANGUAGES_UKRAINIAN', 'TAX_WORLDLANGUAGES_UKRAINIAN', 'CEASEFIRE', 'CEASEFIRE', 'CEASEFIRE', 'CEASEFIRE', 'CEASEFIRE', 'DRONES', 'DRONES', 'DRONES', 'TAX_WORLDLANGUAGES_RUSSIA', 'TAX_WORLDLANGUAGES_RUSSIA', 'TAX_WORLDLANGUAGES_RUSSIA', 'TAX_WORLDLANGUAGES_RUSSIA', 'TAX_WORLDLANGUAGES_RUSSIA', 'CRISISLEX_CRISISLEXREC', 'TAX_WEAPONS_BOMBS', 'CRISISLEX_T01_CAUTION_ADVICE', 'TAX_FNCACT_MILITARY_OFFICER', 'ARMEDCONFLICT', 'WOUND', 'CRISISLEX_C03_WELLBEING_HEALTH', 'CRISISLEX_T02_INJURED', 'EPU_CATS_NATIONAL_SECURITY', 'TAX_RELIGION_ORTHODOX', 'TAX_WEAPONS_DRONE_STRIKE', 'TAX_FOODSTAPLES_BREAD', 'TAX_FOODSTAPLES_BREAD', 'DISASTER_FIRE', 'CRISISLEX_T04_INFRASTRUCTURE', 'TAX_MILITARY_TITLE_OFFICER', 'TAX_FNCACT_OFFICER', 'TAX_ETHNICITY_RUSSIAN', 'TAX_ETHNICITY_RUSSIAN', 'TAX_ETHNICITY_RUSSIAN', 'TAX_ETHNICITY_RUSSIAN', 'TAX_WORLDLANGUAGES_RUSSIAN', 'TAX_WORLDLANGUAGES_RUSSIAN', 'TAX_WORLDLANGUAGES_RUSSIAN', 'TAX_WORLDLANGUAGES_RUSSIAN', 'CRISISLEX_O02_RESPONSEAGENCIESATCRISIS']",-9.74576271186441
20260412101500-333,20260412101500,brixtonbuzz.com,https://www.brixtonbuzz.com/2026/04/in-photos-a-dire-dulwich-hamlet-lose-0-2-at-struggling-welling-united-sat-11th-april-2026/,"['TAX_WORLDFISH_HAMLET', 'TAX_WORLDFISH_HAMLET', 'TAX_WORLDFISH_HAMLET', 'TAX_WORLDFISH_HAMLET', 'TAX_WORLDFISH_HAMLET', 'TAX_WORLDFISH_HAMLET', 'TAX_WORLDFISH_HAMLET', 'TAX_WORLDFISH_HAMLET', 'TAX_WORLDFISH_HAMLET', 'TAX_WORLDFISH_HAMLET', 'TAX_WORLDFISH_HAMLET', 'TAX_WORLDFISH_HAMLET', 'TAX_WORLDFISH_HAMLET', 'TAX_WORLDFISH_HAMLET', 'TAX_WORLDFISH_HAMLET', 'TAX_WORLDFISH_HAMLET', 'TAX_WORLDFISH_HAMLET', 'TAX_WORLDFISH_HAMLET', 'TAX_WORLDFISH_HAMLET', 'TAX_WORLDFISH_HAMLET', 'TAX_WORLDFISH_HAMLET', 'TAX_WORLDFISH_HAMLET', 'TAX_WORLDFISH_HAMLET', 'TAX_WORLDFISH_HAMLET', 'TAX_WORLDFISH_HAMLET', 'TAX_WORLDFISH_HAMLET', 'TAX_WORLDFISH_HAMLET', 'TAX_WORLDFISH_HAMLET', 'TAX_WORLDFISH_HAMLET', 'TAX_WORLDFISH_HAMLET', 'TAX_WORLDFISH_HAMLET', 'TAX_WORLDFISH_HAMLET', 'TAX_WORLDFISH_HAMLET', 'TAX_WORLDFISH_HAMLET', 'TAX_WORLDFISH_HAMLET', 'TAX_WORLDFISH_HAMLET', 'TAX_WORLDFISH_HAMLET', 'TAX_WORLDFISH_HAMLET', 'TAX_WORLDFISH_HAMLET', 'TAX_WORLDFISH_HAMLET', 'TAX_WORLDFISH_HAMLET', 'TAX_WORLDFISH_HAMLET', 'TAX_WORLDFISH_HAMLET', 'TAX_WORLDFISH_HAMLET', 'TAX_WORLDFISH_HAMLET', 'TAX_WORLDFISH_HAMLET', 'TAX_WORLDFISH_HAMLET', 'TAX_WORLDFISH_HAMLET', 'TAX_WORLDFISH_HAMLET', 'TAX_WORLDFISH_HAMLET', 'TAX_WORLDFISH_HAMLET', 'TAX_WORLDFISH_HAMLET', 'TAX_WORLDFISH_HAMLET', 'TAX_WORLDFISH_HAMLET', 'TAX_WORLDFISH_HAMLET', 'TAX_WORLDFISH_HAMLET', 'TAX_WORLDFISH_HAMLET', 'TAX_WORLDFISH_HAMLET']",-12.2465531224655
20260412101500-334,20260412101500,dailymail.co.uk,https://www.dailymail.co.uk/tvshowbiz/article-15726215/Justin-Biebers-lacklustre-Coachella-set-cheered-celebrity-pals-fans-wild-spot-Kylie-Jenner-boyfriend-Timoth-e-Chalamet-dancing-crowd.html,"['TAX_FNCACT_ARTIST', 'TAX_FNCACT_ARTIST', 'DELAY', 'USPEC_UNCERTAINTY1', 'TAX_WORLDLANGUAGES_ARIANA', 'INFO_RUMOR', 'INFO_RUMOR', 'TAX_FNCACT_CARPENTER', 'MANMADE_DISASTER_IMPLIED', 'MANMADE_DISASTER_IMPLIED', 'MEDIA_SOCIAL', 'MEDIA_SOCIAL', 'TAX_ETHNICITY_CANADIAN', 'TAX_FNCACT_CHILD', 'TAX_FNCACT_CHILD', 'TRIAL', 'WB_2670_JOBS', 'WB_696_PUBLIC_SECTOR_MANAGEMENT', 'WB_2048_COMPENSATION_CAREERS_AND_INCENTIVES', 'WB_723_PUBLIC_ADMINISTRATION', 'WB_724_HUMAN_RESOURCES_FOR_PUBLIC_SECTOR', 'TAX_FNCACT_BABY', 'TAX_FNCACT_BABY', 'TAX_FNCACT_BABY', 'TAX_FNCACT_BABY', 'TAX_FNCACT_ACTOR', 'TAX_FNCACT_USHER', 'TAX_WORLDMAMMALS_RABBIT']",1.94479297365119
20260412101500-335,20260412101500,boredpanda.com,https://www.boredpanda.com/illustrated-tumblr-posts/?cexp_id=150905&cexp_var=19&_f=homepage_featured,"['TAX_WORLDLANGUAGES_BAL', 'TAX_WORLDLANGUAGES_BAL', 'TAX_WORLDLANGUAGES_BAL', 'TAX_WORLDLANGUAGES_BAL', 'TAX_FNCACT_EDITOR', 'TAX_FNCACT_EDITOR', 'UNGP_FORESTS_RIVERS_OCEANS', 'UNGP_FORESTS_RIVERS_OCEANS', 'TAX_WORLDMAMMALS_PANDA', 'TAX_WORLDMAMMALS_PANDA', 'TAX_WORLDMAMMALS_PANDA', 'TAX_WORLDMAMMALS_PANDA', 'MEDIA_MSM', 'MEDIA_MSM']",-1.3215859030837
20260412101500-336,20260412101500,jalopnik.com,https://www.jalopnik.com/2141072/e15-gas-terrible-for-many-engines/,"['TAX_FNCACT_MANUFACTURER', 'EPU_CATS_REGULATION', 'CRISISLEX_CRISISLEXREC', 'CRISISLEX_CRISISLEXREC', 'WB_137_WATER', 'WB_137_WATER', 'WB_137_WATER', 'WB_137_WATER', 'WB_137_WATER', 'WB_137_WATER', 'WB_1458_HEALTH_PROMOTION_AND_DISEASE_PREVENTION', 'WB_1462_WATER_SANITATION_AND_HYGIENE', 'WB_635_PUBLIC_HEALTH', 'WB_621_HEALTH_NUTRITION_AND_POPULATION', 'CRISISLEX_T11_UPDATESSYMPATHY', 'CRISISLEX_T11_UPDATESSYMPATHY', 'CRISISLEX_T11_UPDATESSYMPATHY', 'UNGP_FORESTS_RIVERS_OCEANS', 'TAX_FOODSTAPLES_CORN', 'GENERAL_HEALTH', 'CORRUPTION', 'WB_2019_ANTI_CORRUPTION_LEGISLATION', 'WB_696_PUBLIC_SECTOR_MANAGEMENT', 'WB_831_GOVERNANCE', 'WB_832_ANTI_CORRUPTION', 'WB_2020_BRIBERY_FRAUD_AND_COLLUSION', 'WB_532_BIOFUELS_ENERGY', 'WB_507_ENERGY_AND_EXTRACTIVES', 'WB_525_RENEWABLE_ENERGY']",2.38663484486874
20260412101500-337,20260412101500,boredpanda.com,https://www.boredpanda.com/hotel-hacks-people-dont-know/?cexp_id=150861&cexp_var=5&_f=homepage_featured,['EPU_ECONOMY_HISTORIC'],2.75229357798165
20260412101500-338,20260412101500,boredpanda.com,https://www.boredpanda.com/things-more-dangerous-than-they-seem/?cexp_id=150910&cexp_var=3&_f=homepage_featured,"['UNREST_BELLIGERENT', 'UNGP_FORESTS_RIVERS_OCEANS', 'EPU_CATS_MIGRATION_FEAR_FEAR']",-6.0
20260412101500-339,20260412101500,wimbledonguardian.co.uk,https://www.wimbledonguardian.co.uk/news/national/26013983.hungary-polls-key-election-unseat-orban-16-years/,"['LEADER', 'TAX_FNCACT_PRIME_MINISTER', 'TAX_FNCACT_CITIZENS', 'DEMOCRACY', 'DEMOCRACY', 'UNGP_POLITICAL_FREEDOMS', 'UNGP_POLITICAL_FREEDOMS', 'EPU_POLICY_POLITICAL', 'GENERAL_HEALTH', 'MEDICAL', 'LEGISLATION', 'EPU_POLICY_LAW', 'ECON_WORLDCURRENCIES_EURO', 'WB_135_TRANSPORT', 'AFFECT', 'WB_678_DIGITAL_GOVERNMENT', 'WB_694_BROADCAST_AND_MEDIA', 'WB_133_INFORMATION_AND_COMMUNICATION_TECHNOLOGIES', 'SLFID_RULE_OF_LAW', 'TAX_ETHNICITY_HUNGARIAN', 'TAX_WORLDLANGUAGES_HUNGARIAN', 'TRIAL', 'TAX_FNCACT_INSIDER', 'UNGP_FORESTS_RIVERS_OCEANS', 'TAX_FNCACT_LEADER', 'TAX_FNCACT_LEADER', 'TAX_FNCACT_LEADER', 'TAX_FNCACT_MINISTER', 'MEDIA_MSM', 'MEDIA_MSM', 'USPEC_POLITICS_GENERAL1', 'USPEC_POLITICS_GENERAL1', 'USPEC_POLITICS_GENERAL1', 'EPU_ECONOMY_HISTORIC', 'WB_1458_HEALTH_PROMOTION_AND_DISEASE_PREVENTION', 'WB_1462_WATER_SANITATION_AND_HYGIENE', 'WB_635_PUBLIC_HEALTH', 'WB_621_HEALTH_NUTRITION_AND_POPULATION', 'VETO', 'USPEC_UNCERTAINTY1', 'PIRACY', 'TAX_WORLDLANGUAGES_RUSSIA', 'ELECTION', 'ELECTION', 'ELECTION', 'ELECTION', 'ELECTION', 'ELECTION', 'ELECTION', 'UNREST_CRACKDOWN', 'EPU_CATS_HEALTHCARE', 'CORRUPTION', 'CORRUPTION', 'EXTREMISM', 'EXTREMISM', 'GENERAL_GOVERNMENT', 'GENERAL_GOVERNMENT', 'EPU_POLICY_GOVERNMENT', 'EPU_POLICY_GOVERNMENT', 'PROTEST', 'MOVEMENT_GENERAL', 'TAX_FNCACT_ACTIVISTS', 'TAX_FNCACT_SUPPORTERS', 'PROPAGANDA', 'TAX_WORLDLANGUAGES_MAGYAR', 'TAX_WORLDLANGUAGES_MAGYAR', 'TAX_WORLDLANGUAGES_MAGYAR', 'TAX_WORLDLANGUAGES_MAGYAR', 'TAX_WORLDLANGUAGES_MAGYAR', 'TAX_WORLDLANGUAGES_MAGYAR', 'TAX_WORLDLANGUAGES_MAGYAR']",-1.05105105105105
20260412101500-340,20260412101500,sbsun.com,https://www.sbsun.com/2026/04/11/coachella-2026-jack-white-geese-bring-rock-back-to-desert-music-festival/,"['TAX_FNCACT_SINGER', 'CRISISLEX_T11_UPDATESSYMPATHY', 'TAX_WORLDBIRDS_GEESE', 'TAX_WORLDBIRDS_GEESE', 'TAX_WORLDBIRDS_GEESE', 'TAX_WORLDBIRDS_GEESE', 'TAX_WORLDBIRDS_GEESE', 'TAX_WORLDLANGUAGES_MOJAVE', 'TAX_WORLDLANGUAGES_MOJAVE', 'MILITARY', 'TAX_FNCACT_GUITARIST', 'TAX_FNCACT_BABY', 'KILL', 'CRISISLEX_CRISISLEXREC', 'CRISISLEX_T02_INJURED', 'CRISISLEX_T03_DEAD', 'MANMADE_DISASTER_IMPLIED', 'MANMADE_DISASTER_IMPLIED', 'CRIME_ILLEGAL_DRUGS', 'DRUG_TRADE']",2.7972027972028
20260412101500-341,20260412101500,denverpost.com,https://www.denverpost.com/2026/04/12/today-in-history-april-12-euro-disney-opens-in-paris/,"['ARREST', 'ARREST', 'SOC_GENERALCRIME', 'SOC_GENERALCRIME', 'CRISISLEX_C07_SAFETY', 'CRISISLEX_C07_SAFETY', 'TAX_FNCACT_CHILD', 'TAX_FNCACT_DIRECTOR', 'TAX_FNCACT_DIRECTOR', 'WB_1921_PRIVATE_SECTOR_DEVELOPMENT', 'WB_405_BUSINESS_CLIMATE', 'WB_2531_INSPECTIONS_LICENSING_AND_PERMITS', 'WB_2530_BUSINESS_ENVIRONMENT', 'LEADER', 'LEADER', 'LEADER', 'TAX_FNCACT_PRESIDENT', 'TAX_FNCACT_PRESIDENT', 'TAX_FNCACT_PRESIDENT', 'USPEC_POLITICS_GENERAL1', 'USPEC_POLITICS_GENERAL1', 'USPEC_POLITICS_GENERAL1', 'TAX_POLITICAL_PARTY_REPUBLICAN', 'TAX_POLITICAL_PARTY_REPUBLICAN', 'MANMADE_DISASTER_IMPLIED', 'MANMADE_DISASTER_IMPLIED', 'MANMADE_DISASTER_IMPLIED', 'MANMADE_DISASTER_IMPLIED', 'MANMADE_DISASTER_IMPLIED', 'MANMADE_DISASTER_IMPLIED', 'MANMADE_DISASTER_IMPLIED', 'TAX_ETHNICITY_AMERICAN', 'TAX_DISEASE_HEMORRHAGE', 'TAX_FNCACT_VOLUNTEERS', 'ELECTION', 'SELF_IDENTIFIED_HUMAN_RIGHTS', 'UNGP_POLITICAL_FREEDOMS', 'REBELLION', 'WB_739_POLITICAL_VIOLENCE_AND_CIVIL_WAR', 'WB_738_SOCIAL_COHESION', 'WB_134_SOCIAL_DEVELOPMENT', 'TAX_FNCACT_ELECTED_OFFICIAL', 'TAX_FNCACT_SECRETARY', 'TAX_FNCACT_MUSICIAN', 'TAX_FNCACT_MUSICIAN', 'TAX_FNCACT_MUSICIAN', 'TAX_FNCACT_COSMONAUT', 'SOC_POINTSOFINTEREST_PRISON', 'WB_2495_DETENTION_PRISON_AND_CORRECTIONS_REFORM', 'WB_2470_PEACE_OPERATIONS_AND_CONFLICT_MANAGEMENT', 'WB_2490_NATIONAL_PROTECTION_AND_SECURITY', 'TAX_FNCACT_KING', 'TAX_FNCACT_KING', 'TAX_ETHNICITY_SOVIET', 'TAX_FNCACT_ACTOR', 'TAX_FNCACT_ACTOR', 'TAX_FNCACT_ACTOR', 'TAX_FNCACT_ACTOR', 'TAX_FNCACT_ACTOR', 'TAX_DISEASE_POLIO', 'TAX_DISEASE_POLIO', 'TAX_FNCACT_CHAIRMAN', 'TAX_WORLDMAMMALS_HUMAN', 'TAX_FNCACT_VICE_PRESIDENT', 'SOC_POINTSOFINTEREST_JAIL', 'PUBLIC_TRANSPORT', 'TAX_FNCACT_MAN', 'EPU_CATS_NATIONAL_SECURITY', 'USPEC_POLICY1', 'EPU_POLICY_BUDGET', 'TAX_FNCACT_GLAZER', 'MEDIA_MSM', 'DEMOCRACY', 'TERROR', 'WB_2467_TERRORISM', 'WB_2433_CONFLICT_AND_VIOLENCE', 'WB_2432_FRAGILITY_CONFLICT_AND_VIOLENCE', 'WB_2462_POLITICAL_VIOLENCE_AND_WAR', 'ECON_WORLDCURRENCIES_EURO', 'TRIAL', 'TAX_FNCACT_SECRETARY_OF_STATE', 'TAX_FNCACT_OFFICIAL', 'TAX_WORLDLANGUAGES_WARM_SPRINGS', 'TAX_WORLDMAMMALS_MOUSE', 'KILL', 'CRISISLEX_T03_DEAD', 'GENERAL_HEALTH', 'HEALTH_VACCINATION', 'WB_642_CHILD_HEALTH', 'WB_1459_IMMUNIZATIONS', 'WB_621_HEALTH_NUTRITION_AND_POPULATION', 'WB_639_REPRODUCTIVE_MATERNAL_AND_CHILD_HEALTH', 'UNGP_HEALTHCARE', 'WOUND', 'TAX_FNCACT_AUTHOR', 'TAX_FNCACT_LEADER', 'TAX_FNCACT_LADY', 'TAX_DISEASE_CEREBRAL_HEMORRHAGE']",-1.67364016736402
20260412101500-342,20260412101500,indiatimes.com,https://economictimes.indiatimes.com/tech/information-tech/zero-tolerance-for-harassment-staff-accused-in-nashik-harassment-case-suspended-tcs/articleshow/130205383.cms,"['RELIGION', 'ARREST', 'SOC_GENERALCRIME', 'CRISISLEX_C04_LOGISTICS_TRANSPORT', 'TAX_FNCACT_AUTHORITIES', 'CRISISLEX_CRISISLEXREC', 'EPU_POLICY_AUTHORITIES', 'USPEC_POLICY1', 'EPU_POLICY_POLICY', 'TAX_FNCACT_MANAGER', 'SECURITY_SERVICES', 'TAX_FNCACT_POLICE', 'CRISISLEX_C07_SAFETY', 'WB_2024_ANTI_CORRUPTION_AUTHORITIES', 'WB_2024_ANTI_CORRUPTION_AUTHORITIES', 'WB_696_PUBLIC_SECTOR_MANAGEMENT', 'WB_696_PUBLIC_SECTOR_MANAGEMENT', 'WB_840_JUSTICE', 'WB_840_JUSTICE', 'WB_2025_INVESTIGATION', 'WB_2025_INVESTIGATION', 'WB_831_GOVERNANCE', 'WB_831_GOVERNANCE', 'WB_832_ANTI_CORRUPTION', 'WB_832_ANTI_CORRUPTION', 'WB_1014_CRIMINAL_JUSTICE', 'WB_1014_CRIMINAL_JUSTICE', 'HARASSMENT', 'UNGP_CRIME_VIOLENCE', 'TAX_FNCACT_EMPLOYEES']",-9.09090909090909
20260412101500-343,20260412101500,theadvocate.com.au,https://www.theadvocate.com.au/story/9220750/traffic-diverted-while-crash-scene-near-ulverstone-cleared/,['AGRICULTURE'],2.63157894736842
20260412101500-344,20260412101500,aceshowbiz.com,https://www.aceshowbiz.com/news/view/00253455.html,"['TAX_ECON_PRICE', 'TAX_ECON_PRICE', 'TAX_ECON_PRICE', 'TAX_ECON_PRICE', 'TAX_ECON_PRICE', 'TAX_ECON_PRICE', 'TAX_ECON_PRICE', 'EPU_ECONOMY_HISTORIC', 'REBELLION', 'REBELLION', 'ECON_INFLATION', 'ECON_INFLATION', 'WB_1104_MACROECONOMIC_VULNERABILITY_AND_DEBT', 'WB_1104_MACROECONOMIC_VULNERABILITY_AND_DEBT', 'WB_442_INFLATION', 'WB_442_INFLATION']",-2.98913043478261
20260412101500-345,20260412101500,pakistantoday.com.pk,https://www.pakistantoday.com.pk/2026/04/12/legendary-indian-singer-asha-bhosle-passes-away,"['TAX_FNCACT_ARTISTS', 'WB_1467_EDUCATION_FOR_ALL', 'WB_470_EDUCATION', 'WB_2131_EMPLOYABILITY_SKILLS_AND_JOBS', 'WB_1484_EDUCATION_SKILLS_DEVELOPMENT_AND_LABOR_MARKET', 'CRISISLEX_CRISISLEXREC', 'TAX_WORLDLANGUAGES_HINDI', 'WB_2670_JOBS', 'WB_2670_JOBS', 'WB_2670_JOBS', 'WB_2670_JOBS', 'WB_2670_JOBS', 'WB_696_PUBLIC_SECTOR_MANAGEMENT', 'WB_696_PUBLIC_SECTOR_MANAGEMENT', 'WB_696_PUBLIC_SECTOR_MANAGEMENT', 'WB_696_PUBLIC_SECTOR_MANAGEMENT', 'WB_696_PUBLIC_SECTOR_MANAGEMENT', 'WB_2048_COMPENSATION_CAREERS_AND_INCENTIVES', 'WB_2048_COMPENSATION_CAREERS_AND_INCENTIVES', 'WB_2048_COMPENSATION_CAREERS_AND_INCENTIVES', 'WB_2048_COMPENSATION_CAREERS_AND_INCENTIVES', 'WB_2048_COMPENSATION_CAREERS_AND_INCENTIVES', 'WB_723_PUBLIC_ADMINISTRATION', 'WB_723_PUBLIC_ADMINISTRATION', 'WB_723_PUBLIC_ADMINISTRATION', 'WB_723_PUBLIC_ADMINISTRATION', 'WB_723_PUBLIC_ADMINISTRATION', 'WB_724_HUMAN_RESOURCES_FOR_PUBLIC_SECTOR', 'WB_724_HUMAN_RESOURCES_FOR_PUBLIC_SECTOR', 'WB_724_HUMAN_RESOURCES_FOR_PUBLIC_SECTOR', 'WB_724_HUMAN_RESOURCES_FOR_PUBLIC_SECTOR', 'WB_724_HUMAN_RESOURCES_FOR_PUBLIC_SECTOR', 'TAX_FNCACT_SINGERS', 'WB_1921_PRIVATE_SECTOR_DEVELOPMENT', 'WB_346_COMPETITIVE_INDUSTRIES', 'TAX_FNCACT_ACTRESSES', 'TAX_ETHNICITY_ASIAN', 'TAX_FNCACT_DIRECTORS', 'TAX_ETHNICITY_INDIAN', 'TAX_ETHNICITY_INDIAN', 'TAX_ETHNICITY_INDIAN', 'TAX_ETHNICITY_INDIAN', 'TAX_ETHNICITY_INDIAN', 'TAX_FNCACT_SINGER', 'TAX_FNCACT_SINGER', 'EPU_ECONOMY_HISTORIC', 'EPU_ECONOMY_HISTORIC', 'EPU_ECONOMY_HISTORIC']",4.94117647058824
20260412101500-346,20260412101500,livelaw.in,https://www.livelaw.in/job-updates/recovery-personnel-vacancy-at-cosmos-co-op-bank-limited-530013,"['EDUCATION', 'SOC_POINTSOFINTEREST_UNIVERSITY', 'TAX_FNCACT_OFFICIAL']",6.25
20260412101500-347,20260412101500,dailymail.co.uk,https://www.dailymail.co.uk/tvshowbiz/article-15721995/She-30m-fortune-Susan-Boyle-finally-decided-council-house-home-lived-life-choice-amazingly-modest-bungalow-estate-just-245k.html,[],4.54035874439462
20260412101500-348,20260412101500,camdencourier.com.au,https://www.camdencourier.com.au/story/9220803/nrl-dylan-brown-a-chance-to-return-for-newcastles-clash-with-sydney-roosters/,[],-1.17160578911096
20260412101500-349,20260412101500,mauinews.com,https://www.mauinews.com/wire/?category=5190&ID=392711,[],0.869565217391304
20260412101500-350,20260412101500,eadt.co.uk,https://www.eadt.co.uk/news/national/26014009.dublin-fuel-protesters-ambushed-late-night-garda-operation-spokesman-says/,"['KILL', 'TAX_FNCACT_SUPPORTERS', 'AGRICULTURE', 'MEDICAL', 'SOC_POINTSOFINTEREST_HOSPITALS', 'SECURITY_SERVICES', 'SECURITY_SERVICES', 'SECURITY_SERVICES', 'TAX_FNCACT_POLICE', 'TAX_FNCACT_POLICE', 'TAX_FNCACT_POLICE', 'CRISISLEX_C07_SAFETY', 'CRISISLEX_C07_SAFETY', 'CRISISLEX_C07_SAFETY', 'SHORTAGE', 'TAX_ETHNICITY_IRISH', 'TAX_ETHNICITY_IRISH', 'TAX_ETHNICITY_IRISH', 'TAX_WORLDLANGUAGES_IRISH', 'TAX_WORLDLANGUAGES_IRISH', 'TAX_WORLDLANGUAGES_IRISH', 'TAX_FNCACT_SPOKESMAN', 'AFFECT', 'ARMEDCONFLICT', 'LEADER', 'TAX_FNCACT_PRESIDENT', 'USPEC_POLITICS_GENERAL1', 'ENV_OIL', 'ENV_OIL', 'ENV_OIL', 'SOC_RANSOM', 'TAX_FNCACT_STREET_CLEANERS', 'PROTEST', 'PROTEST', 'PROTEST', 'PROTEST', 'PROTEST', 'PROTEST', 'PROTEST', 'WB_135_TRANSPORT', 'WB_135_TRANSPORT', 'ALLIANCE', 'ALLIANCE', 'WB_678_DIGITAL_GOVERNMENT', 'WB_694_BROADCAST_AND_MEDIA', 'WB_133_INFORMATION_AND_COMMUNICATION_TECHNOLOGIES', 'BLOCKADE', 'BLOCKADE', 'BLOCKADE', 'BLOCKADE', 'BLOCKADE', 'SEIGE', 'SEIGE', 'SEIGE', 'SEIGE', 'SEIGE', 'TAX_MILITARY_TITLE_OFFICERS', 'TAX_FNCACT_OFFICERS', 'TAX_FNCACT_SPOKESMEN', 'TAX_FNCACT_MINISTERS', 'CRISISLEX_CRISISLEXREC', 'CRISISLEX_CRISISLEXREC', 'CRISISLEX_O02_RESPONSEAGENCIESATCRISIS', 'UNGP_FORESTS_RIVERS_OCEANS', 'UNGP_FORESTS_RIVERS_OCEANS', 'UNGP_FORESTS_RIVERS_OCEANS', 'GENERAL_GOVERNMENT', 'GENERAL_GOVERNMENT', 'GENERAL_GOVERNMENT', 'GENERAL_GOVERNMENT', 'GENERAL_GOVERNMENT', 'GENERAL_GOVERNMENT', 'EPU_POLICY_GOVERNMENT', 'EPU_POLICY_GOVERNMENT', 'EPU_POLICY_GOVERNMENT', 'EPU_POLICY_GOVERNMENT', 'EPU_POLICY_GOVERNMENT', 'EPU_POLICY_GOVERNMENT', 'TAX_ECON_PRICE', 'TAX_ECON_PRICE', 'TAX_ECON_PRICE', 'MANMADE_DISASTER_IMPLIED', 'MANMADE_DISASTER_IMPLIED', 'MANMADE_DISASTER_IMPLIED', 'WB_539_OIL_AND_GAS_POLICY_STRATEGY_AND_INSTITUTIONS', 'WB_539_OIL_AND_GAS_POLICY_STRATEGY_AND_INSTITUTIONS', 'WB_539_OIL_AND_GAS_POLICY_STRATEGY_AND_INSTITUTIONS', 'WB_507_ENERGY_AND_EXTRACTIVES', 'WB_507_ENERGY_AND_EXTRACTIVES', 'WB_507_ENERGY_AND_EXTRACTIVES', 'WB_548_PPP_IN_OIL_AND_GAS', 'WB_548_PPP_IN_OIL_AND_GAS', 'WB_548_PPP_IN_OIL_AND_GAS', 'WB_2298_REFINERIES', 'WB_2298_REFINERIES', 'WB_2298_REFINERIES', 'UNGP_CRIME_VIOLENCE', 'EPU_ECONOMY_HISTORIC', 'MEDIA_SOCIAL', 'WB_652_ICT_APPLICATIONS', 'WB_662_SOCIAL_MEDIA', 'WB_658_ENTERPRISE_APPLICATIONS', 'TAX_FNCACT_SPOKESWOMAN', 'TAX_FNCACT_COMMISSIONER', 'TAX_FNCACT_COMMISSIONER', 'TAX_FNCACT_CHIEF_EXECUTIVE', 'RURAL', 'TAX_FNCACT_CHIEF', 'EDUCATION', 'SOC_POINTSOFINTEREST_SCHOOLS', 'TAX_FNCACT_WORKERS', 'GENERAL_HEALTH', 'WB_635_PUBLIC_HEALTH', 'WB_2165_HEALTH_EMERGENCIES', 'WB_621_HEALTH_NUTRITION_AND_POPULATION', 'WB_1324_EMERGENCY_MEDICAL_SERVICES', 'CRISISLEX_O01_WEATHER', 'MILITARY', 'TAX_FNCACT_REPRESENTATIVE', 'TAX_FNCACT_EXECUTIVE', 'LEGISLATION', 'EPU_POLICY_LAW', 'ARREST', 'DISASTER_FIRE', 'CRISISLEX_T01_CAUTION_ADVICE']",-5.88235294117647
20260412101500-351,20260412101500,news.az,https://news.az/news/swiss-musician-performs-inside-melting-glacier-to-warn-of-ice-loss,"['UNGP_FORESTS_RIVERS_OCEANS', 'UNGP_FORESTS_RIVERS_OCEANS', 'TAX_FNCACT_MUSICIAN', 'NATURAL_DISASTER_ICE']",-3.92156862745098
20260412101500-352,20260412101500,aceshowbiz.com,https://www.aceshowbiz.com/news/view/00253443.html,['CRISISLEX_CRISISLEXREC'],8.7248322147651
20260412101500-353,20260412101500,akp.gov.kh,https://www.akp.gov.kh/post/detail/367542,"['GEN_HOLIDAY', 'SOC_POINTSOFINTEREST_AIRPORT', 'SOC_POINTSOFINTEREST_AIRPORT', 'SOC_POINTSOFINTEREST_AIRPORT', 'SOC_POINTSOFINTEREST_AIRPORT', 'SOC_POINTSOFINTEREST_AIRPORT', 'WB_135_TRANSPORT', 'WB_135_TRANSPORT', 'WB_135_TRANSPORT', 'WB_135_TRANSPORT', 'WB_135_TRANSPORT', 'WB_1803_TRANSPORT_INFRASTRUCTURE', 'WB_1803_TRANSPORT_INFRASTRUCTURE', 'WB_1803_TRANSPORT_INFRASTRUCTURE', 'WB_1803_TRANSPORT_INFRASTRUCTURE', 'WB_1803_TRANSPORT_INFRASTRUCTURE', 'WB_1804_AIRPORTS', 'WB_1804_AIRPORTS', 'WB_1804_AIRPORTS', 'WB_1804_AIRPORTS', 'WB_1804_AIRPORTS', 'TAX_ETHNICITY_KHMER', 'TAX_ETHNICITY_KHMER', 'TAX_ETHNICITY_KHMER', 'TAX_WORLDLANGUAGES_KHMER', 'TAX_WORLDLANGUAGES_KHMER', 'TAX_WORLDLANGUAGES_KHMER', 'WB_165_AIR_TRANSPORT', 'WB_164_MODES_OF_TRANSPORT']",6.42201834862385
20260412101500-354,20260412101500,scmp.com,https://www.scmp.com/news/hong-kong/society/article/3349798/fire-breaks-out-hong-kong-columbarium-injuring-2-people,"['WB_2024_ANTI_CORRUPTION_AUTHORITIES', 'WB_696_PUBLIC_SECTOR_MANAGEMENT', 'WB_840_JUSTICE', 'WB_2025_INVESTIGATION', 'WB_831_GOVERNANCE', 'WB_832_ANTI_CORRUPTION', 'WB_1014_CRIMINAL_JUSTICE', 'SECURITY_SERVICES', 'TAX_FNCACT_POLICE', 'CRISISLEX_C07_SAFETY', 'TAX_FNCACT_QUEEN', 'DISASTER_FIRE', 'DISASTER_FIRE', 'CRISISLEX_T01_CAUTION_ADVICE', 'CRISISLEX_T01_CAUTION_ADVICE', 'CRISISLEX_C03_WELLBEING_HEALTH', 'CRISISLEX_T02_INJURED', 'GENERAL_HEALTH', 'MEDICAL', 'SOC_POINTSOFINTEREST_HOSPITAL', 'CRISISLEX_CRISISLEXREC', 'WOUND']",-2.98507462686567
20260412101500-355,20260412101500,boredpanda.com,https://www.boredpanda.com/weird-new-parents-friend/?cexp_id=150863&cexp_var=14&_f=homepage_featured,"['TAX_WORLDMAMMALS_PANDA', 'TAX_WORLDMAMMALS_PANDA', 'TAX_WORLDMAMMALS_PANDA', 'TAX_WORLDMAMMALS_PANDA', 'TAX_WORLDMAMMALS_PANDA', 'TAX_WORLDMAMMALS_PANDA', 'TAX_WORLDMAMMALS_PANDA', 'TAX_WORLDMAMMALS_PANDA', 'MEDIA_MSM', 'MEDIA_MSM', 'TAX_FNCACT_JOURNALIST', 'TAX_FNCACT_JOURNALIST', 'TAX_FNCACT_EDITOR', 'TAX_FNCACT_EDITOR', 'EPU_ECONOMY_HISTORIC', 'EPU_ECONOMY_HISTORIC', 'TAX_WORLDMAMMALS_DOG', 'TAX_WORLDMAMMALS_DOG', 'WB_678_DIGITAL_GOVERNMENT', 'WB_678_DIGITAL_GOVERNMENT', 'WB_694_BROADCAST_AND_MEDIA', 'WB_694_BROADCAST_AND_MEDIA', 'WB_133_INFORMATION_AND_COMMUNICATION_TECHNOLOGIES', 'WB_133_INFORMATION_AND_COMMUNICATION_TECHNOLOGIES']",2.1978021978022
20260412101500-356,20260412101500,dailypioneer.com,https://dailypioneer.com/news/kim-jong-un-backs-chinas-push-for-a-multipolar-world,"['WB_678_DIGITAL_GOVERNMENT', 'WB_694_BROADCAST_AND_MEDIA', 'WB_133_INFORMATION_AND_COMMUNICATION_TECHNOLOGIES', 'TAX_FNCACT_FOREIGN_MINISTER', 'TAX_FNCACT_OFFICIAL', 'TAX_FNCACT_OFFICIAL', 'UNGP_FORESTS_RIVERS_OCEANS', 'LEADER', 'TAX_FNCACT_PRESIDENT', 'USPEC_POLITICS_GENERAL1', 'TAX_FNCACT_LEADER', 'TAX_FNCACT_MINISTER', 'GENERAL_GOVERNMENT', 'EPU_POLICY_GOVERNMENT', 'TAX_ETHNICITY_CHINESE', 'TAX_ETHNICITY_CHINESE', 'TAX_ETHNICITY_CHINESE', 'TAX_WORLDLANGUAGES_CHINESE', 'TAX_WORLDLANGUAGES_CHINESE', 'TAX_WORLDLANGUAGES_CHINESE', 'EPU_CATS_MIGRATION_FEAR_FEAR', 'USPEC_POLICY1', 'EPU_POLICY_POLICY', 'ARMEDCONFLICT', 'EPU_CATS_NATIONAL_SECURITY', 'TAX_ETHNICITY_KOREAN', 'TAX_ETHNICITY_KOREAN', 'TAX_WORLDLANGUAGES_KOREAN', 'TAX_WORLDLANGUAGES_KOREAN']",1.00502512562814
20260412101500-357,20260412101500,el-balad.com,https://www.el-balad.com/16910446,"['TAX_ECON_PRICE', 'TAX_ECON_PRICE', 'TAX_ECON_PRICE', 'SECURITY_SERVICES', 'SECURITY_SERVICES', 'SECURITY_SERVICES', 'TAX_FNCACT_POLICE', 'TAX_FNCACT_POLICE', 'TAX_FNCACT_POLICE', 'CRISISLEX_C07_SAFETY', 'CRISISLEX_C07_SAFETY', 'CRISISLEX_C07_SAFETY', 'SHORTAGE', 'EPU_POLICY_GOVERNMENT', 'EPU_POLICY_GOVERNMENT', 'ECON_TAXATION', 'EPU_POLICY_TAX', 'EPU_CATS_TAXES', 'TAX_FNCACT_REPRESENTATIVES', 'TAX_FNCACT_REPRESENTATIVES', 'TAX_FNCACT_AUTHORITIES', 'EPU_POLICY_AUTHORITIES', 'UNREST_CRACKDOWN', 'UNGP_FORESTS_RIVERS_OCEANS', 'UNGP_FORESTS_RIVERS_OCEANS', 'CRISISLEX_O02_RESPONSEAGENCIESATCRISIS', 'CRISISLEX_O02_RESPONSEAGENCIESATCRISIS', 'CRISISLEX_CRISISLEXREC', 'CRISISLEX_CRISISLEXREC', 'CRISISLEX_CRISISLEXREC', 'CRISISLEX_CRISISLEXREC', 'TAX_FNCACT_MINISTERS', 'TAX_FNCACT_MINISTERS', 'TRAFFIC', 'ENV_OIL', 'ENV_OIL', 'ENV_OIL', 'PROTEST', 'PROTEST', 'PROTEST', 'WB_137_WATER', 'WB_137_WATER', 'WB_1160_SHOCKS_AND_VULNERABILITY', 'WB_695_POVERTY', 'BLOCKADE', 'BLOCKADE', 'BLOCKADE', 'BLOCKADE', 'BLOCKADE', 'SEIGE', 'SEIGE', 'SEIGE', 'SEIGE', 'SEIGE', 'WB_1458_HEALTH_PROMOTION_AND_DISEASE_PREVENTION', 'WB_1462_WATER_SANITATION_AND_HYGIENE', 'TAX_FNCACT_GOVERNMENT_MINISTERS', 'WB_539_OIL_AND_GAS_POLICY_STRATEGY_AND_INSTITUTIONS', 'WB_539_OIL_AND_GAS_POLICY_STRATEGY_AND_INSTITUTIONS', 'WB_507_ENERGY_AND_EXTRACTIVES', 'WB_507_ENERGY_AND_EXTRACTIVES', 'WB_548_PPP_IN_OIL_AND_GAS', 'WB_548_PPP_IN_OIL_AND_GAS', 'WB_2298_REFINERIES', 'WB_2298_REFINERIES', 'GENERAL_HEALTH', 'WB_635_PUBLIC_HEALTH', 'WB_2165_HEALTH_EMERGENCIES', 'WB_621_HEALTH_NUTRITION_AND_POPULATION', 'WB_1324_EMERGENCY_MEDICAL_SERVICES', 'EPU_CATS_MIGRATION_FEAR_FEAR', 'TAX_FNCACT_DRIVERS', 'TAX_FNCACT_DRIVERS', 'WB_135_TRANSPORT', 'WB_135_TRANSPORT', 'TAX_FNCACT_ESCORT', 'TAX_FNCACT_MINISTER', 'WB_2433_CONFLICT_AND_VIOLENCE', 'WB_2432_FRAGILITY_CONFLICT_AND_VIOLENCE', 'USPEC_POLITICS_GENERAL1', 'WB_696_PUBLIC_SECTOR_MANAGEMENT', 'WB_840_JUSTICE', 'TAX_FNCACT_OFFICIAL', 'TAX_FNCACT_DEMONSTRATORS', 'WB_1803_TRANSPORT_INFRASTRUCTURE', 'WB_1803_TRANSPORT_INFRASTRUCTURE', 'WB_167_PORTS', 'WB_167_PORTS', 'GRIEVANCES', 'GENERAL_GOVERNMENT', 'ECON_OILPRICE', 'EPU_POLICY_POLITICAL', 'EPU_POLICY_POLITICAL', 'USPEC_POLICY1', 'EPU_ECONOMY', 'EPU_ECONOMY_HISTORIC', 'WATER_SECURITY', 'UNGP_CLEAN_WATER_SANITATION', 'AGRICULTURE', 'TAX_FNCACT_FARMERS', 'AFFECT']",-7.61789600967352
20260412101500-358,20260412101500,indiatimes.com,https://economictimes.indiatimes.com/news/india/indian-film-industry-mourns-asha-bhosles-death-her-voice-lives-on/articleshow/130205652.cms,"['TAX_FNCACT_ARTIST', 'EPU_ECONOMY_HISTORIC', 'EPU_ECONOMY_HISTORIC', 'CRISISLEX_T11_UPDATESSYMPATHY', 'TAX_WORLDMAMMALS_HUMAN', 'TAX_FNCACT_SINGER', 'TAX_FNCACT_SINGER', 'TAX_FNCACT_SINGER', 'TAX_FNCACT_SINGER', 'TAX_FNCACT_SINGER', 'MEDIA_SOCIAL', 'WB_652_ICT_APPLICATIONS', 'WB_662_SOCIAL_MEDIA', 'WB_658_ENTERPRISE_APPLICATIONS', 'TAX_ETHNICITY_INDIAN', 'TAX_ETHNICITY_TELUGU', 'TAX_WORLDLANGUAGES_TELUGU', 'WB_678_DIGITAL_GOVERNMENT', 'WB_694_BROADCAST_AND_MEDIA', 'WB_133_INFORMATION_AND_COMMUNICATION_TECHNOLOGIES', 'UNGP_FORESTS_RIVERS_OCEANS', 'TAX_WORLDLANGUAGES_MAHARASHTRA', 'WB_2670_JOBS', 'WB_696_PUBLIC_SECTOR_MANAGEMENT', 'WB_2048_COMPENSATION_CAREERS_AND_INCENTIVES', 'WB_723_PUBLIC_ADMINISTRATION', 'WB_724_HUMAN_RESOURCES_FOR_PUBLIC_SECTOR', 'GENERAL_HEALTH', 'MEDICAL', 'SOC_POINTSOFINTEREST_HOSPITAL', 'CRISISLEX_C03_WELLBEING_HEALTH', 'CRISISLEX_CRISISLEXREC', 'TAX_FNCACT_VETERAN', 'TAX_FNCACT_ACTOR', 'TAX_FNCACT_ACTOR', 'TAX_FNCACT_ACTOR', 'TAX_FNCACT_ACTOR', 'TAX_FNCACT_ACTOR']",4.96350364963504
20260412101500-359,20260412101500,smh.com.au,https://www.smh.com.au/national/fuel-insecurity-fears-mounting-as-campaign-launches-20260412-p5znaf.html,"['GENERAL_GOVERNMENT', 'EPU_POLICY_GOVERNMENT', 'TAX_ETHNICITY_AUSTRALIANS']",-10.8695652173913
20260412101500-360,20260412101500,fool.com,https://www.fool.com/retirement/2026/04/12/how-much-money-does-social-security-generate-from/?source=iedfolrf0000001,"['RETIREMENT', 'RETIREMENT', 'RETIREMENT', 'WB_2690_CATEGORIES_OF_EMPLOYMENT', 'WB_2690_CATEGORIES_OF_EMPLOYMENT', 'WB_2690_CATEGORIES_OF_EMPLOYMENT', 'WB_2670_JOBS', 'WB_2670_JOBS', 'WB_2670_JOBS', 'WB_2689_JOBS_DIAGNOSTICS', 'WB_2689_JOBS_DIAGNOSTICS', 'WB_2689_JOBS_DIAGNOSTICS', 'WB_2896_RETIREMENT', 'WB_2896_RETIREMENT', 'WB_2896_RETIREMENT', 'CRISISLEX_C07_SAFETY', 'CRISISLEX_C07_SAFETY', 'CRISISLEX_C07_SAFETY', 'CRISISLEX_C07_SAFETY', 'CRISISLEX_C07_SAFETY', 'CRISISLEX_C07_SAFETY', 'CRISISLEX_C07_SAFETY', 'CRISISLEX_C07_SAFETY', 'CRISISLEX_C07_SAFETY', 'CRISISLEX_C07_SAFETY', 'CRISISLEX_C07_SAFETY', 'CRISISLEX_C07_SAFETY', 'ECON_INTEREST_RATES', 'ECON_INTEREST_RATES', 'ECON_INTEREST_RATES', 'EPU_POLICY_INTEREST_RATE', 'EPU_POLICY_INTEREST_RATE', 'EPU_POLICY_INTEREST_RATE', 'CRISISLEX_CRISISLEXREC', 'WB_696_PUBLIC_SECTOR_MANAGEMENT', 'WB_696_PUBLIC_SECTOR_MANAGEMENT', 'WB_696_PUBLIC_SECTOR_MANAGEMENT', 'WB_713_PUBLIC_FINANCE', 'WB_713_PUBLIC_FINANCE', 'WB_713_PUBLIC_FINANCE', 'WB_1045_TREASURY', 'WB_1045_TREASURY', 'WB_1045_TREASURY', 'GENERAL_GOVERNMENT', 'GENERAL_GOVERNMENT', 'GENERAL_GOVERNMENT', 'USPEC_POLITICS_GENERAL1', 'USPEC_POLITICS_GENERAL1', 'USPEC_POLITICS_GENERAL1', 'EPU_POLICY_CONGRESS', 'EPU_POLICY_CONGRESS', 'EPU_POLICY_CONGRESS', 'EPU_CATS_ENTITLEMENT_PROGRAMS', 'EPU_CATS_ENTITLEMENT_PROGRAMS', 'EPU_CATS_ENTITLEMENT_PROGRAMS', 'EPU_CATS_ENTITLEMENT_PROGRAMS', 'EPU_CATS_ENTITLEMENT_PROGRAMS', 'EPU_CATS_ENTITLEMENT_PROGRAMS', 'EPU_CATS_ENTITLEMENT_PROGRAMS', 'EPU_CATS_ENTITLEMENT_PROGRAMS', 'EPU_CATS_ENTITLEMENT_PROGRAMS', 'EPU_CATS_ENTITLEMENT_PROGRAMS', 'EPU_CATS_ENTITLEMENT_PROGRAMS', 'EPU_CATS_ENTITLEMENT_PROGRAMS', 'EPU_POLICY_INTEREST_RATES', 'EPU_POLICY_INTEREST_RATES', 'EPU_POLICY_INTEREST_RATES', 'EPU_POLICY_INTEREST_RATES', 'EPU_CATS_MONETARY_POLICY', 'EPU_CATS_MONETARY_POLICY', 'EPU_CATS_MONETARY_POLICY', 'EPU_CATS_MONETARY_POLICY', 'ECON_STOCKMARKET', 'ECON_TAXATION', 'EPU_POLICY_TAX', 'DISABILITY', 'WB_1458_HEALTH_PROMOTION_AND_DISEASE_PREVENTION', 'WB_635_PUBLIC_HEALTH', 'WB_1464_HEALTH_OF_THE_DISABLED', 'WB_621_HEALTH_NUTRITION_AND_POPULATION', 'USPEC_POLICY1', 'USPEC_POLICY1', 'USPEC_POLICY1', 'USPEC_POLICY1', 'EPU_POLICY_DEFICIT', 'EPU_POLICY_DEFICIT', 'EPU_POLICY_DEFICIT', 'EPU_POLICY_DEFICIT', 'TAX_FNCACT_ACTUARIES', 'AFFECT', 'AFFECT', 'AFFECT', 'AFFECT', 'CRISISLEX_T02_INJURED', 'CRISISLEX_T02_INJURED', 'CRISISLEX_T02_INJURED', 'CRISISLEX_T02_INJURED', 'WB_1973_FINANCIAL_RISK_REDUCTION', 'WB_1973_FINANCIAL_RISK_REDUCTION', 'WB_1973_FINANCIAL_RISK_REDUCTION', 'WB_1973_FINANCIAL_RISK_REDUCTION', 'WB_1973_FINANCIAL_RISK_REDUCTION', 'WB_435_AGRICULTURE_AND_FOOD_SECURITY', 'WB_435_AGRICULTURE_AND_FOOD_SECURITY', 'WB_435_AGRICULTURE_AND_FOOD_SECURITY', 'WB_435_AGRICULTURE_AND_FOOD_SECURITY', 'WB_435_AGRICULTURE_AND_FOOD_SECURITY', 'WB_337_INSURANCE', 'WB_337_INSURANCE', 'WB_337_INSURANCE', 'WB_337_INSURANCE', 'WB_337_INSURANCE', 'WB_1967_AGRICULTURAL_RISK_AND_SECURITY', 'WB_1967_AGRICULTURAL_RISK_AND_SECURITY', 'WB_1967_AGRICULTURAL_RISK_AND_SECURITY', 'WB_1967_AGRICULTURAL_RISK_AND_SECURITY', 'WB_1967_AGRICULTURAL_RISK_AND_SECURITY', 'WB_678_DIGITAL_GOVERNMENT', 'WB_653_ENTERPRISE_ARCHITECTURE', 'WB_656_PORTFOLIO_MANAGEMENT', 'WB_2375_ICT_METHODS_AND_PROCEDURES', 'WB_133_INFORMATION_AND_COMMUNICATION_TECHNOLOGIES', 'EPU_CATS_TAXES']",-1.25
20260412101500-361,20260412101500,fortmorgantimes.com,https://www.fortmorgantimes.com/2026/04/12/your-daily-horoscope-for-sunday-april-12-2026/,"['EDUCATION', 'EDUCATION']",3.88958594730238
20260412101500-362,20260412101500,cyprus-mail.com,https://cyprus-mail.com/2026/04/12/ustel-faces-censure-from-all-sides-as-welfare-deadlock-continues,"['TAX_ETHNICITY_TURKISH', 'TAX_ETHNICITY_TURKISH', 'TAX_WORLDLANGUAGES_TURKISH', 'TAX_WORLDLANGUAGES_TURKISH', 'MEDIA_MSM', 'MEDIA_MSM', 'WB_696_PUBLIC_SECTOR_MANAGEMENT', 'WB_696_PUBLIC_SECTOR_MANAGEMENT', 'WB_831_GOVERNANCE', 'WB_831_GOVERNANCE', 'USPEC_POLITICS_GENERAL1', 'USPEC_POLITICS_GENERAL1', 'USPEC_POLITICS_GENERAL1', 'TRANSPARENCY', 'UNGP_FORESTS_RIVERS_OCEANS', 'TAX_FNCACT_WORKERS', 'ALLIANCE', 'ALLIANCE', 'ALLIANCE', 'ALLIANCE', 'ALLIANCE', 'ALLIANCE', 'ALLIANCE', 'ALLIANCE', 'ALLIANCE', 'STRIKE', 'STRIKE', 'WB_135_TRANSPORT', 'WB_1668_LABOR_STANDARDS', 'WB_1668_LABOR_STANDARDS', 'WB_1668_LABOR_STANDARDS', 'WB_855_LABOR_MARKETS', 'WB_855_LABOR_MARKETS', 'WB_855_LABOR_MARKETS', 'WB_1670_TRADE_UNIONS', 'WB_1670_TRADE_UNIONS', 'WB_1670_TRADE_UNIONS', 'WB_697_SOCIAL_PROTECTION_AND_LABOR', 'WB_697_SOCIAL_PROTECTION_AND_LABOR', 'WB_697_SOCIAL_PROTECTION_AND_LABOR', 'TAX_FNCACT_CHIEF', 'TAX_FNCACT_LEADER', 'TAX_FNCACT_LEADER', 'TAX_FNCACT_MINISTER', 'TAX_FNCACT_MINISTER', 'PROTEST', 'TAX_FNCACT_DEMONSTRATORS', 'USPEC_UNCERTAINTY1', 'LEADER', 'TAX_FNCACT_PRIME_MINISTER', 'TAX_WORLDLANGUAGES_AZERBAIJAN', 'EPU_POLICY_POLITICAL', 'TAX_FNCACT_EXECUTIVE', 'DEMOCRACY', 'WB_678_DIGITAL_GOVERNMENT', 'WB_678_DIGITAL_GOVERNMENT', 'WB_694_BROADCAST_AND_MEDIA', 'WB_694_BROADCAST_AND_MEDIA', 'WB_133_INFORMATION_AND_COMMUNICATION_TECHNOLOGIES', 'WB_133_INFORMATION_AND_COMMUNICATION_TECHNOLOGIES', 'DELAY', 'WB_698_TRADE', 'WB_698_TRADE', 'WB_698_TRADE', 'SECURITY_SERVICES', 'TAX_FNCACT_POLICE', 'CRISISLEX_C07_SAFETY', 'GENERAL_GOVERNMENT', 'GENERAL_GOVERNMENT', 'GENERAL_GOVERNMENT', 'GENERAL_GOVERNMENT', 'EPU_POLICY_GOVERNMENT', 'EPU_POLICY_GOVERNMENT', 'EPU_POLICY_GOVERNMENT', 'EPU_POLICY_GOVERNMENT', 'ECON_UNIONS', 'ECON_UNIONS', 'ECON_UNIONS', 'TAX_FNCACT_DEPUTY', 'WB_2203_HUMAN_RIGHTS', 'WB_2482_RECONCILIATION', 'WB_2519_RESPONSES_TO_HUMAN_RIGHTS_ABUSES', 'WB_2432_FRAGILITY_CONFLICT_AND_VIOLENCE', 'RESIGNATION', 'MANMADE_DISASTER_IMPLIED', 'TAX_FNCACT_SPEAKER', 'TAX_FNCACT_SPEAKER']",-3.63423212192263
20260412101500-363,20260412101500,cointelegraph.com,https://cointelegraph.com/news/us-clarity-act-crypto-regulations-cynthia-lummis-senator,"['EPU_POLICY_WHITE_HOUSE', 'DELAY', 'USPEC_UNCERTAINTY1', 'LEADER', 'TAX_FNCACT_PRESIDENT', 'LEGISLATION', 'LEGISLATION', 'LEGISLATION', 'USPEC_POLICY1', 'USPEC_POLICY1', 'USPEC_POLICY1', 'EPU_POLICY_LEGISLATION', 'EPU_POLICY_LEGISLATION', 'EPU_POLICY_LEGISLATION', 'EPU_POLICY_REGULATORY', 'TAX_FNCACT_FOUNDER', 'EPU_ECONOMY_HISTORIC', 'EPU_ECONOMY_HISTORIC', 'EPU_ECONOMY_HISTORIC', 'EPU_ECONOMY_HISTORIC', 'EPU_ECONOMY_HISTORIC', 'EPU_ECONOMY_HISTORIC', 'EPU_POLICY_LAW', 'ECON_ENTREPRENEURSHIP', 'ECON_ENTREPRENEURSHIP', 'TAX_FNCACT_CEO', 'TAX_FNCACT_REGULATORS', 'GENERAL_GOVERNMENT', 'EPU_POLICY_GOVERNMENT', 'ELECTION', 'EPU_CATS_MIGRATION_FEAR_FEAR', 'TAX_FNCACT_SENATOR', 'USPEC_POLITICS_GENERAL1', 'TAX_MILITARY_TITLE_OFFICER', 'TAX_FNCACT_OFFICER', 'WB_696_PUBLIC_SECTOR_MANAGEMENT', 'WB_831_GOVERNANCE', 'WB_838_PUBLIC_ACCOUNTABILITY_MECHANISMS', 'TAX_FNCACT_CHIEF', 'EPU_POLICY_CONGRESSIONAL', 'SCIENCE', 'SOC_INNOVATION']",0.806451612903226
20260412101500-364,20260412101500,livelaw.in,https://www.livelaw.in/high-court/rajasthan-high-court/rajasthan-high-court-stresses-judicial-mind-mechanical-orders-charge-stage-529962,[],-9.09090909090909
20260412101500-365,20260412101500,araratadvertiser.com.au,https://www.araratadvertiser.com.au/unsightly-town-entrance-under-review-2026-04-12,"['UNGP_FORESTS_RIVERS_OCEANS', 'CRISISLEX_T11_UPDATESSYMPATHY', 'TAX_FNCACT_CEO']",3.40909090909091
20260412101500-366,20260412101500,euobserver.com,https://euobserver.com/210775/hungary-election-which-polls-to-trust-and-everything-else-you-need-to-know/,"['TAX_FNCACT_CANDIDATE', 'TAX_POLITICAL_PARTY_NATIONALIST_PARTY', 'CONSTITUTIONAL', 'CONSTITUTIONAL', 'CONSTITUTIONAL', 'SCANDAL', 'TAX_WORLDLANGUAGES_RUSSIA', 'TAX_WORLDLANGUAGES_RUSSIA', 'EPU_CATS_NATIONAL_SECURITY', 'UNREST_BELLIGERENT', 'EPU_CATS_MIGRATION_FEAR_FEAR', 'USPEC_POLICY1', 'USPEC_POLICY1', 'USPEC_POLICY1', 'USPEC_POLICY1', 'EPU_POLICY_POLICY', 'EPU_POLICY_POLICY', 'EPU_POLICY_POLICY', 'EPU_POLICY_POLICY', 'GENERAL_GOVERNMENT', 'GENERAL_GOVERNMENT', 'GENERAL_GOVERNMENT', 'GENERAL_GOVERNMENT', 'GENERAL_GOVERNMENT', 'GENERAL_GOVERNMENT', 'GENERAL_GOVERNMENT', 'GENERAL_GOVERNMENT', 'GENERAL_GOVERNMENT', 'EPU_POLICY_GOVERNMENT', 'EPU_POLICY_GOVERNMENT', 'EPU_POLICY_GOVERNMENT', 'EPU_POLICY_GOVERNMENT', 'EPU_POLICY_GOVERNMENT', 'EPU_POLICY_GOVERNMENT', 'EPU_POLICY_GOVERNMENT', 'EPU_POLICY_GOVERNMENT', 'EPU_POLICY_GOVERNMENT', 'TAX_FNCACT_ANALYST', 'TAX_FNCACT_AUTHORITIES', 'CRISISLEX_CRISISLEXREC', 'EPU_POLICY_AUTHORITIES', 'TAX_FNCACT_SUPPORTERS', 'SOC_USSECURITYAGENCIES', 'EPU_POLICY_REFORM', 'EPU_POLICY_REFORM', 'TAX_WORLDLANGUAGES_MAGYAR', 'TAX_WORLDLANGUAGES_MAGYAR', 'TAX_WORLDLANGUAGES_MAGYAR', 'TAX_WORLDLANGUAGES_MAGYAR', 'TAX_WORLDLANGUAGES_MAGYAR', 'TAX_FNCACT_VOLUNTEERS', 'MEDIA_CENSORSHIP', 'EPU_ECONOMY', 'EPU_ECONOMY', 'EPU_ECONOMY', 'EPU_ECONOMY_HISTORIC', 'EPU_ECONOMY_HISTORIC', 'EPU_ECONOMY_HISTORIC', 'LEADER', 'TAX_FNCACT_PRIME_MINISTER', 'TAX_FNCACT_CITIZENS', 'TAX_FNCACT_CITIZENS', 'TAX_FNCACT_CITIZENS', 'EPU_POLICY_POLITICAL', 'EPU_POLICY_POLITICAL', 'EPU_POLICY_POLITICAL', 'EPU_POLICY_POLITICAL', 'EPU_POLICY_POLITICAL', 'EPU_POLICY_POLITICAL', 'EPU_POLICY_POLITICAL', 'EPU_POLICY_POLITICAL', 'EPU_POLICY_POLITICAL', 'EPU_POLICY_POLITICAL', 'EPU_POLICY_POLITICAL', 'EPU_POLICY_POLITICAL', 'EPU_POLICY_POLITICAL', 'EXTREMISM', 'TAX_FNCACT_ANALYSTS', 'TAX_FNCACT_ANALYSTS', 'TAX_FNCACT_ANALYSTS', 'TAX_FNCACT_ANALYSTS', 'TAX_FNCACT_ANALYSTS', 'TAX_FNCACT_ANALYSTS', 'DEMOCRACY', 'SLFID_DICTATORSHIP', 'USPEC_UNCERTAINTY1', 'WB_678_DIGITAL_GOVERNMENT', 'WB_678_DIGITAL_GOVERNMENT', 'WB_694_BROADCAST_AND_MEDIA', 'WB_694_BROADCAST_AND_MEDIA', 'WB_133_INFORMATION_AND_COMMUNICATION_TECHNOLOGIES', 'WB_133_INFORMATION_AND_COMMUNICATION_TECHNOLOGIES', 'TERROR', 'ARMEDCONFLICT', 'USPEC_POLITICS_GENERAL1', 'USPEC_POLITICS_GENERAL1', 'USPEC_POLITICS_GENERAL1', 'USPEC_POLITICS_GENERAL1', 'USPEC_POLITICS_GENERAL1', 'USPEC_POLITICS_GENERAL1', 'USPEC_POLITICS_GENERAL1', 'USPEC_POLITICS_GENERAL1', 'USPEC_POLITICS_GENERAL1', 'USPEC_POLITICS_GENERAL1', 'USPEC_POLITICS_GENERAL1', 'USPEC_POLITICS_GENERAL1', 'USPEC_POLITICS_GENERAL1', 'USPEC_POLITICS_GENERAL1', 'TAX_FNCACT_OFFICEHOLDERS', 'TAX_FNCACT_OFFICEHOLDERS', 'ELECTION', 'ELECTION', 'ELECTION', 'ELECTION', 'ELECTION', 'ELECTION', 'ELECTION', 'ELECTION', 'ELECTION', 'ELECTION', 'ELECTION', 'ELECTION', 'TAX_ETHNICITY_HUNGARIAN', 'TAX_ETHNICITY_HUNGARIAN', 'TAX_ETHNICITY_HUNGARIAN', 'TAX_ETHNICITY_HUNGARIAN', 'TAX_ETHNICITY_HUNGARIAN', 'TAX_ETHNICITY_HUNGARIAN', 'TAX_ETHNICITY_HUNGARIAN', 'TAX_ETHNICITY_HUNGARIAN', 'TAX_ETHNICITY_HUNGARIAN', 'TAX_ETHNICITY_HUNGARIAN', 'TAX_ETHNICITY_HUNGARIAN', 'TAX_ETHNICITY_HUNGARIAN', 'TAX_ETHNICITY_HUNGARIAN', 'TAX_WORLDLANGUAGES_HUNGARIAN', 'TAX_WORLDLANGUAGES_HUNGARIAN', 'TAX_WORLDLANGUAGES_HUNGARIAN', 'TAX_WORLDLANGUAGES_HUNGARIAN', 'TAX_WORLDLANGUAGES_HUNGARIAN', 'TAX_WORLDLANGUAGES_HUNGARIAN', 'TAX_WORLDLANGUAGES_HUNGARIAN', 'TAX_WORLDLANGUAGES_HUNGARIAN', 'TAX_WORLDLANGUAGES_HUNGARIAN', 'TAX_WORLDLANGUAGES_HUNGARIAN', 'TAX_WORLDLANGUAGES_HUNGARIAN', 'TAX_WORLDLANGUAGES_HUNGARIAN', 'TAX_WORLDLANGUAGES_HUNGARIAN', 'WB_696_PUBLIC_SECTOR_MANAGEMENT', 'WB_696_PUBLIC_SECTOR_MANAGEMENT', 'WB_831_GOVERNANCE', 'WB_831_GOVERNANCE', 'WB_833_INSTITUTIONAL_REFORM', 'WB_833_INSTITUTIONAL_REFORM', 'WB_135_TRANSPORT', 'UNGP_FORESTS_RIVERS_OCEANS', 'UNGP_FORESTS_RIVERS_OCEANS', 'UNGP_FORESTS_RIVERS_OCEANS', 'UNGP_FORESTS_RIVERS_OCEANS', 'UNGP_FORESTS_RIVERS_OCEANS', 'TAX_ETHNICITY_HUNGARIANS', 'TAX_ETHNICITY_HUNGARIANS', 'TAX_ETHNICITY_HUNGARIANS', 'TAX_ETHNICITY_HUNGARIANS', 'TAX_WORLDLANGUAGES_HUNGARIANS', 'TAX_WORLDLANGUAGES_HUNGARIANS', 'TAX_WORLDLANGUAGES_HUNGARIANS', 'TAX_WORLDLANGUAGES_HUNGARIANS', 'AUSTERITY', 'WB_1074_FISCAL_CONTRACTION', 'WB_1070_ECONOMIC_GROWTH_POLICY', 'WB_471_ECONOMIC_GROWTH', 'WB_1072_FISCAL_POLICY_AND_GROWTH', 'TAX_FNCACT_LEADER', 'TAX_FNCACT_MINISTER', 'ALLIANCE', 'TAX_WORLDLANGUAGES_SLOVAK', 'WB_2433_CONFLICT_AND_VIOLENCE', 'WB_2432_FRAGILITY_CONFLICT_AND_VIOLENCE', 'UNGP_CRIME_VIOLENCE', 'EPU_UNCERTAINTY', 'EPU_UNCERTAINTY', 'EPU_UNCERTAINTY']",-0.220653133274492
20260412101500-367,20260412101500,rediff.com,https://tv.rediff.com/news/class-xii-student-ends-life-in-beed-due-to-exam-pressure/379858,"['SECURITY_SERVICES', 'TAX_FNCACT_POLICE', 'CRISISLEX_C07_SAFETY', 'TAX_FNCACT_STUDENT', 'TAX_FNCACT_STUDENT', 'SOC_SUICIDE', 'TAX_WORLDLANGUAGES_MAHARASHTRA']",-5.0
20260412101500-368,20260412101500,jwire.com.au,https://www.jwire.com.au/kibbutz-hit-on-october-7th-rallies-to-help-northern-border-kibbutzim/,"['CRISISLEX_C07_SAFETY', 'CRISISLEX_C07_SAFETY', 'MOVEMENT_GENERAL', 'MOVEMENT_GENERAL', 'MOVEMENT_GENERAL', 'MOVEMENT_GENERAL', 'MOVEMENT_GENERAL', 'MOVEMENT_GENERAL', 'UNGP_FORESTS_RIVERS_OCEANS', 'TAX_WORLDLANGUAGES_ADELE', 'TAX_WORLDLANGUAGES_ADELE', 'UNREST_BELLIGERENT', 'EPU_CATS_MIGRATION_FEAR_FEAR', 'TAX_DISEASE_TRAUMA', 'USPEC_POLICY1', 'USPEC_POLICY1', 'EPU_UNCERTAINTY', 'EPU_UNCERTAINTY', 'AGRICULTURE', 'TAX_RELIGION_JEWISH', 'TAX_ETHNICITY_JEWISH', 'BORDER', 'BORDER', 'KILL', 'TERROR', 'ARMEDCONFLICT', 'CRISISLEX_CRISISLEXREC', 'TAX_DISEASE_WOUNDS', 'TAX_FNCACT_LEADERS', 'TAX_FNCACT_CHILDREN', 'TAX_FNCACT_CITIZENS', 'TAX_FNCACT_CITIZENS', 'TAX_FNCACT_MANAGER', 'CEASEFIRE', 'AFFECT', 'CRISISLEX_T11_UPDATESSYMPATHY']",-1.74927113702624
20260412101500-369,20260412101500,wiltsglosstandard.co.uk,https://www.wiltsglosstandard.co.uk/news/national/26013983.hungary-polls-key-election-unseat-orban-16-years/,"['WB_678_DIGITAL_GOVERNMENT', 'WB_694_BROADCAST_AND_MEDIA', 'WB_133_INFORMATION_AND_COMMUNICATION_TECHNOLOGIES', 'ECON_WORLDCURRENCIES_EURO', 'WB_135_TRANSPORT', 'AFFECT', 'LEGISLATION', 'EPU_POLICY_LAW', 'GENERAL_HEALTH', 'MEDICAL', 'EPU_POLICY_POLITICAL', 'LEADER', 'TAX_FNCACT_PRIME_MINISTER', 'DEMOCRACY', 'DEMOCRACY', 'UNGP_POLITICAL_FREEDOMS', 'UNGP_POLITICAL_FREEDOMS', 'TAX_FNCACT_CITIZENS', 'MEDIA_MSM', 'MEDIA_MSM', 'TAX_FNCACT_LEADER', 'TAX_FNCACT_LEADER', 'TAX_FNCACT_LEADER', 'TAX_FNCACT_MINISTER', 'USPEC_POLITICS_GENERAL1', 'USPEC_POLITICS_GENERAL1', 'USPEC_POLITICS_GENERAL1', 'UNGP_FORESTS_RIVERS_OCEANS', 'TAX_FNCACT_INSIDER', 'TRIAL', 'SLFID_RULE_OF_LAW', 'TAX_ETHNICITY_HUNGARIAN', 'TAX_WORLDLANGUAGES_HUNGARIAN', 'TAX_WORLDLANGUAGES_RUSSIA', 'PIRACY', 'EPU_ECONOMY_HISTORIC', 'WB_1458_HEALTH_PROMOTION_AND_DISEASE_PREVENTION', 'WB_1462_WATER_SANITATION_AND_HYGIENE', 'WB_635_PUBLIC_HEALTH', 'WB_621_HEALTH_NUTRITION_AND_POPULATION', 'VETO', 'USPEC_UNCERTAINTY1', 'PROPAGANDA', 'TAX_WORLDLANGUAGES_MAGYAR', 'TAX_WORLDLANGUAGES_MAGYAR', 'TAX_WORLDLANGUAGES_MAGYAR', 'TAX_WORLDLANGUAGES_MAGYAR', 'TAX_WORLDLANGUAGES_MAGYAR', 'TAX_WORLDLANGUAGES_MAGYAR', 'TAX_WORLDLANGUAGES_MAGYAR', 'TAX_FNCACT_SUPPORTERS', 'GENERAL_GOVERNMENT', 'GENERAL_GOVERNMENT', 'EPU_POLICY_GOVERNMENT', 'EPU_POLICY_GOVERNMENT', 'PROTEST', 'MOVEMENT_GENERAL', 'TAX_FNCACT_ACTIVISTS', 'EPU_CATS_HEALTHCARE', 'EXTREMISM', 'EXTREMISM', 'UNREST_CRACKDOWN', 'CORRUPTION', 'CORRUPTION', 'ELECTION', 'ELECTION', 'ELECTION', 'ELECTION', 'ELECTION', 'ELECTION', 'ELECTION']",-1.05105105105105
20260412101500-370,20260412101500,theage.com.au,https://www.theage.com.au/national/two-sydney-homes-fired-at-in-early-morning-shootings-20260412-p5znah.html,"['SECURITY_SERVICES', 'TAX_FNCACT_POLICE', 'CRISISLEX_C07_SAFETY']",-7.5
20260412101500-371,20260412101500,countypress.co.uk,https://www.countypress.co.uk/news/national/26013983.hungary-polls-key-election-unseat-orban-16-years/,"['UNGP_FORESTS_RIVERS_OCEANS', 'USPEC_POLITICS_GENERAL1', 'USPEC_POLITICS_GENERAL1', 'USPEC_POLITICS_GENERAL1', 'MEDIA_MSM', 'MEDIA_MSM', 'TAX_FNCACT_MINISTER', 'TAX_FNCACT_LEADER', 'TAX_FNCACT_LEADER', 'TAX_FNCACT_LEADER', 'TAX_ETHNICITY_HUNGARIAN', 'TAX_WORLDLANGUAGES_HUNGARIAN', 'TRIAL', 'SLFID_RULE_OF_LAW', 'TAX_FNCACT_INSIDER', 'LEGISLATION', 'EPU_POLICY_LAW', 'GENERAL_HEALTH', 'MEDICAL', 'WB_678_DIGITAL_GOVERNMENT', 'WB_694_BROADCAST_AND_MEDIA', 'WB_133_INFORMATION_AND_COMMUNICATION_TECHNOLOGIES', 'WB_135_TRANSPORT', 'AFFECT', 'ECON_WORLDCURRENCIES_EURO', 'DEMOCRACY', 'DEMOCRACY', 'UNGP_POLITICAL_FREEDOMS', 'UNGP_POLITICAL_FREEDOMS', 'TAX_FNCACT_CITIZENS', 'LEADER', 'TAX_FNCACT_PRIME_MINISTER', 'EPU_POLICY_POLITICAL', 'PROPAGANDA', 'TAX_WORLDLANGUAGES_MAGYAR', 'TAX_WORLDLANGUAGES_MAGYAR', 'TAX_WORLDLANGUAGES_MAGYAR', 'TAX_WORLDLANGUAGES_MAGYAR', 'TAX_WORLDLANGUAGES_MAGYAR', 'TAX_WORLDLANGUAGES_MAGYAR', 'TAX_WORLDLANGUAGES_MAGYAR', 'TAX_FNCACT_SUPPORTERS', 'EPU_CATS_HEALTHCARE', 'UNREST_CRACKDOWN', 'CORRUPTION', 'CORRUPTION', 'EXTREMISM', 'EXTREMISM', 'ELECTION', 'ELECTION', 'ELECTION', 'ELECTION', 'ELECTION', 'ELECTION', 'ELECTION', 'PROTEST', 'MOVEMENT_GENERAL', 'TAX_FNCACT_ACTIVISTS', 'GENERAL_GOVERNMENT', 'GENERAL_GOVERNMENT', 'EPU_POLICY_GOVERNMENT', 'EPU_POLICY_GOVERNMENT', 'VETO', 'USPEC_UNCERTAINTY1', 'WB_1458_HEALTH_PROMOTION_AND_DISEASE_PREVENTION', 'WB_1462_WATER_SANITATION_AND_HYGIENE', 'WB_635_PUBLIC_HEALTH', 'WB_621_HEALTH_NUTRITION_AND_POPULATION', 'EPU_ECONOMY_HISTORIC', 'TAX_WORLDLANGUAGES_RUSSIA', 'PIRACY']",-1.05105105105105
20260412101500-372,20260412101500,limerickleader.ie,https://www.limerickleader.ie/news/northern-ireland/2059842/dublin-fuel-protesters-ambushed-in-late-night-garda-operation-spokesman-says.html,"['TAX_FNCACT_SPOKESMAN', 'TAX_FNCACT_SPOKESMAN', 'AFFECT', 'ARMEDCONFLICT', 'ARMEDCONFLICT', 'SOC_RANSOM', 'LEADER', 'TAX_FNCACT_PRESIDENT', 'USPEC_POLITICS_GENERAL1', 'ENV_OIL', 'ENV_OIL', 'MEDIA_SOCIAL', 'KILL', 'TAX_FNCACT_SUPPORTERS', 'MEDICAL', 'SOC_POINTSOFINTEREST_HOSPITALS', 'AGRICULTURE', 'DISASTER_FIRE', 'CRISISLEX_T01_CAUTION_ADVICE', 'TAX_ETHNICITY_IRISH', 'TAX_ETHNICITY_IRISH', 'TAX_ETHNICITY_IRISH', 'TAX_WORLDLANGUAGES_IRISH', 'TAX_WORLDLANGUAGES_IRISH', 'TAX_WORLDLANGUAGES_IRISH', 'SHORTAGE', 'SECURITY_SERVICES', 'SECURITY_SERVICES', 'SECURITY_SERVICES', 'SECURITY_SERVICES', 'TAX_FNCACT_POLICE', 'TAX_FNCACT_POLICE', 'TAX_FNCACT_POLICE', 'TAX_FNCACT_POLICE', 'CRISISLEX_C07_SAFETY', 'CRISISLEX_C07_SAFETY', 'CRISISLEX_C07_SAFETY', 'CRISISLEX_C07_SAFETY', 'WB_678_DIGITAL_GOVERNMENT', 'WB_694_BROADCAST_AND_MEDIA', 'WB_133_INFORMATION_AND_COMMUNICATION_TECHNOLOGIES', 'BLOCKADE', 'BLOCKADE', 'SEIGE', 'SEIGE', 'WB_135_TRANSPORT', 'WB_135_TRANSPORT', 'TAX_FNCACT_STREET_CLEANERS', 'ALLIANCE', 'ALLIANCE', 'MANMADE_DISASTER_IMPLIED', 'MANMADE_DISASTER_IMPLIED', 'MANMADE_DISASTER_IMPLIED', 'WB_539_OIL_AND_GAS_POLICY_STRATEGY_AND_INSTITUTIONS', 'WB_539_OIL_AND_GAS_POLICY_STRATEGY_AND_INSTITUTIONS', 'WB_539_OIL_AND_GAS_POLICY_STRATEGY_AND_INSTITUTIONS', 'WB_507_ENERGY_AND_EXTRACTIVES', 'WB_507_ENERGY_AND_EXTRACTIVES', 'WB_507_ENERGY_AND_EXTRACTIVES', 'WB_548_PPP_IN_OIL_AND_GAS', 'WB_548_PPP_IN_OIL_AND_GAS', 'WB_548_PPP_IN_OIL_AND_GAS', 'WB_2298_REFINERIES', 'WB_2298_REFINERIES', 'WB_2298_REFINERIES', 'WB_652_ICT_APPLICATIONS', 'WB_662_SOCIAL_MEDIA', 'WB_658_ENTERPRISE_APPLICATIONS', 'TAX_FNCACT_SPOKESWOMAN', 'EPU_ECONOMY_HISTORIC', 'UNGP_CRIME_VIOLENCE', 'TAX_FNCACT_CHIEF_EXECUTIVE', 'PROTEST', 'PROTEST', 'PROTEST', 'PROTEST', 'PROTEST', 'PROTEST', 'PROTEST', 'TAX_FNCACT_COMMISSIONER', 'TAX_FNCACT_COMMISSIONER', 'RURAL', 'CRISISLEX_O02_RESPONSEAGENCIESATCRISIS', 'CRISISLEX_CRISISLEXREC', 'CRISISLEX_CRISISLEXREC', 'CRISISLEX_CRISISLEXREC', 'TAX_FNCACT_MINISTERS', 'TAX_FNCACT_SPOKESMEN', 'UNGP_FORESTS_RIVERS_OCEANS', 'UNGP_FORESTS_RIVERS_OCEANS', 'UNGP_FORESTS_RIVERS_OCEANS', 'UNGP_FORESTS_RIVERS_OCEANS', 'UNGP_FORESTS_RIVERS_OCEANS', 'GENERAL_GOVERNMENT', 'GENERAL_GOVERNMENT', 'GENERAL_GOVERNMENT', 'GENERAL_GOVERNMENT', 'GENERAL_GOVERNMENT', 'GENERAL_GOVERNMENT', 'EPU_POLICY_GOVERNMENT', 'EPU_POLICY_GOVERNMENT', 'EPU_POLICY_GOVERNMENT', 'EPU_POLICY_GOVERNMENT', 'EPU_POLICY_GOVERNMENT', 'EPU_POLICY_GOVERNMENT', 'TAX_ECON_PRICE', 'TAX_ECON_PRICE', 'TAX_ECON_PRICE', 'TAX_FNCACT_REPRESENTATIVE', 'LEGISLATION', 'EPU_POLICY_LAW', 'TAX_FNCACT_EXECUTIVE', 'ARREST', 'TAX_FNCACT_CHIEF', 'EDUCATION', 'SOC_POINTSOFINTEREST_SCHOOLS', 'CRISISLEX_O01_WEATHER', 'GENERAL_HEALTH', 'GENERAL_HEALTH', 'WB_635_PUBLIC_HEALTH', 'WB_635_PUBLIC_HEALTH', 'WB_2165_HEALTH_EMERGENCIES', 'WB_2165_HEALTH_EMERGENCIES', 'WB_621_HEALTH_NUTRITION_AND_POPULATION', 'WB_621_HEALTH_NUTRITION_AND_POPULATION', 'WB_1324_EMERGENCY_MEDICAL_SERVICES', 'WB_1324_EMERGENCY_MEDICAL_SERVICES', 'TAX_FNCACT_WORKERS', 'MILITARY', 'MILITARY']",-5.56603773584906
20260412101500-373,20260412101500,dailypioneer.com,https://dailypioneer.com/news/ed-seizes-over-rs-6-cr-cash-during-raids-against-realty-company,"['WB_2024_ANTI_CORRUPTION_AUTHORITIES', 'WB_696_PUBLIC_SECTOR_MANAGEMENT', 'WB_831_GOVERNANCE', 'WB_832_ANTI_CORRUPTION', 'WB_2026_PREVENTION', 'WB_350_FINANCIAL_INFRASTRUCTURE_AND_REMITTANCES', 'WB_350_FINANCIAL_INFRASTRUCTURE_AND_REMITTANCES', 'WB_1920_FINANCIAL_SECTOR_DEVELOPMENT', 'WB_1920_FINANCIAL_SECTOR_DEVELOPMENT', 'WB_1277_BANKRUPTCY_AND_LIQUIDATION', 'WB_1277_BANKRUPTCY_AND_LIQUIDATION', 'WB_411_DEBT_RESOLUTION', 'WB_411_DEBT_RESOLUTION', 'WB_2937_SILVER', 'WB_507_ENERGY_AND_EXTRACTIVES', 'WB_895_MINING_SYSTEMS', 'WB_1699_METAL_ORE_MINING', 'CRISISLEX_CRISISLEXREC', 'EPU_ECONOMY', 'EPU_ECONOMY_HISTORIC', 'WB_2019_ANTI_CORRUPTION_LEGISLATION', 'WB_2020_BRIBERY_FRAUD_AND_COLLUSION', 'WB_840_JUSTICE', 'WB_840_JUSTICE', 'WB_2025_INVESTIGATION', 'WB_2025_INVESTIGATION', 'WB_1014_CRIMINAL_JUSTICE', 'WB_1014_CRIMINAL_JUSTICE', 'TRIAL', 'SECURITY_SERVICES', 'TAX_FNCACT_POLICE', 'CRISISLEX_C07_SAFETY', 'CORRUPTION', 'CORRUPTION', 'ECON_MONEYLAUNDERING', 'ECON_MONEYLAUNDERING', 'WB_2076_MONEY_LAUNDERING', 'WB_2076_MONEY_LAUNDERING', 'WB_328_FINANCIAL_INTEGRITY', 'WB_328_FINANCIAL_INTEGRITY', 'SOC_GENERALCRIME', 'TAX_FNCACT_DIRECTORS', 'TAX_FNCACT_DIRECTORS', 'TAX_FNCACT_OFFICIALS', 'TAX_FNCACT_OFFICIALS', 'TAX_FNCACT_OFFICIALS', 'ECON_HOUSING_PRICES', 'ECON_HOUSING_PRICES', 'TAX_FNCACT_OFFICIAL', 'SEIZE', 'SEIZE']",-1.69491525423729
20260412101500-374,20260412101500,coventryobserver.co.uk,https://coventryobserver.co.uk/lifestyle/britains-lost-predator-to-fly-again-golden-eagles-set-for-historic-return-to-english-skies-61068/,"['TAX_WORLDBIRDS_GOLDEN_EAGLES', 'TAX_WORLDBIRDS_GOLDEN_EAGLES', 'TAX_WORLDBIRDS_GOLDEN_EAGLES', 'TAX_WORLDBIRDS_GOLDEN_EAGLES', 'TAX_WORLDBIRDS_GOLDEN_EAGLES', 'TAX_WORLDBIRDS_GOLDEN_EAGLES', 'TAX_WORLDBIRDS_GOLDEN_EAGLES', 'BORDER', 'BORDER']",2.75761973875181
20260412101500-375,20260412101500,dailymail.co.uk,https://www.dailymail.co.uk/tvshowbiz/article-15726269/Eamonn-Holmes-fathers-stroke-real-shock.html,"['MEDIA_MSM', 'GENERAL_HEALTH', 'GENERAL_HEALTH', 'GENERAL_HEALTH', 'MEDICAL', 'MEDICAL', 'MEDICAL', 'SOC_POINTSOFINTEREST_HOSPITAL', 'SOC_POINTSOFINTEREST_HOSPITAL', 'SOC_POINTSOFINTEREST_HOSPITAL', 'CRISISLEX_C03_WELLBEING_HEALTH', 'CRISISLEX_C03_WELLBEING_HEALTH', 'CRISISLEX_C03_WELLBEING_HEALTH', 'TAX_FNCACT_CEO', 'CRISISLEX_T11_UPDATESSYMPATHY', 'TAX_FNCACT_SPOKESPERSON', 'TAX_FNCACT_MINISTER', 'TAX_FNCACT_CHIEF', 'TAX_FNCACT_MANAGERS', 'TAX_FNCACT_PRESENTER', 'TAX_FNCACT_PRESENTER', 'TAX_FNCACT_PRESENTER', 'EPU_ECONOMY_HISTORIC', 'LEADER', 'TAX_FNCACT_PRIME_MINISTER', 'TAX_FNCACT_FATHER', 'TAX_FNCACT_FATHER', 'AFFECT', 'TAX_DISEASE_STROKE', 'TAX_DISEASE_STROKE', 'TAX_DISEASE_STROKE', 'TAX_DISEASE_STROKE', 'TAX_FNCACT_SECRETARY', 'WB_1160_SHOCKS_AND_VULNERABILITY', 'WB_1160_SHOCKS_AND_VULNERABILITY', 'WB_1160_SHOCKS_AND_VULNERABILITY', 'WB_1160_SHOCKS_AND_VULNERABILITY', 'WB_695_POVERTY', 'WB_695_POVERTY', 'WB_695_POVERTY', 'WB_695_POVERTY', 'MANMADE_DISASTER_IMPLIED']",-0.62111801242236
20260412101500-376,20260412101500,yahoo.com,https://www.yahoo.com/news/articles/beware-text-messages-connecticut-judicial-093000132.html,"['SOC_GENERALCRIME', 'TRIAL', 'TRIAL', 'TRIAL', 'WB_696_PUBLIC_SECTOR_MANAGEMENT', 'WB_840_JUSTICE', 'TRAFFIC', 'TAX_FNCACT_ADMINISTRATOR', 'MANMADE_DISASTER_IMPLIED', 'TAX_FNCACT_CHIEF', 'TAX_FNCACT_JUDGE', 'TAX_FNCACT_JUDGE', 'TAX_FNCACT_OFFICIALS', 'TAX_FNCACT_OFFICIALS', 'TAX_FNCACT_OFFICIALS', 'TAX_FNCACT_OFFICIALS']",-7.17299578059072
20260412101500-377,20260412101500,clickorlando.com,https://www.clickorlando.com/entertainment/2026/04/12/john-donaldson-the-father-of-denmarks-australian-born-queen-mary-dies-at-84/,"['TAX_FNCACT_PRINCESS', 'TAX_FNCACT_FATHER', 'TAX_FNCACT_FATHER', 'EDUCATION', 'TAX_FNCACT_PROFESSOR', 'TAX_FNCACT_KING', 'TAX_ETHNICITY_SCANDINAVIAN', 'TAX_FNCACT_QUEEN', 'TAX_FNCACT_QUEEN', 'TAX_FNCACT_QUEEN', 'TAX_FNCACT_QUEEN', 'CRISISLEX_CRISISLEXREC', 'TAX_FNCACT_CROWN_PRINCESS', 'KILL', 'KILL', 'KILL', 'CRISISLEX_T03_DEAD', 'CRISISLEX_T03_DEAD', 'CRISISLEX_T03_DEAD', 'GENERAL_HEALTH', 'MEDICAL']",0.952380952380952
20260412101500-378,20260412101500,el-balad.com,https://www.el-balad.com/16910451,"['EPU_ECONOMY_HISTORIC', 'WB_290_TELECOMMUNICATIONS_ORGANIZATIONAL_DESIGN', 'WB_288_TELECOMMUNICATIONS_SECTOR_POLICY_AND_REGULATION', 'WB_286_TELECOMMUNICATIONS_AND_BROADBAND_ACCESS', 'WB_133_INFORMATION_AND_COMMUNICATION_TECHNOLOGIES', 'MEDIA_SOCIAL', 'WB_476_GREEN_GROWTH', 'WB_471_ECONOMIC_GROWTH', 'WB_1100_SUSTAINABLE_GROWTH', 'UNGP_FORESTS_RIVERS_OCEANS', 'ECON_EARNINGSREPORT', 'ECON_STOCKMARKET', 'ECON_STOCKMARKET', 'ECON_STOCKMARKET', 'TAX_FNCACT_CEO', 'WB_2670_JOBS', 'WB_2670_JOBS', 'WB_2769_JOBS_STRATEGIES', 'WB_2769_JOBS_STRATEGIES', 'WB_2840_INTEGRATION', 'WB_2840_INTEGRATION', 'WB_2836_MIGRATION_POLICIES_AND_JOBS', 'WB_2836_MIGRATION_POLICIES_AND_JOBS']",-0.191938579654511
20260412101500-379,20260412101500,rollingstone.com,https://www.rollingstone.com/music/music-news/justin-bieber-kid-laroi-guest-coachella-2026-1235543487/,"['TAX_WORLDMAMMALS_HUMAN', 'TAX_FNCACT_ARTIST', 'TAX_FNCACT_MUSICIAN', 'TAX_FNCACT_MUSICIAN', 'CRISISLEX_T11_UPDATESSYMPATHY']",3.73563218390805
20260412101500-380,20260412101500,havasunews.com,https://www.havasunews.com/parker_pioneer/opinion/todays-poll-are-weekly-early-release-days-necessary-at-lake-havasu-city-schools/poll_d0405add-191c-4fed-b77c-5390d755823e.html,"['WB_1458_HEALTH_PROMOTION_AND_DISEASE_PREVENTION', 'WB_1462_WATER_SANITATION_AND_HYGIENE', 'WB_635_PUBLIC_HEALTH', 'WB_621_HEALTH_NUTRITION_AND_POPULATION', 'DISCRIMINATION', 'DISCRIMINATION_RACE_RACISM', 'UNGP_FREEDOM_FROM_DISCRIMINATION']",-8.16326530612245
20260412101500-381,20260412101500,sydneysun.com,http://www.sydneysun.com/news/278978009/mass-terrorism-trial-in-nigeria-sees-over-300-suspects-convicted,"['KIDNAP', 'SOC_POINTSOFINTEREST_PRISON', 'WB_2495_DETENTION_PRISON_AND_CORRECTIONS_REFORM', 'WB_2470_PEACE_OPERATIONS_AND_CONFLICT_MANAGEMENT', 'WB_2490_NATIONAL_PROTECTION_AND_SECURITY', 'CRISISLEX_C05_NEED_OF_SHELTERS', 'BORDER', 'TERROR', 'WB_2467_TERRORISM', 'WB_2433_CONFLICT_AND_VIOLENCE', 'WB_2432_FRAGILITY_CONFLICT_AND_VIOLENCE', 'WB_2462_POLITICAL_VIOLENCE_AND_WAR', 'EPU_CATS_NATIONAL_SECURITY', 'INSURGENCY', 'INSURGENCY', 'WB_2464_INSURGENCY', 'WB_2464_INSURGENCY', 'IDEOLOGY', 'AGRICULTURE', 'TAX_FNCACT_HERDERS', 'WB_696_PUBLIC_SECTOR_MANAGEMENT', 'WB_840_JUSTICE', 'KILL', 'TRIAL', 'TAX_ETHNICITY_FULANI', 'TAX_WORLDLANGUAGES_FULANI', 'TAX_RELIGION_CHRISTIAN', 'TAX_ETHNICITY_CHRISTIAN', 'CRISISLEX_T09_DISPLACEDRELOCATEDEVACUATED', 'TAX_TERROR_GROUP_BOKO_HARAM', 'SOC_RANSOM', 'SOC_RANSOM', 'TAX_FNCACT_CRIMINAL', 'TAX_FNCACT_ATTORNEY', 'TAX_FNCACT_JUDGES', 'TAX_RELIGION_ISLAMIC', 'TAX_RELIGION_ISLAMIC', 'ORGANIZED_CRIME', 'WB_2452_GANGS', 'WB_2445_NON_STATE_SECURITY_ACTORS', 'TAX_TERROR_GROUP_ISLAMIC_STATE', 'TAX_TERROR_GROUP_ISLAMIC_STATE', 'GENERAL_GOVERNMENT', 'EPU_POLICY_GOVERNMENT', 'MEDIA_MSM', 'ARMEDCONFLICT', 'TAX_RELIGION_MUSLIM', 'TAX_ETHNICITY_MUSLIM', 'CRISISLEX_CRISISLEXREC', 'CRISISLEX_C07_SAFETY']",-9.68992248062015
20260412101500-382,20260412101500,politico.eu,https://www.politico.eu/article/hungary-2026-election-high-voter-turnout-viktor-orban-peter-magyar/,"['ELECTION', 'ELECTION', 'TAX_FNCACT_MINISTER', 'TAX_WORLDLANGUAGES_MAGYAR', 'EPU_POLICY_POLITICAL', 'USPEC_POLITICS_GENERAL1', 'TAX_ETHNICITY_HUNGARIAN', 'TAX_WORLDLANGUAGES_HUNGARIAN', 'LEADER', 'TAX_FNCACT_PRIME_MINISTER', 'TAX_FNCACT_POLITICO']",0.0
20260412101500-383,20260412101500,superbike-news.co.uk,https://superbike-news.co.uk/herlings-sacha-coenen-roll-over-riola-in-qualifying-at-the-mxgp-of-sardegna/,"['UNREST_BELLIGERENT', 'TAX_ETHNICITY_BLACK', 'TAX_ETHNICITY_BLACK', 'TAX_ETHNICITY_BLACK', 'TAX_ETHNICITY_BLACK', 'TAX_ETHNICITY_BLACK', 'TAX_ETHNICITY_BLACK', 'MANMADE_DISASTER_IMPLIED', 'MANMADE_DISASTER_IMPLIED', 'MANMADE_DISASTER_IMPLIED', 'MANMADE_DISASTER_IMPLIED', 'MANMADE_DISASTER_IMPLIED', 'MANMADE_DISASTER_IMPLIED', 'MANMADE_DISASTER_IMPLIED', 'MANMADE_DISASTER_IMPLIED', 'TAX_FNCACT_MAN', 'TAX_FNCACT_MAN', 'TAX_WORLDMAMMALS_WOLF', 'TAX_WORLDMAMMALS_WOLF', 'TAX_WORLDMAMMALS_WOLF', 'TAX_WORLDMAMMALS_WOLF', 'TAX_WORLDMAMMALS_WOLF', 'TAX_WORLDMAMMALS_WOLF', 'TAX_WORLDLANGUAGES_SHERPA', 'TAX_WORLDLANGUAGES_SHERPA', 'CRISISLEX_CRISISLEXREC', 'TAX_FNCACT_LUMBERJACK', 'TAX_FNCACT_LUMBERJACK', 'TAX_FNCACT_CHAMPIONS', 'TAX_ETHNICITY_POLE', 'TAX_ETHNICITY_BELGIAN', 'TAX_ETHNICITY_BELGIAN', 'TAX_ETHNICITY_BELGIAN', 'TAX_FNCACT_LEADERS', 'TAX_FNCACT_PILOT', 'KIDNAP', 'CRISISLEX_O01_WEATHER', 'EPU_ECONOMY_HISTORIC', 'WB_1428_INJURY', 'WB_1406_DISEASES', 'WB_621_HEALTH_NUTRITION_AND_POPULATION', 'WB_1427_NON_COMMUNICABLE_DISEASE_AND_INJURY', 'TAX_FNCACT_GENTLEMAN', 'TAX_ETHNICITY_ITALIAN', 'TAX_WORLDLANGUAGES_ITALIAN', 'USPEC_POLITICS_GENERAL1', 'TAX_ETHNICITY_GERMAN', 'TAX_WORLDLANGUAGES_GERMAN', 'TAX_ECON_PRICE', 'WB_2670_JOBS', 'WB_2670_JOBS', 'WB_696_PUBLIC_SECTOR_MANAGEMENT', 'WB_696_PUBLIC_SECTOR_MANAGEMENT', 'WB_2048_COMPENSATION_CAREERS_AND_INCENTIVES', 'WB_2048_COMPENSATION_CAREERS_AND_INCENTIVES', 'WB_723_PUBLIC_ADMINISTRATION', 'WB_723_PUBLIC_ADMINISTRATION', 'WB_724_HUMAN_RESOURCES_FOR_PUBLIC_SECTOR', 'WB_724_HUMAN_RESOURCES_FOR_PUBLIC_SECTOR', 'TAX_FNCACT_CHAMPION', 'TAX_FNCACT_CHAMPION', 'TAX_WORLDLANGUAGES_SLOVENIAN', 'CRISISLEX_C07_SAFETY', 'TAX_FNCACT_KILLER', 'PUBLIC_TRANSPORT', 'CRISISLEX_T11_UPDATESSYMPATHY', 'TAX_FNCACT_OFFICIAL', 'TAX_FNCACT_OFFICIAL', 'PROTEST', 'STRIKE', 'GENERAL_HEALTH', 'MEDICAL', 'AFFECT', 'MEDIA_SOCIAL', 'MEDIA_SOCIAL', 'TAX_ETHNICITY_LATVIAN', 'TAX_WORLDLANGUAGES_LATVIAN', 'DRONES', 'DRONES']",0.715258855585831
20260412101500-384,20260412101500,pakistantoday.com.pk,https://www.pakistantoday.com.pk/2026/04/12/minor-girl-recovered-in-sahiwal-48-hours-after-disappearance-from-bus-stop,"['AFFECT', 'ARREST', 'SOC_GENERALCRIME', 'TAX_FNCACT_POLICE_OFFICER', 'CRISISLEX_CRISISLEXREC', 'TAX_FNCACT_SHOPKEEPER', 'TAX_FNCACT_SHOPKEEPER', 'TAX_WORLDLANGUAGES_SHER', 'TAX_WORLDLANGUAGES_MANDI', 'TAX_FNCACT_CHILD', 'TAX_FNCACT_CHILD', 'TAX_FNCACT_CHILD', 'TAX_FNCACT_CHILD', 'TAX_FNCACT_CHILD', 'TAX_FNCACT_CHILD', 'WB_698_TRADE', 'TAX_FNCACT_CHILDREN', 'TAX_FNCACT_FATHER', 'SOC_POINTSOFINTEREST_POLICE_STATION', 'TAX_FNCACT_WOMAN', 'TAX_FNCACT_WOMAN', 'TAX_FNCACT_WOMAN', 'TAX_FNCACT_WOMAN', 'SURVEILLANCE', 'CRIME_COMMON_ROBBERY', 'CRIME_COMMON_ROBBERY', 'TAX_FNCACT_AUTHORITIES', 'EPU_POLICY_AUTHORITIES', 'MANMADE_DISASTER_IMPLIED', 'MANMADE_DISASTER_IMPLIED', 'MANMADE_DISASTER_IMPLIED', 'MANMADE_DISASTER_IMPLIED', 'PUBLIC_TRANSPORT', 'PUBLIC_TRANSPORT', 'PUBLIC_TRANSPORT', 'PUBLIC_TRANSPORT', 'TAX_FNCACT_OFFICER', 'TAX_FNCACT_OFFICER', 'TAX_ETHNICITY_BALOCH', 'WB_2024_ANTI_CORRUPTION_AUTHORITIES', 'WB_2024_ANTI_CORRUPTION_AUTHORITIES', 'WB_2024_ANTI_CORRUPTION_AUTHORITIES', 'WB_2024_ANTI_CORRUPTION_AUTHORITIES', 'WB_696_PUBLIC_SECTOR_MANAGEMENT', 'WB_696_PUBLIC_SECTOR_MANAGEMENT', 'WB_696_PUBLIC_SECTOR_MANAGEMENT', 'WB_696_PUBLIC_SECTOR_MANAGEMENT', 'WB_840_JUSTICE', 'WB_840_JUSTICE', 'WB_840_JUSTICE', 'WB_840_JUSTICE', 'WB_2025_INVESTIGATION', 'WB_2025_INVESTIGATION', 'WB_2025_INVESTIGATION', 'WB_2025_INVESTIGATION', 'WB_831_GOVERNANCE', 'WB_831_GOVERNANCE', 'WB_831_GOVERNANCE', 'WB_831_GOVERNANCE', 'WB_832_ANTI_CORRUPTION', 'WB_832_ANTI_CORRUPTION', 'WB_832_ANTI_CORRUPTION', 'WB_832_ANTI_CORRUPTION', 'WB_1014_CRIMINAL_JUSTICE', 'WB_1014_CRIMINAL_JUSTICE', 'WB_1014_CRIMINAL_JUSTICE', 'WB_1014_CRIMINAL_JUSTICE', 'SECURITY_SERVICES', 'SECURITY_SERVICES', 'SECURITY_SERVICES', 'SECURITY_SERVICES', 'SECURITY_SERVICES', 'SECURITY_SERVICES', 'SECURITY_SERVICES', 'SECURITY_SERVICES', 'SECURITY_SERVICES', 'SECURITY_SERVICES', 'SECURITY_SERVICES', 'SECURITY_SERVICES', 'SECURITY_SERVICES', 'SECURITY_SERVICES', 'SECURITY_SERVICES', 'SECURITY_SERVICES', 'SECURITY_SERVICES', 'SECURITY_SERVICES', 'SECURITY_SERVICES', 'SECURITY_SERVICES', 'TAX_FNCACT_POLICE', 'TAX_FNCACT_POLICE', 'TAX_FNCACT_POLICE', 'TAX_FNCACT_POLICE', 'TAX_FNCACT_POLICE', 'TAX_FNCACT_POLICE', 'TAX_FNCACT_POLICE', 'TAX_FNCACT_POLICE', 'TAX_FNCACT_POLICE', 'TAX_FNCACT_POLICE', 'TAX_FNCACT_POLICE', 'TAX_FNCACT_POLICE', 'TAX_FNCACT_POLICE', 'TAX_FNCACT_POLICE', 'TAX_FNCACT_POLICE', 'TAX_FNCACT_POLICE', 'TAX_FNCACT_POLICE', 'TAX_FNCACT_POLICE', 'TAX_FNCACT_POLICE', 'TAX_FNCACT_POLICE', 'CRISISLEX_C07_SAFETY', 'CRISISLEX_C07_SAFETY', 'CRISISLEX_C07_SAFETY', 'CRISISLEX_C07_SAFETY', 'CRISISLEX_C07_SAFETY', 'CRISISLEX_C07_SAFETY', 'CRISISLEX_C07_SAFETY', 'CRISISLEX_C07_SAFETY', 'CRISISLEX_C07_SAFETY', 'CRISISLEX_C07_SAFETY', 'CRISISLEX_C07_SAFETY', 'CRISISLEX_C07_SAFETY', 'CRISISLEX_C07_SAFETY', 'CRISISLEX_C07_SAFETY', 'CRISISLEX_C07_SAFETY', 'CRISISLEX_C07_SAFETY', 'CRISISLEX_C07_SAFETY', 'CRISISLEX_C07_SAFETY', 'CRISISLEX_C07_SAFETY', 'CRISISLEX_C07_SAFETY']",-2.34505862646566
20260412101500-385,20260412101500,clactonandfrintongazette.co.uk,https://www.clactonandfrintongazette.co.uk/news/national/26014009.dublin-fuel-protesters-ambushed-late-night-garda-operation-spokesman-says/,"['ALLIANCE', 'ALLIANCE', 'WB_135_TRANSPORT', 'WB_135_TRANSPORT', 'PROTEST', 'PROTEST', 'PROTEST', 'PROTEST', 'PROTEST', 'PROTEST', 'PROTEST', 'TAX_FNCACT_STREET_CLEANERS', 'TAX_MILITARY_TITLE_OFFICERS', 'TAX_FNCACT_OFFICERS', 'BLOCKADE', 'BLOCKADE', 'BLOCKADE', 'BLOCKADE', 'BLOCKADE', 'SEIGE', 'SEIGE', 'SEIGE', 'SEIGE', 'SEIGE', 'WB_678_DIGITAL_GOVERNMENT', 'WB_694_BROADCAST_AND_MEDIA', 'WB_133_INFORMATION_AND_COMMUNICATION_TECHNOLOGIES', 'SECURITY_SERVICES', 'SECURITY_SERVICES', 'SECURITY_SERVICES', 'TAX_FNCACT_POLICE', 'TAX_FNCACT_POLICE', 'TAX_FNCACT_POLICE', 'CRISISLEX_C07_SAFETY', 'CRISISLEX_C07_SAFETY', 'CRISISLEX_C07_SAFETY', 'SHORTAGE', 'TAX_ETHNICITY_IRISH', 'TAX_ETHNICITY_IRISH', 'TAX_ETHNICITY_IRISH', 'TAX_WORLDLANGUAGES_IRISH', 'TAX_WORLDLANGUAGES_IRISH', 'TAX_WORLDLANGUAGES_IRISH', 'MEDICAL', 'SOC_POINTSOFINTEREST_HOSPITALS', 'AGRICULTURE', 'TAX_FNCACT_SUPPORTERS', 'KILL', 'SOC_RANSOM', 'ENV_OIL', 'ENV_OIL', 'ENV_OIL', 'LEADER', 'TAX_FNCACT_PRESIDENT', 'USPEC_POLITICS_GENERAL1', 'AFFECT', 'ARMEDCONFLICT', 'TAX_FNCACT_SPOKESMAN', 'MILITARY', 'GENERAL_HEALTH', 'WB_635_PUBLIC_HEALTH', 'WB_2165_HEALTH_EMERGENCIES', 'WB_621_HEALTH_NUTRITION_AND_POPULATION', 'WB_1324_EMERGENCY_MEDICAL_SERVICES', 'CRISISLEX_O01_WEATHER', 'TAX_FNCACT_WORKERS', 'EDUCATION', 'SOC_POINTSOFINTEREST_SCHOOLS', 'TAX_FNCACT_CHIEF', 'DISASTER_FIRE', 'CRISISLEX_T01_CAUTION_ADVICE', 'ARREST', 'TAX_FNCACT_EXECUTIVE', 'LEGISLATION', 'EPU_POLICY_LAW', 'TAX_FNCACT_REPRESENTATIVE', 'TAX_ECON_PRICE', 'TAX_ECON_PRICE', 'TAX_ECON_PRICE', 'GENERAL_GOVERNMENT', 'GENERAL_GOVERNMENT', 'GENERAL_GOVERNMENT', 'GENERAL_GOVERNMENT', 'GENERAL_GOVERNMENT', 'GENERAL_GOVERNMENT', 'EPU_POLICY_GOVERNMENT', 'EPU_POLICY_GOVERNMENT', 'EPU_POLICY_GOVERNMENT', 'EPU_POLICY_GOVERNMENT', 'EPU_POLICY_GOVERNMENT', 'EPU_POLICY_GOVERNMENT', 'UNGP_FORESTS_RIVERS_OCEANS', 'UNGP_FORESTS_RIVERS_OCEANS', 'UNGP_FORESTS_RIVERS_OCEANS', 'CRISISLEX_CRISISLEXREC', 'CRISISLEX_CRISISLEXREC', 'CRISISLEX_O02_RESPONSEAGENCIESATCRISIS', 'TAX_FNCACT_MINISTERS', 'TAX_FNCACT_SPOKESMEN', 'RURAL', 'TAX_FNCACT_COMMISSIONER', 'TAX_FNCACT_COMMISSIONER', 'TAX_FNCACT_CHIEF_EXECUTIVE', 'EPU_ECONOMY_HISTORIC', 'TAX_FNCACT_SPOKESWOMAN', 'MEDIA_SOCIAL', 'WB_652_ICT_APPLICATIONS', 'WB_662_SOCIAL_MEDIA', 'WB_658_ENTERPRISE_APPLICATIONS', 'UNGP_CRIME_VIOLENCE', 'MANMADE_DISASTER_IMPLIED', 'MANMADE_DISASTER_IMPLIED', 'MANMADE_DISASTER_IMPLIED', 'WB_539_OIL_AND_GAS_POLICY_STRATEGY_AND_INSTITUTIONS', 'WB_539_OIL_AND_GAS_POLICY_STRATEGY_AND_INSTITUTIONS', 'WB_539_OIL_AND_GAS_POLICY_STRATEGY_AND_INSTITUTIONS', 'WB_507_ENERGY_AND_EXTRACTIVES', 'WB_507_ENERGY_AND_EXTRACTIVES', 'WB_507_ENERGY_AND_EXTRACTIVES', 'WB_548_PPP_IN_OIL_AND_GAS', 'WB_548_PPP_IN_OIL_AND_GAS', 'WB_548_PPP_IN_OIL_AND_GAS', 'WB_2298_REFINERIES', 'WB_2298_REFINERIES', 'WB_2298_REFINERIES']",-5.9449866903283
20260412101500-386,20260412101500,smh.com.au,https://www.smh.com.au/national/two-sydney-homes-fired-at-in-early-morning-shootings-20260412-p5znah.html,"['SECURITY_SERVICES', 'TAX_FNCACT_POLICE', 'CRISISLEX_C07_SAFETY']",-7.5
20260412101500-387,20260412101500,kashmirreader.com,https://kashmirreader.com/2026/04/12/hormuz-reopening-remains-unsafe-as-iran-fails-to-track-haphazardly-deployed-sea-mines/,"['MARITIME_INCIDENT', 'MARITIME_INCIDENT', 'MARITIME', 'MARITIME', 'MANMADE_DISASTER_IMPLIED', 'MANMADE_DISASTER_IMPLIED', 'ARMEDCONFLICT', 'TRAFFIC', 'UNGP_FORESTS_RIVERS_OCEANS', 'UNGP_FORESTS_RIVERS_OCEANS', 'UNGP_FORESTS_RIVERS_OCEANS', 'TAX_FNCACT_AUTHORITIES', 'CRISISLEX_CRISISLEXREC', 'EPU_POLICY_AUTHORITIES', 'IDEOLOGY', 'TAX_FNCACT_GUARD', 'USPEC_POLICY1', 'EPU_UNCERTAINTY', 'ENV_MINING', 'ENV_MINING', 'ENV_MINING', 'ENV_MINING', 'ENV_MINING', 'TAX_ETHNICITY_ARAB', 'TAX_RELIGION_ISLAMIC', 'DELAY', 'USPEC_UNCERTAINTY1', 'CEASEFIRE', 'TAX_FNCACT_OFFICIALS', 'TAX_FNCACT_OFFICIALS', 'ENV_OIL', 'MEDIA_MSM']",-2.67558528428094
20260412101500-388,20260412101500,limerickleader.ie,https://www.limerickleader.ie/news/northern-ireland/2059812/fuel-protest-cleared-from-dublin-as-cabinet-prepares-to-hold-emergency-meeting.html,"['ARREST', 'TAX_FNCACT_REPRESENTATIVE', 'WB_678_DIGITAL_GOVERNMENT', 'WB_694_BROADCAST_AND_MEDIA', 'WB_133_INFORMATION_AND_COMMUNICATION_TECHNOLOGIES', 'TAX_FNCACT_EXECUTIVE', 'BLOCKADE', 'BLOCKADE', 'SEIGE', 'SEIGE', 'GENERAL_HEALTH', 'WB_635_PUBLIC_HEALTH', 'WB_2165_HEALTH_EMERGENCIES', 'WB_621_HEALTH_NUTRITION_AND_POPULATION', 'WB_1324_EMERGENCY_MEDICAL_SERVICES', 'CRISISLEX_O01_WEATHER', 'TAX_FNCACT_WORKERS', 'ALLIANCE', 'TAX_FNCACT_ESCORT', 'TAX_FNCACT_CHIEF', 'EDUCATION', 'SOC_POINTSOFINTEREST_SCHOOLS', 'WB_135_TRANSPORT', 'WB_135_TRANSPORT', 'AFFECT', 'TAX_FNCACT_CHIEF_EXECUTIVE', 'PROTEST', 'PROTEST', 'PROTEST', 'PROTEST', 'PROTEST', 'TAX_FNCACT_COMMISSIONER', 'TAX_FNCACT_COMMISSIONER', 'SOC_RANSOM', 'ENV_OIL', 'ENV_OIL', 'LEADER', 'TAX_FNCACT_PRESIDENT', 'USPEC_POLITICS_GENERAL1', 'MANMADE_DISASTER_IMPLIED', 'MANMADE_DISASTER_IMPLIED', 'WB_539_OIL_AND_GAS_POLICY_STRATEGY_AND_INSTITUTIONS', 'WB_539_OIL_AND_GAS_POLICY_STRATEGY_AND_INSTITUTIONS', 'WB_507_ENERGY_AND_EXTRACTIVES', 'WB_507_ENERGY_AND_EXTRACTIVES', 'WB_548_PPP_IN_OIL_AND_GAS', 'WB_548_PPP_IN_OIL_AND_GAS', 'WB_2298_REFINERIES', 'WB_2298_REFINERIES', 'EPU_ECONOMY_HISTORIC', 'WB_652_ICT_APPLICATIONS', 'WB_662_SOCIAL_MEDIA', 'WB_658_ENTERPRISE_APPLICATIONS', 'TAX_FNCACT_SPOKESWOMAN', 'UNGP_CRIME_VIOLENCE', 'MEDICAL', 'SOC_POINTSOFINTEREST_HOSPITALS', 'GENERAL_GOVERNMENT', 'GENERAL_GOVERNMENT', 'GENERAL_GOVERNMENT', 'GENERAL_GOVERNMENT', 'GENERAL_GOVERNMENT', 'EPU_POLICY_GOVERNMENT', 'EPU_POLICY_GOVERNMENT', 'EPU_POLICY_GOVERNMENT', 'EPU_POLICY_GOVERNMENT', 'EPU_POLICY_GOVERNMENT', 'AGRICULTURE', 'DISASTER_FIRE', 'CRISISLEX_T01_CAUTION_ADVICE', 'TAX_ECON_PRICE', 'TAX_ECON_PRICE', 'TAX_ECON_PRICE', 'ARMEDCONFLICT', 'SECURITY_SERVICES', 'SECURITY_SERVICES', 'SECURITY_SERVICES', 'TAX_FNCACT_POLICE', 'TAX_FNCACT_POLICE', 'TAX_FNCACT_POLICE', 'CRISISLEX_C07_SAFETY', 'CRISISLEX_C07_SAFETY', 'CRISISLEX_C07_SAFETY', 'SHORTAGE', 'TAX_ETHNICITY_IRISH', 'TAX_ETHNICITY_IRISH', 'TAX_ETHNICITY_IRISH', 'TAX_WORLDLANGUAGES_IRISH', 'TAX_WORLDLANGUAGES_IRISH', 'TAX_WORLDLANGUAGES_IRISH', 'MEDIA_SOCIAL', 'CRISISLEX_O02_RESPONSEAGENCIESATCRISIS', 'CRISISLEX_CRISISLEXREC', 'CRISISLEX_CRISISLEXREC', 'KILL', 'TAX_FNCACT_MINISTERS', 'TAX_FNCACT_SPOKESMEN', 'UNGP_FORESTS_RIVERS_OCEANS', 'UNGP_FORESTS_RIVERS_OCEANS', 'UNGP_FORESTS_RIVERS_OCEANS']",-5.7356608478803
20260412101500-389,20260412101500,news.az,https://news.az/news/pope-leo-xiv-condemns-delusion-of-omnipotence-driving-conflict-in-iran,"['TAX_FNCACT_OFFICIALS', 'TAX_FNCACT_OFFICIALS', 'TAX_FNCACT_PRESIDENT', 'USPEC_POLITICS_GENERAL1', 'TAX_FNCACT_PRIESTS', 'NEGOTIATIONS', 'WB_696_PUBLIC_SECTOR_MANAGEMENT', 'WB_840_JUSTICE', 'WB_2473_DIPLOMACY_AND_NEGOTIATIONS', 'WB_939_NEGOTIATION', 'WB_2470_PEACE_OPERATIONS_AND_CONFLICT_MANAGEMENT', 'WB_936_ALTERNATIVE_DISPUTE_RESOLUTION', 'WB_2432_FRAGILITY_CONFLICT_AND_VIOLENCE', 'WB_843_DISPUTE_RESOLUTION', 'WB_2471_PEACEKEEPING', 'TAX_FNCACT_LEADERS', 'TAX_FNCACT_LEADERS', 'TAX_FNCACT_LEADERS', 'CRISISLEX_CRISISLEXREC', 'CRISISLEX_CRISISLEXREC', 'CEASEFIRE', 'TAX_FNCACT_CARDINAL', 'RELIGION', 'TAX_ETHNICITY_BELGIAN', 'TAX_TERROR_GROUP_HEZBOLLAH', 'TAX_POLITICAL_PARTY_HEZBOLLAH', 'TAX_FNCACT_DEPUTY', 'TAX_FNCACT_ARCHBISHOP', 'WB_2601_TRADE_LINKAGES_SPILLOVERS_AND_CONNECTIVITY', 'WB_772_TRADE_FACILITATION_AND_LOGISTICS', 'WB_698_TRADE', 'TAX_WEAPONS_BOMBS', 'CRISISLEX_T01_CAUTION_ADVICE', 'UNREST_BELLIGERENT', 'ARMEDCONFLICT', 'ARMEDCONFLICT', 'ARMEDCONFLICT', 'ARMEDCONFLICT', 'ARMEDCONFLICT', 'ARMEDCONFLICT', 'ARMEDCONFLICT', 'ARMEDCONFLICT', 'EPU_CATS_NATIONAL_SECURITY', 'EPU_CATS_NATIONAL_SECURITY', 'EPU_CATS_NATIONAL_SECURITY', 'EPU_CATS_NATIONAL_SECURITY', 'EPU_CATS_NATIONAL_SECURITY', 'EPU_CATS_NATIONAL_SECURITY', 'EPU_CATS_NATIONAL_SECURITY', 'EPU_CATS_NATIONAL_SECURITY', 'LEADER', 'LEADER', 'TAX_FNCACT_POLITICAL_LEADERS', 'TAX_FNCACT_POLITICAL_LEADERS', 'TAX_ETHNICITY_IRANIAN', 'TAX_FNCACT_SECRETARY', 'TAX_FNCACT_POPE', 'TAX_FNCACT_POPE', 'TAX_FNCACT_FATHER', 'EPU_POLICY_POLITICAL', 'EPU_POLICY_POLITICAL', 'CRISISLEX_T11_UPDATESSYMPATHY', 'CRISISLEX_T11_UPDATESSYMPATHY', 'CRISISLEX_T11_UPDATESSYMPATHY', 'TAX_RELIGION_CHRISTIAN', 'TAX_RELIGION_CHRISTIAN', 'TAX_RELIGION_CHRISTIAN', 'TAX_ETHNICITY_CHRISTIAN', 'TAX_ETHNICITY_CHRISTIAN', 'TAX_ETHNICITY_CHRISTIAN', 'WB_2433_CONFLICT_AND_VIOLENCE', 'UNGP_CRIME_VIOLENCE', 'TAX_FNCACT_CHIEF']",-3.96039603960396
20260412101500-390,20260412101500,sina.com.hk,https://portal.sina.com.hk/finance/finance-mediaoutreachnewswire/media-outreach/2026/04/12/1689825/vingroup-launches-hanoi-quang-ninh-high-speed-railway-project/,"['GENERAL_GOVERNMENT', 'GENERAL_GOVERNMENT', 'GENERAL_GOVERNMENT', 'GENERAL_GOVERNMENT', 'GENERAL_GOVERNMENT', 'GENERAL_GOVERNMENT', 'GENERAL_GOVERNMENT', 'GENERAL_GOVERNMENT', 'GENERAL_GOVERNMENT', 'GENERAL_GOVERNMENT', 'GENERAL_GOVERNMENT', 'GENERAL_GOVERNMENT', 'GENERAL_GOVERNMENT', 'GENERAL_GOVERNMENT', 'GENERAL_GOVERNMENT', 'GENERAL_GOVERNMENT', 'GENERAL_GOVERNMENT', 'GENERAL_GOVERNMENT', 'GENERAL_GOVERNMENT', 'GENERAL_GOVERNMENT', 'GENERAL_GOVERNMENT', 'GENERAL_GOVERNMENT', 'GENERAL_GOVERNMENT', 'GENERAL_GOVERNMENT', 'GENERAL_GOVERNMENT', 'GENERAL_GOVERNMENT', 'GENERAL_GOVERNMENT', 'GENERAL_GOVERNMENT', 'GENERAL_GOVERNMENT', 'GENERAL_GOVERNMENT', 'GENERAL_GOVERNMENT', 'GENERAL_GOVERNMENT', 'GENERAL_GOVERNMENT', 'GENERAL_GOVERNMENT', 'GENERAL_GOVERNMENT', 'GENERAL_GOVERNMENT', 'GENERAL_GOVERNMENT', 'GENERAL_GOVERNMENT', 'GENERAL_GOVERNMENT', 'GENERAL_GOVERNMENT', 'TAX_FNCACT_VICE_CHAIRMAN', 'TAX_WORLDLANGUAGES_PHONG', 'TAX_WORLDLANGUAGES_PHONG', 'TAX_WORLDLANGUAGES_PHONG', 'LEADER', 'LEADER', 'LEADER', 'LEADER', 'LEADER', 'LEADER', 'TAX_FNCACT_PRIME_MINISTER', 'TAX_FNCACT_PRIME_MINISTER', 'TAX_FNCACT_PRIME_MINISTER', 'TAX_FNCACT_PRIME_MINISTER', 'TAX_FNCACT_PRIME_MINISTER', 'TAX_FNCACT_PRIME_MINISTER', 'WB_678_DIGITAL_GOVERNMENT', 'WB_694_BROADCAST_AND_MEDIA', 'WB_133_INFORMATION_AND_COMMUNICATION_TECHNOLOGIES', 'TAX_FNCACT_EXECUTIVE_OFFICER', 'TAX_FNCACT_EXECUTIVE', 'TAX_FNCACT_SECRETARY', 'TAX_FNCACT_CEO', 'ECON_STOCKMARKET', 'TAX_ETHNICITY_VIETNAMESE', 'TAX_WORLDLANGUAGES_VIETNAMESE', 'TAX_FNCACT_CHAIRMAN', 'TAX_FNCACT_CHAIRMAN', 'WB_135_TRANSPORT', 'WB_135_TRANSPORT', 'WB_135_TRANSPORT', 'WB_135_TRANSPORT', 'WB_135_TRANSPORT', 'WB_135_TRANSPORT', 'WB_135_TRANSPORT', 'WB_135_TRANSPORT', 'WB_135_TRANSPORT', 'WB_135_TRANSPORT', 'WB_135_TRANSPORT', 'WB_135_TRANSPORT', 'WB_135_TRANSPORT', 'WB_135_TRANSPORT', 'WB_135_TRANSPORT', 'WB_1803_TRANSPORT_INFRASTRUCTURE', 'WB_1803_TRANSPORT_INFRASTRUCTURE', 'WB_1803_TRANSPORT_INFRASTRUCTURE', 'WB_1803_TRANSPORT_INFRASTRUCTURE', 'WB_1803_TRANSPORT_INFRASTRUCTURE', 'WB_1803_TRANSPORT_INFRASTRUCTURE', 'WB_1803_TRANSPORT_INFRASTRUCTURE', 'WB_1803_TRANSPORT_INFRASTRUCTURE', 'WB_1803_TRANSPORT_INFRASTRUCTURE', 'WB_1803_TRANSPORT_INFRASTRUCTURE', 'WB_1803_TRANSPORT_INFRASTRUCTURE', 'WB_1803_TRANSPORT_INFRASTRUCTURE', 'WB_1803_TRANSPORT_INFRASTRUCTURE', 'WB_1803_TRANSPORT_INFRASTRUCTURE', 'WB_1803_TRANSPORT_INFRASTRUCTURE', 'WB_166_RAILWAYS', 'WB_166_RAILWAYS', 'WB_166_RAILWAYS', 'WB_166_RAILWAYS', 'WB_166_RAILWAYS', 'WB_166_RAILWAYS', 'WB_166_RAILWAYS', 'WB_166_RAILWAYS', 'WB_166_RAILWAYS', 'WB_166_RAILWAYS', 'WB_166_RAILWAYS', 'WB_166_RAILWAYS', 'WB_166_RAILWAYS', 'WB_166_RAILWAYS', 'WB_166_RAILWAYS', 'CRISISLEX_C04_LOGISTICS_TRANSPORT', 'CRISISLEX_C04_LOGISTICS_TRANSPORT', 'CRISISLEX_C04_LOGISTICS_TRANSPORT', 'CRISISLEX_C04_LOGISTICS_TRANSPORT', 'CRISISLEX_C04_LOGISTICS_TRANSPORT', 'CRISISLEX_C04_LOGISTICS_TRANSPORT', 'CRISISLEX_C04_LOGISTICS_TRANSPORT', 'CRISISLEX_C04_LOGISTICS_TRANSPORT', 'CRISISLEX_C04_LOGISTICS_TRANSPORT', 'CRISISLEX_C04_LOGISTICS_TRANSPORT', 'CRISISLEX_C04_LOGISTICS_TRANSPORT', 'CRISISLEX_C04_LOGISTICS_TRANSPORT', 'CRISISLEX_C04_LOGISTICS_TRANSPORT', 'CRISISLEX_C04_LOGISTICS_TRANSPORT', 'CRISISLEX_C04_LOGISTICS_TRANSPORT', 'TAX_WORLDLANGUAGES_KHANG', 'WB_566_ENVIRONMENT_AND_NATURAL_RESOURCES', 'WB_1777_FORESTS', 'WB_590_ECOSYSTEMS', 'UNGP_FORESTS_RIVERS_OCEANS', 'TAX_FNCACT_CHIEF', 'TAX_FNCACT_MINISTER', 'TAX_FNCACT_MINISTER', 'TAX_FNCACT_MINISTER', 'TAX_FNCACT_MINISTER', 'TAX_FNCACT_MINISTER', 'TAX_FNCACT_MINISTER', 'TAX_FNCACT_MINISTER', 'TAX_FNCACT_CHIEF_EXECUTIVE', 'ECON_WORLDCURRENCIES_YEN', 'TAX_FNCACT_INVESTOR', 'TAX_FNCACT_INVESTOR', 'TAX_FNCACT_INVESTOR', 'WB_2470_PEACE_OPERATIONS_AND_CONFLICT_MANAGEMENT', 'WB_2480_POST_CONFLICT_RECONSTRUCTION', 'WB_2432_FRAGILITY_CONFLICT_AND_VIOLENCE', 'WB_2488_POPULATION_RESETTLEMENT', 'TAX_FNCACT_LEADERS', 'ECON_ENTREPRENEURSHIP', 'ECON_ENTREPRENEURSHIP', 'WB_1084_TECHNOLOGY_TRANSFER_AND_DIFFUSION', 'WB_1084_TECHNOLOGY_TRANSFER_AND_DIFFUSION', 'WB_471_ECONOMIC_GROWTH', 'WB_471_ECONOMIC_GROWTH', 'WB_1078_DETERMINANTS_OF_GROWTH', 'WB_1078_DETERMINANTS_OF_GROWTH', 'USPEC_POLITICS_GENERAL1', 'USPEC_POLITICS_GENERAL1', 'USPEC_POLITICS_GENERAL1', 'EPU_POLICY_GOVERNMENT', 'CRISISLEX_T11_UPDATESSYMPATHY', 'CRISISLEX_T11_UPDATESSYMPATHY', 'WB_507_ENERGY_AND_EXTRACTIVES', 'WB_533_ENERGY_EFFICIENCY', 'ELECTION', 'TAX_ECON_PRICE', 'EPU_ECONOMY', 'EPU_ECONOMY_HISTORIC', 'TAX_MILITARY_TITLE_OFFICER', 'TAX_FNCACT_OFFICER', 'URBAN', 'URBAN', 'URBAN', 'TAX_FNCACT_DEPUTY', 'TAX_FNCACT_DEPUTY', 'TAX_FNCACT_DEPUTY', 'TAX_FNCACT_CHIEF_EXECUTIVE_OFFICER', 'CRISISLEX_C07_SAFETY', 'PUBLIC_TRANSPORT', 'PUBLIC_TRANSPORT', 'PUBLIC_TRANSPORT']",2.55402750491159
20260412101500-391,20260412101500,post-journal.com,https://www.post-journal.com/opinion/local-commentaries/2026/04/the-cost-of-blind-trust/,"['ARMEDCONFLICT', 'TAX_DISEASE_COVID', 'TAX_DISEASE_COVID', 'TAX_DISEASE_HEART_DISEASE', 'TAX_CHRONICDISEASE_HEART_DISEASE', 'WB_1434_HEART_DISEASE', 'TAX_DISEASE_DISEASE', 'GENERAL_HEALTH', 'GENERAL_HEALTH', 'GENERAL_HEALTH', 'HEALTH_PANDEMIC', 'HEALTH_PANDEMIC', 'HEALTH_PANDEMIC', 'WB_635_PUBLIC_HEALTH', 'WB_635_PUBLIC_HEALTH', 'WB_635_PUBLIC_HEALTH', 'WB_2165_HEALTH_EMERGENCIES', 'WB_2165_HEALTH_EMERGENCIES', 'WB_2165_HEALTH_EMERGENCIES', 'WB_2166_HEALTH_EMERGENCY_PREPAREDNESS_AND_DISASTER_RESPONSE', 'WB_2166_HEALTH_EMERGENCY_PREPAREDNESS_AND_DISASTER_RESPONSE', 'WB_2166_HEALTH_EMERGENCY_PREPAREDNESS_AND_DISASTER_RESPONSE', 'WB_621_HEALTH_NUTRITION_AND_POPULATION', 'WB_621_HEALTH_NUTRITION_AND_POPULATION', 'WB_621_HEALTH_NUTRITION_AND_POPULATION', 'WB_2167_PANDEMICS', 'WB_2167_PANDEMICS', 'WB_2167_PANDEMICS', 'UNGP_HEALTHCARE', 'UNGP_HEALTHCARE', 'UNGP_HEALTHCARE', 'AFFECT', 'MEDICAL', 'MEDICAL', 'TAX_FNCACT_DOCTORS', 'TAX_FNCACT_DOCTORS', 'CRISISLEX_C03_WELLBEING_HEALTH', 'CRISISLEX_C03_WELLBEING_HEALTH', 'CRISISLEX_CRISISLEXREC', 'TAX_ETHNICITY_AMERICANS', 'TAX_ETHNICITY_AMERICANS', 'TAX_ETHNICITY_AMERICANS', 'KILL', 'CRISISLEX_T03_DEAD', 'TAX_DISEASE_COVID_19', 'TAX_POLITICAL_PARTY_DEMOCRAT', 'USPEC_POLITICS_GENERAL1', 'WB_1437_SOCIAL_DETERMINANTS_FOR_HEALTH', 'WB_1438_ALCOHOL_AND_SUBSTANCE_ABUSE', 'TAX_FNCACT_REGULATORS', 'TAX_DISEASE_CANCER', 'TAX_DISEASE_CANCER', 'WB_1406_DISEASES', 'WB_1406_DISEASES', 'WB_1431_CANCER', 'WB_1431_CANCER', 'WB_1427_NON_COMMUNICABLE_DISEASE_AND_INJURY', 'WB_1427_NON_COMMUNICABLE_DISEASE_AND_INJURY', 'TAX_WORLDMAMMALS_HORSES', 'TAX_FOODSTAPLES_GRAINS', 'WB_1331_HEALTH_TECHNOLOGIES', 'WB_1331_HEALTH_TECHNOLOGIES', 'WB_1331_HEALTH_TECHNOLOGIES', 'WB_2453_ORGANIZED_CRIME', 'WB_2453_ORGANIZED_CRIME', 'WB_2453_ORGANIZED_CRIME', 'WB_1350_PHARMACEUTICALS', 'WB_1350_PHARMACEUTICALS', 'WB_1350_PHARMACEUTICALS', 'WB_2433_CONFLICT_AND_VIOLENCE', 'WB_2433_CONFLICT_AND_VIOLENCE', 'WB_2433_CONFLICT_AND_VIOLENCE', 'WB_2432_FRAGILITY_CONFLICT_AND_VIOLENCE', 'WB_2432_FRAGILITY_CONFLICT_AND_VIOLENCE', 'WB_2432_FRAGILITY_CONFLICT_AND_VIOLENCE', 'WB_2456_DRUGS_AND_NARCOTICS', 'WB_2456_DRUGS_AND_NARCOTICS', 'WB_2456_DRUGS_AND_NARCOTICS', 'SOC_CHRONICDISEASE', 'TAX_DISEASE_OBESITY', 'WB_1435_OBESITY', 'TAX_WORLDMAMMALS_HUMAN', 'TAX_DISEASE_DISEASES', 'UNGP_FORESTS_RIVERS_OCEANS', 'GENERAL_GOVERNMENT', 'EPU_POLICY_GOVERNMENT', 'LEADER', 'TAX_FNCACT_CONGRESSWOMAN', 'AGRICULTURE', 'TAX_ECON_PRICE']",0.89974293059126
20260412101500-392,20260412101500,denverpost.com,https://www.denverpost.com/2026/04/12/daily-horoscope-for-april-12-2026/,"['TAX_FNCACT_CHILDREN', 'DRUG_TRADE', 'DRUG_TRADE', 'WB_1331_HEALTH_TECHNOLOGIES', 'WB_1331_HEALTH_TECHNOLOGIES', 'WB_2453_ORGANIZED_CRIME', 'WB_2453_ORGANIZED_CRIME', 'WB_1350_PHARMACEUTICALS', 'WB_1350_PHARMACEUTICALS', 'WB_2433_CONFLICT_AND_VIOLENCE', 'WB_2433_CONFLICT_AND_VIOLENCE', 'WB_621_HEALTH_NUTRITION_AND_POPULATION', 'WB_621_HEALTH_NUTRITION_AND_POPULATION', 'WB_2432_FRAGILITY_CONFLICT_AND_VIOLENCE', 'WB_2432_FRAGILITY_CONFLICT_AND_VIOLENCE', 'WB_2456_DRUGS_AND_NARCOTICS', 'WB_2456_DRUGS_AND_NARCOTICS', 'WB_137_WATER', 'EPU_ECONOMY_HISTORIC', 'WB_678_DIGITAL_GOVERNMENT', 'WB_678_DIGITAL_GOVERNMENT', 'WB_694_BROADCAST_AND_MEDIA', 'WB_694_BROADCAST_AND_MEDIA', 'WB_133_INFORMATION_AND_COMMUNICATION_TECHNOLOGIES', 'WB_133_INFORMATION_AND_COMMUNICATION_TECHNOLOGIES', 'DELAY', 'DELAY', 'DELAY', 'DELAY', 'EPU_CATS_MIGRATION_FEAR_FEAR', 'MEDIA_MSM', 'MEDIA_MSM', 'SEIZE', 'TAX_FNCACT_VOLUNTEER', 'TAX_FNCACT_VOLUNTEER', 'TAX_FNCACT_ACTOR', 'TAX_FNCACT_ACTOR', 'AGRICULTURE', 'UNGP_FORESTS_RIVERS_OCEANS', 'UNGP_FORESTS_RIVERS_OCEANS', 'UNGP_FORESTS_RIVERS_OCEANS', 'UNGP_FORESTS_RIVERS_OCEANS', 'TAX_FNCACT_ACTRESS']",-0.435413642960813
20260412101500-393,20260412101500,fortmorgantimes.com,https://www.fortmorgantimes.com/2026/04/12/today-in-history-april-12-euro-disney-opens-in-paris/,"['TAX_FNCACT_ACTOR', 'TAX_FNCACT_ACTOR', 'TAX_FNCACT_ACTOR', 'TAX_FNCACT_ACTOR', 'TAX_FNCACT_ACTOR', 'TAX_FNCACT_CHAIRMAN', 'TAX_DISEASE_POLIO', 'TAX_DISEASE_POLIO', 'TAX_FNCACT_MUSICIAN', 'TAX_FNCACT_MUSICIAN', 'TAX_FNCACT_MUSICIAN', 'TAX_FNCACT_COSMONAUT', 'TAX_FNCACT_ELECTED_OFFICIAL', 'TAX_FNCACT_SECRETARY', 'TAX_ETHNICITY_SOVIET', 'SOC_POINTSOFINTEREST_PRISON', 'WB_2495_DETENTION_PRISON_AND_CORRECTIONS_REFORM', 'WB_2470_PEACE_OPERATIONS_AND_CONFLICT_MANAGEMENT', 'WB_2490_NATIONAL_PROTECTION_AND_SECURITY', 'TAX_FNCACT_KING', 'TAX_FNCACT_KING', 'TAX_DISEASE_HEMORRHAGE', 'TAX_FNCACT_VOLUNTEERS', 'TAX_ETHNICITY_AMERICAN', 'REBELLION', 'WB_739_POLITICAL_VIOLENCE_AND_CIVIL_WAR', 'WB_738_SOCIAL_COHESION', 'WB_134_SOCIAL_DEVELOPMENT', 'SELF_IDENTIFIED_HUMAN_RIGHTS', 'UNGP_POLITICAL_FREEDOMS', 'ELECTION', 'TAX_FNCACT_CHILD', 'TAX_FNCACT_DIRECTOR', 'TAX_FNCACT_DIRECTOR', 'WB_1921_PRIVATE_SECTOR_DEVELOPMENT', 'WB_405_BUSINESS_CLIMATE', 'WB_2531_INSPECTIONS_LICENSING_AND_PERMITS', 'WB_2530_BUSINESS_ENVIRONMENT', 'ARREST', 'ARREST', 'SOC_GENERALCRIME', 'SOC_GENERALCRIME', 'CRISISLEX_C07_SAFETY', 'CRISISLEX_C07_SAFETY', 'MANMADE_DISASTER_IMPLIED', 'MANMADE_DISASTER_IMPLIED', 'MANMADE_DISASTER_IMPLIED', 'MANMADE_DISASTER_IMPLIED', 'MANMADE_DISASTER_IMPLIED', 'MANMADE_DISASTER_IMPLIED', 'MANMADE_DISASTER_IMPLIED', 'LEADER', 'LEADER', 'LEADER', 'TAX_FNCACT_PRESIDENT', 'TAX_FNCACT_PRESIDENT', 'TAX_FNCACT_PRESIDENT', 'USPEC_POLITICS_GENERAL1', 'USPEC_POLITICS_GENERAL1', 'USPEC_POLITICS_GENERAL1', 'TAX_POLITICAL_PARTY_REPUBLICAN', 'TAX_POLITICAL_PARTY_REPUBLICAN', 'GENERAL_HEALTH', 'HEALTH_VACCINATION', 'WB_642_CHILD_HEALTH', 'WB_1459_IMMUNIZATIONS', 'WB_621_HEALTH_NUTRITION_AND_POPULATION', 'WB_639_REPRODUCTIVE_MATERNAL_AND_CHILD_HEALTH', 'UNGP_HEALTHCARE', 'TAX_FNCACT_AUTHOR', 'TAX_FNCACT_LEADER', 'WOUND', 'TAX_WORLDMAMMALS_MOUSE', 'KILL', 'CRISISLEX_T03_DEAD', 'TAX_DISEASE_CEREBRAL_HEMORRHAGE', 'TAX_FNCACT_LADY', 'TRIAL', 'ECON_WORLDCURRENCIES_EURO', 'DEMOCRACY', 'TERROR', 'WB_2467_TERRORISM', 'WB_2433_CONFLICT_AND_VIOLENCE', 'WB_2432_FRAGILITY_CONFLICT_AND_VIOLENCE', 'WB_2462_POLITICAL_VIOLENCE_AND_WAR', 'TAX_WORLDLANGUAGES_WARM_SPRINGS', 'TAX_FNCACT_SECRETARY_OF_STATE', 'TAX_FNCACT_OFFICIAL', 'PUBLIC_TRANSPORT', 'USPEC_POLICY1', 'EPU_POLICY_BUDGET', 'TAX_FNCACT_GLAZER', 'MEDIA_MSM', 'TAX_FNCACT_MAN', 'EPU_CATS_NATIONAL_SECURITY', 'SOC_POINTSOFINTEREST_JAIL', 'TAX_WORLDMAMMALS_HUMAN', 'TAX_FNCACT_VICE_PRESIDENT']",-1.67364016736402
20260412101500-394,20260412101500,iranherald.com,http://www.iranherald.com/news/278978361/jd-vance-says-iran-talks-have-ended-without-reaching-agreement,"['GENERAL_GOVERNMENT', 'EPU_POLICY_GOVERNMENT', 'TAX_MILITARY_TITLE_ADMIRAL', 'TAX_FNCACT_ADMIRAL', 'ARMEDCONFLICT', 'ARMEDCONFLICT', 'ARMEDCONFLICT', 'EPU_CATS_NATIONAL_SECURITY', 'EPU_CATS_NATIONAL_SECURITY', 'EPU_CATS_NATIONAL_SECURITY', 'WMD', 'WMD', 'TAX_ECON_PRICE', 'NEGOTIATIONS', 'TAX_TERROR_GROUP_HEZBOLLAH', 'TAX_POLITICAL_PARTY_HEZBOLLAH', 'TAX_FNCACT_REPRESENTATIVES', 'TAX_FNCACT_VICE_PRESIDENT', 'WB_2433_CONFLICT_AND_VIOLENCE', 'WB_2465_REVOLUTIONARY_VIOLENCE', 'WB_2432_FRAGILITY_CONFLICT_AND_VIOLENCE', 'WB_2462_POLITICAL_VIOLENCE_AND_WAR', 'TAX_FNCACT_OFFICIALS', 'TAX_FNCACT_OFFICIALS', 'TAX_FNCACT_OFFICIALS', 'ENV_OIL', 'LEADER', 'LEADER', 'TAX_FNCACT_PRESIDENT', 'TAX_FNCACT_PRESIDENT', 'USPEC_POLITICS_GENERAL1', 'USPEC_POLITICS_GENERAL1', 'CRISISLEX_CRISISLEXREC', 'USPEC_UNCERTAINTY1', 'USPEC_UNCERTAINTY1', 'CRISISLEX_C04_LOGISTICS_TRANSPORT', 'WB_696_PUBLIC_SECTOR_MANAGEMENT', 'WB_713_PUBLIC_FINANCE', 'WB_1045_TREASURY', 'UNGP_FORESTS_RIVERS_OCEANS', 'WB_539_OIL_AND_GAS_POLICY_STRATEGY_AND_INSTITUTIONS', 'WB_507_ENERGY_AND_EXTRACTIVES', 'WB_2290_OIL_AND_GAS_EXPORT', 'WB_544_MID_AND_DOWNSTREAM_OIL_AND_GAS', 'TAX_FNCACT_SECRETARY_OF_STATE', 'WB_678_DIGITAL_GOVERNMENT', 'WB_678_DIGITAL_GOVERNMENT', 'WB_694_BROADCAST_AND_MEDIA', 'WB_694_BROADCAST_AND_MEDIA', 'WB_133_INFORMATION_AND_COMMUNICATION_TECHNOLOGIES', 'WB_133_INFORMATION_AND_COMMUNICATION_TECHNOLOGIES', 'FUELPRICES', 'TAX_ETHNICITY_IRANIAN', 'TAX_ETHNICITY_IRANIAN', 'TAX_ETHNICITY_IRANIAN', 'KILL', 'KILL', 'CRISISLEX_T03_DEAD', 'CRISISLEX_T03_DEAD', 'TAX_FNCACT_SECRETARY', 'TAX_FNCACT_SECRETARY', 'WB_2048_COMPENSATION_CAREERS_AND_INCENTIVES', 'WB_723_PUBLIC_ADMINISTRATION', 'WB_724_HUMAN_RESOURCES_FOR_PUBLIC_SECTOR', 'CEASEFIRE']",-2.94695481335953
20260412101500-395,20260412101500,athens-times.com,https://athens-times.com/major-infrastructure-projects-transforming-attica-from-metro-line-4-to-the-elliniko-revitalization/,"['MANMADE_DISASTER_IMPLIED', 'MANMADE_DISASTER_IMPLIED', 'WB_1083_INFRASTRUCTURE_AND_GROWTH', 'WB_1083_INFRASTRUCTURE_AND_GROWTH', 'WB_471_ECONOMIC_GROWTH', 'WB_471_ECONOMIC_GROWTH', 'WB_1078_DETERMINANTS_OF_GROWTH', 'WB_1078_DETERMINANTS_OF_GROWTH', 'WB_2024_ANTI_CORRUPTION_AUTHORITIES', 'WB_2024_ANTI_CORRUPTION_AUTHORITIES', 'WB_2024_ANTI_CORRUPTION_AUTHORITIES', 'WB_696_PUBLIC_SECTOR_MANAGEMENT', 'WB_696_PUBLIC_SECTOR_MANAGEMENT', 'WB_696_PUBLIC_SECTOR_MANAGEMENT', 'WB_831_GOVERNANCE', 'WB_831_GOVERNANCE', 'WB_831_GOVERNANCE', 'WB_832_ANTI_CORRUPTION', 'WB_832_ANTI_CORRUPTION', 'WB_832_ANTI_CORRUPTION', 'WB_2026_PREVENTION', 'WB_2026_PREVENTION', 'WB_2026_PREVENTION', 'WB_135_TRANSPORT', 'WB_135_TRANSPORT', 'TAX_ETHNICITY_GREEK', 'TAX_WORLDLANGUAGES_GREEK', 'WB_1803_TRANSPORT_INFRASTRUCTURE', 'WB_167_PORTS', 'TAX_FNCACT_OFFICIAL', 'SOC_POINTSOFINTEREST_AIRPORT', 'WB_1804_AIRPORTS', 'TOURISM', 'TOURISM', 'WB_825_TOURISM', 'WB_825_TOURISM', 'WB_1921_PRIVATE_SECTOR_DEVELOPMENT', 'WB_1921_PRIVATE_SECTOR_DEVELOPMENT', 'WB_346_COMPETITIVE_INDUSTRIES', 'WB_346_COMPETITIVE_INDUSTRIES', 'WB_818_INDUSTRY_POLICY_AND_REAL_SECTORS', 'WB_818_INDUSTRY_POLICY_AND_REAL_SECTORS', 'USPEC_POLICY1', 'EPU_POLICY_REGULATION', 'EPU_CATS_REGULATION', 'WB_2601_TRADE_LINKAGES_SPILLOVERS_AND_CONNECTIVITY', 'WB_772_TRADE_FACILITATION_AND_LOGISTICS', 'WB_866_CONNECTIVITY_AND_LAGGING_REGIONS', 'WB_698_TRADE', 'WB_797_NATIONAL_URBAN_POLICIES', 'WB_1835_URBAN_REGENERATION', 'WB_1835_URBAN_REGENERATION', 'WB_699_URBAN_DEVELOPMENT', 'WB_699_URBAN_DEVELOPMENT', 'WB_614_COMPETITIVE_CITIES', 'WB_614_COMPETITIVE_CITIES', 'CRISISLEX_T11_UPDATESSYMPATHY', 'NATURAL_DISASTER_FLOOD', 'NATURAL_DISASTER_FLOOD', 'NATURAL_DISASTER_FLOOD', 'NATURAL_DISASTER_FLOOD', 'WB_990_DRAINAGE', 'WB_151_IRRIGATION_AND_DRAINAGE', 'WB_140_AGRICULTURAL_WATER_MANAGEMENT', 'UNGP_FORESTS_RIVERS_OCEANS', 'WB_137_WATER', 'WB_137_WATER', 'WB_137_WATER', 'WB_154_FLOOD_PROTECTION', 'WB_154_FLOOD_PROTECTION', 'WB_154_FLOOD_PROTECTION', 'WB_141_WATER_RESOURCES_MANAGEMENT', 'WB_141_WATER_RESOURCES_MANAGEMENT', 'WB_141_WATER_RESOURCES_MANAGEMENT', 'TRAFFIC', 'CRISISLEX_CRISISLEXREC', 'URBAN', 'URBAN', 'URBAN', 'URBAN', 'URBAN', 'URBAN', 'DELAY', 'USPEC_UNCERTAINTY1', 'NATURAL_DISASTER_EXTREME_WEATHER', 'ENV_CLIMATECHANGE', 'CRISISLEX_O01_WEATHER', 'CRISISLEX_T01_CAUTION_ADVICE', 'UNGP_CLIMATE_CHANGE_ACTION', 'AFFECT', 'WB_1817_CONGESTION', 'WB_1817_CONGESTION', 'WB_162_TRANSPORT_ECONOMICS', 'WB_162_TRANSPORT_ECONOMICS', 'EPU_ECONOMY_HISTORIC']",0.229885057471264
20260412101500-396,20260412101500,bostonglobe.com,https://www.bostonglobe.com/2026/04/12/metro/nh-mustard-company-river-pollution-sentence/,"['UNGP_CRIME_VIOLENCE', 'CRISISLEX_CRISISLEXREC', 'TAX_FNCACT_INSPECTORS', 'TAX_FNCACT_INSPECTORS', 'TAX_FNCACT_INSPECTORS', 'TAX_FNCACT_AUTHORITIES', 'TAX_FNCACT_AUTHORITIES', 'EPU_POLICY_AUTHORITIES', 'EPU_POLICY_AUTHORITIES', 'SOC_GENERALCRIME', 'EPU_CATS_MIGRATION_FEAR_FEAR', 'TAX_ECON_PRICE', 'WB_1921_PRIVATE_SECTOR_DEVELOPMENT', 'WB_405_BUSINESS_CLIMATE', 'WB_2531_INSPECTIONS_LICENSING_AND_PERMITS', 'WB_2530_BUSINESS_ENVIRONMENT', 'CRISISLEX_C06_WATER_SANITATION', 'CRISISLEX_C06_WATER_SANITATION', 'TAX_FNCACT_ATTORNEY', 'WB_137_WATER', 'WB_137_WATER', 'WB_137_WATER', 'WB_1458_HEALTH_PROMOTION_AND_DISEASE_PREVENTION', 'WB_1458_HEALTH_PROMOTION_AND_DISEASE_PREVENTION', 'WB_1462_WATER_SANITATION_AND_HYGIENE', 'WB_1462_WATER_SANITATION_AND_HYGIENE', 'WB_635_PUBLIC_HEALTH', 'WB_635_PUBLIC_HEALTH', 'WB_621_HEALTH_NUTRITION_AND_POPULATION', 'WB_621_HEALTH_NUTRITION_AND_POPULATION', 'EPU_CATS_REGULATION', 'EPU_CATS_REGULATION', 'TAX_FNCACT_CRIMINAL', 'WB_346_COMPETITIVE_INDUSTRIES', 'WB_818_INDUSTRY_POLICY_AND_REAL_SECTORS', 'WB_1281_MANUFACTURING', 'TRIAL', 'TAX_FNCACT_REGULATORS', 'TAX_FNCACT_EMPLOYEES', 'TAX_FNCACT_EMPLOYEES', 'TAX_FNCACT_EMPLOYEES', 'MANMADE_DISASTER_IMPLIED', 'MANMADE_DISASTER_IMPLIED', 'MANMADE_DISASTER_IMPLIED', 'MANMADE_DISASTER_IMPLIED', 'MANMADE_DISASTER_IMPLIED', 'UNGP_FORESTS_RIVERS_OCEANS', 'UNGP_FORESTS_RIVERS_OCEANS', 'UNGP_FORESTS_RIVERS_OCEANS', 'UNGP_FORESTS_RIVERS_OCEANS', 'UNGP_FORESTS_RIVERS_OCEANS', 'TAX_FNCACT_ATTORNEYS', 'TAX_FNCACT_REPRESENTATIVE', 'LEGISLATION', 'LEGISLATION', 'EPU_POLICY_LAW', 'EPU_POLICY_LAW', 'SANCTIONS', 'TAX_FNCACT_TOXICOLOGIST', 'TAX_ETHNICITY_DUTCH', 'TAX_WORLDLANGUAGES_DUTCH', 'GENERAL_HEALTH', 'GENERAL_HEALTH', 'WATER_SECURITY', 'WATER_SECURITY', 'UNGP_CLEAN_WATER_SANITATION', 'UNGP_CLEAN_WATER_SANITATION', 'TAX_WORLDFISH_FISH', 'TAX_WORLDFISH_FISH', 'ENV_WATERWAYS', 'ENV_WATERWAYS', 'ENV_WATERWAYS', 'WB_1805_WATERWAYS', 'WB_1805_WATERWAYS', 'WB_1805_WATERWAYS', 'WB_135_TRANSPORT', 'WB_135_TRANSPORT', 'WB_135_TRANSPORT', 'WB_1803_TRANSPORT_INFRASTRUCTURE', 'WB_1803_TRANSPORT_INFRASTRUCTURE', 'WB_1803_TRANSPORT_INFRASTRUCTURE']",-3.85438972162741
20260412101500-397,20260412101500,jowhar.com,https://jowhar.com/tv-presenter-eamonn-holmes-recovering-well-after-stroke-son-confirms/,"['KILL', 'RETIREMENT', 'WB_2690_CATEGORIES_OF_EMPLOYMENT', 'WB_2670_JOBS', 'WB_2689_JOBS_DIAGNOSTICS', 'WB_2896_RETIREMENT', 'CRISISLEX_CRISISLEXREC', 'TAX_FNCACT_PHYSICIANS', 'TAX_FNCACT_COMPANION', 'TAX_FNCACT_PRODUCER', 'DISABILITY', 'WB_1458_HEALTH_PROMOTION_AND_DISEASE_PREVENTION', 'WB_635_PUBLIC_HEALTH', 'WB_1464_HEALTH_OF_THE_DISABLED', 'WB_621_HEALTH_NUTRITION_AND_POPULATION', 'LEADER', 'TAX_FNCACT_POLITICIAN', 'MEDIA_MSM', 'TAX_FNCACT_MAN', 'TAX_FNCACT_MAN', 'MANMADE_DISASTER_IMPLIED', 'SCANDAL', 'EDUCATION', 'WB_615_GENDER', 'WB_919_GENDER_AND_HUMAN_DEVELOPMENT', 'WB_1466_SOCIAL_ASSISTANCE', 'WB_921_SAFETY_NETS', 'WB_697_SOCIAL_PROTECTION_AND_LABOR', 'WB_1160_SHOCKS_AND_VULNERABILITY', 'WB_1160_SHOCKS_AND_VULNERABILITY', 'WB_695_POVERTY', 'WB_695_POVERTY', 'MEDIA_SOCIAL', 'WB_652_ICT_APPLICATIONS', 'WB_662_SOCIAL_MEDIA', 'WB_658_ENTERPRISE_APPLICATIONS', 'CRISISLEX_T02_INJURED', 'TAX_FNCACT_CHIEF_EXECUTIVE', 'TAX_WORLDMAMMALS_HUMAN', 'EPU_ECONOMY_HISTORIC', 'EPU_ECONOMY_HISTORIC', 'WB_2387_BROADCASTING_INDUSTRY_AND_MARKETS', 'TAX_FNCACT_CHIEF', 'CRISISLEX_T11_UPDATESSYMPATHY', 'TAX_FNCACT_PRESENTER', 'TAX_FNCACT_PRESENTER', 'TAX_FNCACT_PRESENTER', 'TAX_FNCACT_PRESENTER', 'GENERAL_HEALTH', 'GENERAL_HEALTH', 'MEDICAL', 'MEDICAL', 'SOC_POINTSOFINTEREST_HOSPITAL', 'SOC_POINTSOFINTEREST_HOSPITAL', 'CRISISLEX_C03_WELLBEING_HEALTH', 'CRISISLEX_C03_WELLBEING_HEALTH', 'TAX_FNCACT_CONSULTANT', 'TAX_FNCACT_CONSULTANT', 'EPU_CATS_MIGRATION_FEAR_FEAR', 'EPU_CATS_MIGRATION_FEAR_FEAR', 'EPU_CATS_MIGRATION_FEAR_FEAR', 'UNGP_FORESTS_RIVERS_OCEANS', 'TAX_DISEASE_STROKE', 'TAX_DISEASE_STROKE', 'TAX_DISEASE_STROKE', 'TAX_DISEASE_STROKE', 'TAX_DISEASE_STROKE', 'TAX_DISEASE_STROKE', 'TAX_DISEASE_STROKE', 'TAX_DISEASE_STROKE', 'TAX_DISEASE_STROKE', 'TAX_DISEASE_STROKE', 'TAX_DISEASE_STROKE', 'TAX_DISEASE_STROKE', 'WB_678_DIGITAL_GOVERNMENT', 'WB_678_DIGITAL_GOVERNMENT', 'WB_678_DIGITAL_GOVERNMENT', 'WB_694_BROADCAST_AND_MEDIA', 'WB_694_BROADCAST_AND_MEDIA', 'WB_694_BROADCAST_AND_MEDIA', 'WB_133_INFORMATION_AND_COMMUNICATION_TECHNOLOGIES', 'WB_133_INFORMATION_AND_COMMUNICATION_TECHNOLOGIES', 'WB_133_INFORMATION_AND_COMMUNICATION_TECHNOLOGIES', 'DEMOCRACY', 'TAX_FNCACT_EXECUTIVE', 'TAX_FNCACT_SPECIALIST', 'AFFECT', 'AFFECT', 'AFFECT', 'AFFECT']",1.171875
20260412101500-398,20260412101500,theage.com.au,https://www.theage.com.au/national/fuel-insecurity-fears-mounting-as-campaign-launches-20260412-p5znaf.html,"['GENERAL_GOVERNMENT', 'EPU_POLICY_GOVERNMENT', 'TAX_ETHNICITY_AUSTRALIANS']",-10.8695652173913
20260412101500-399,20260412101500,northwichguardian.co.uk,https://www.northwichguardian.co.uk/news/national/26014009.dublin-fuel-protesters-ambushed-late-night-garda-operation-spokesman-says/,"['TAX_FNCACT_SUPPORTERS', 'KILL', 'SECURITY_SERVICES', 'SECURITY_SERVICES', 'SECURITY_SERVICES', 'TAX_FNCACT_POLICE', 'TAX_FNCACT_POLICE', 'TAX_FNCACT_POLICE', 'CRISISLEX_C07_SAFETY', 'CRISISLEX_C07_SAFETY', 'CRISISLEX_C07_SAFETY', 'TAX_ETHNICITY_IRISH', 'TAX_ETHNICITY_IRISH', 'TAX_ETHNICITY_IRISH', 'TAX_WORLDLANGUAGES_IRISH', 'TAX_WORLDLANGUAGES_IRISH', 'TAX_WORLDLANGUAGES_IRISH', 'SHORTAGE', 'AGRICULTURE', 'MEDICAL', 'SOC_POINTSOFINTEREST_HOSPITALS', 'TAX_FNCACT_SPOKESMAN', 'ENV_OIL', 'ENV_OIL', 'ENV_OIL', 'LEADER', 'TAX_FNCACT_PRESIDENT', 'USPEC_POLITICS_GENERAL1', 'SOC_RANSOM', 'ARMEDCONFLICT', 'AFFECT', 'TAX_FNCACT_STREET_CLEANERS', 'PROTEST', 'PROTEST', 'PROTEST', 'PROTEST', 'PROTEST', 'PROTEST', 'PROTEST', 'WB_135_TRANSPORT', 'WB_135_TRANSPORT', 'ALLIANCE', 'ALLIANCE', 'BLOCKADE', 'BLOCKADE', 'BLOCKADE', 'BLOCKADE', 'BLOCKADE', 'SEIGE', 'SEIGE', 'SEIGE', 'SEIGE', 'SEIGE', 'WB_678_DIGITAL_GOVERNMENT', 'WB_694_BROADCAST_AND_MEDIA', 'WB_133_INFORMATION_AND_COMMUNICATION_TECHNOLOGIES', 'TAX_MILITARY_TITLE_OFFICERS', 'TAX_FNCACT_OFFICERS', 'UNGP_FORESTS_RIVERS_OCEANS', 'UNGP_FORESTS_RIVERS_OCEANS', 'UNGP_FORESTS_RIVERS_OCEANS', 'TAX_FNCACT_SPOKESMEN', 'TAX_FNCACT_MINISTERS', 'CRISISLEX_O02_RESPONSEAGENCIESATCRISIS', 'CRISISLEX_CRISISLEXREC', 'CRISISLEX_CRISISLEXREC', 'TAX_ECON_PRICE', 'TAX_ECON_PRICE', 'TAX_ECON_PRICE', 'GENERAL_GOVERNMENT', 'GENERAL_GOVERNMENT', 'GENERAL_GOVERNMENT', 'GENERAL_GOVERNMENT', 'GENERAL_GOVERNMENT', 'GENERAL_GOVERNMENT', 'EPU_POLICY_GOVERNMENT', 'EPU_POLICY_GOVERNMENT', 'EPU_POLICY_GOVERNMENT', 'EPU_POLICY_GOVERNMENT', 'EPU_POLICY_GOVERNMENT', 'EPU_POLICY_GOVERNMENT', 'UNGP_CRIME_VIOLENCE', 'EPU_ECONOMY_HISTORIC', 'TAX_FNCACT_SPOKESWOMAN', 'MEDIA_SOCIAL', 'WB_652_ICT_APPLICATIONS', 'WB_662_SOCIAL_MEDIA', 'WB_658_ENTERPRISE_APPLICATIONS', 'MANMADE_DISASTER_IMPLIED', 'MANMADE_DISASTER_IMPLIED', 'MANMADE_DISASTER_IMPLIED', 'WB_539_OIL_AND_GAS_POLICY_STRATEGY_AND_INSTITUTIONS', 'WB_539_OIL_AND_GAS_POLICY_STRATEGY_AND_INSTITUTIONS', 'WB_539_OIL_AND_GAS_POLICY_STRATEGY_AND_INSTITUTIONS', 'WB_507_ENERGY_AND_EXTRACTIVES', 'WB_507_ENERGY_AND_EXTRACTIVES', 'WB_507_ENERGY_AND_EXTRACTIVES', 'WB_548_PPP_IN_OIL_AND_GAS', 'WB_548_PPP_IN_OIL_AND_GAS', 'WB_548_PPP_IN_OIL_AND_GAS', 'WB_2298_REFINERIES', 'WB_2298_REFINERIES', 'WB_2298_REFINERIES', 'RURAL', 'TAX_FNCACT_CHIEF_EXECUTIVE', 'TAX_FNCACT_COMMISSIONER', 'TAX_FNCACT_COMMISSIONER', 'EDUCATION', 'SOC_POINTSOFINTEREST_SCHOOLS', 'TAX_FNCACT_CHIEF', 'MILITARY', 'TAX_FNCACT_WORKERS', 'GENERAL_HEALTH', 'WB_635_PUBLIC_HEALTH', 'WB_2165_HEALTH_EMERGENCIES', 'WB_621_HEALTH_NUTRITION_AND_POPULATION', 'WB_1324_EMERGENCY_MEDICAL_SERVICES', 'CRISISLEX_O01_WEATHER', 'TAX_FNCACT_EXECUTIVE', 'LEGISLATION', 'EPU_POLICY_LAW', 'TAX_FNCACT_REPRESENTATIVE', 'DISASTER_FIRE', 'CRISISLEX_T01_CAUTION_ADVICE', 'ARREST']",-5.9449866903283
20260412101500-400,20260412101500,adn.com,https://www.adn.com/alaska-life/advice/2026/04/12/asking-eric-i-stayed-in-an-unhappy-marriage-for-my-kids-do-i-stay-the-course-now-that-theyre-grown/,"['WB_2433_CONFLICT_AND_VIOLENCE', 'WB_2432_FRAGILITY_CONFLICT_AND_VIOLENCE', 'UNGP_FORESTS_RIVERS_OCEANS', 'CRISISLEX_CRISISLEXREC', 'USPEC_UNCERTAINTY1', 'MANMADE_DISASTER_IMPLIED', 'MANMADE_DISASTER_IMPLIED', 'TAX_FNCACT_MAN', 'TAX_FNCACT_CHILDREN', 'TAX_FNCACT_CHILDREN', 'TAX_FNCACT_CHILDREN', 'TAX_FNCACT_FATHER', 'NEW_CONSTRUCTION']",0.118764845605701
20260412101500-401,20260412101500,travelextra.ie,https://www.travelextra.ie/page/2609/,[],-4.76190476190476
20260412101500-402,20260412101500,rediff.com,https://www.rediff.com/news/report/seven-arrested-for-ulfa-i-links/20260412.htm,"['SECURITY_SERVICES', 'SECURITY_SERVICES', 'SECURITY_SERVICES', 'SECURITY_SERVICES', 'TAX_FNCACT_POLICE', 'TAX_FNCACT_POLICE', 'TAX_FNCACT_POLICE', 'TAX_FNCACT_POLICE', 'CRISISLEX_C07_SAFETY', 'CRISISLEX_C07_SAFETY', 'CRISISLEX_C07_SAFETY', 'CRISISLEX_C07_SAFETY', 'TAX_FNCACT_INSURGENT', 'TAX_FNCACT_INSURGENT', 'TAX_FNCACT_INSURGENT', 'INSURGENCY', 'INSURGENCY', 'INSURGENCY', 'WB_2433_CONFLICT_AND_VIOLENCE', 'WB_2433_CONFLICT_AND_VIOLENCE', 'WB_2433_CONFLICT_AND_VIOLENCE', 'WB_2451_REBELS_GUERRILLAS_AND_INSURGENTS', 'WB_2451_REBELS_GUERRILLAS_AND_INSURGENTS', 'WB_2451_REBELS_GUERRILLAS_AND_INSURGENTS', 'WB_2432_FRAGILITY_CONFLICT_AND_VIOLENCE', 'WB_2432_FRAGILITY_CONFLICT_AND_VIOLENCE', 'WB_2432_FRAGILITY_CONFLICT_AND_VIOLENCE', 'WB_2445_NON_STATE_SECURITY_ACTORS', 'WB_2445_NON_STATE_SECURITY_ACTORS', 'WB_2445_NON_STATE_SECURITY_ACTORS', 'TERROR', 'TERROR', 'TERROR', 'ARMEDCONFLICT', 'ARMEDCONFLICT', 'ARMEDCONFLICT', 'BAN', 'BAN', 'BAN', 'CRISISLEX_T11_UPDATESSYMPATHY', 'TAX_FNCACT_POLICE_OFFICER', 'CRISISLEX_CRISISLEXREC', 'ARREST', 'ARREST', 'ARREST', 'ARREST', 'SOC_GENERALCRIME', 'SOC_GENERALCRIME', 'SOC_GENERALCRIME', 'SOC_GENERALCRIME', 'TAX_FNCACT_OFFICER']",-6.45161290322581
20260412101500-403,20260412101500,pinkvilla.com,https://www.pinkvilla.com/cinema/asha-bhosle-passes-away-fans-pay-emotional-tributes-call-it-end-of-an-era-for-indian-music-1402229,"['TAX_FNCACT_SINGERS', 'TAX_FNCACT_SINGERS', 'GENERAL_HEALTH', 'MEDICAL', 'SOC_POINTSOFINTEREST_HOSPITAL', 'CRISISLEX_C03_WELLBEING_HEALTH', 'ARREST', 'CRISISLEX_CRISISLEXREC', 'UNGP_FORESTS_RIVERS_OCEANS', 'CRISISLEX_T11_UPDATESSYMPATHY', 'MEDIA_MSM', 'EPU_ECONOMY_HISTORIC', 'TAX_FNCACT_CHILDREN', 'WB_678_DIGITAL_GOVERNMENT', 'WB_694_BROADCAST_AND_MEDIA', 'WB_133_INFORMATION_AND_COMMUNICATION_TECHNOLOGIES', 'TAX_FNCACT_MUSICIAN', 'TAX_ETHNICITY_BURMAN', 'TAX_FNCACT_SINGER', 'TAX_FNCACT_SINGER', 'TAX_FNCACT_SINGER', 'TAX_FNCACT_SINGER', 'MEDIA_SOCIAL', 'WB_652_ICT_APPLICATIONS', 'WB_662_SOCIAL_MEDIA', 'WB_658_ENTERPRISE_APPLICATIONS', 'TAX_ETHNICITY_INDIAN', 'TAX_ETHNICITY_INDIAN']",2.84810126582278
20260412101500-404,20260412101500,el-balad.com,https://www.el-balad.com/16910440,"['TAX_ECON_PRICE', 'TAX_FNCACT_SINGERS', 'TAX_FNCACT_COMPANION', 'TAX_DISEASE_CRITICAL_ILLNESS', 'UNGP_FORESTS_RIVERS_OCEANS', 'UNGP_FORESTS_RIVERS_OCEANS', 'CRISISLEX_CRISISLEXREC', 'CRISISLEX_CRISISLEXREC', 'EPU_ECONOMY_HISTORIC', 'EPU_ECONOMY_HISTORIC', 'TAX_WORLDMAMMALS_HUMAN', 'TAX_ETHNICITY_INDIAN', 'TAX_ETHNICITY_INDIAN', 'TAX_ETHNICITY_INDIAN', 'TAX_FNCACT_ELDER', 'WB_1609_FOOD_AND_IN_KIND_TRANSFERS', 'WB_1620_ELDERLY', 'WB_1466_SOCIAL_ASSISTANCE', 'WB_1618_FOOD_DISTRIBUTION', 'WB_697_SOCIAL_PROTECTION_AND_LABOR', 'TAX_FNCACT_BARMAN', 'TAX_FNCACT_BARMAN', 'WB_621_HEALTH_NUTRITION_AND_POPULATION', 'WB_621_HEALTH_NUTRITION_AND_POPULATION', 'WB_1448_DEMOGRAPHIC_CHANGE', 'WB_1448_DEMOGRAPHIC_CHANGE', 'WB_643_AGING_POPULATION', 'WB_643_AGING_POPULATION', 'TAX_ETHNICITY_BURMAN', 'TAX_FNCACT_COMPOSER', 'TRANSPARENCY', 'TAX_WORLDLANGUAGES_HINDI', 'GENERAL_HEALTH', 'GENERAL_HEALTH', 'GENERAL_HEALTH', 'MEDICAL', 'MEDICAL', 'MEDICAL', 'SOC_POINTSOFINTEREST_HOSPITAL', 'SOC_POINTSOFINTEREST_HOSPITAL', 'SOC_POINTSOFINTEREST_HOSPITAL', 'CRISISLEX_C03_WELLBEING_HEALTH', 'CRISISLEX_C03_WELLBEING_HEALTH', 'CRISISLEX_C03_WELLBEING_HEALTH', 'WB_2670_JOBS', 'WB_2670_JOBS', 'WB_2670_JOBS', 'WB_696_PUBLIC_SECTOR_MANAGEMENT', 'WB_696_PUBLIC_SECTOR_MANAGEMENT', 'WB_696_PUBLIC_SECTOR_MANAGEMENT', 'WB_2048_COMPENSATION_CAREERS_AND_INCENTIVES', 'WB_2048_COMPENSATION_CAREERS_AND_INCENTIVES', 'WB_2048_COMPENSATION_CAREERS_AND_INCENTIVES', 'WB_723_PUBLIC_ADMINISTRATION', 'WB_723_PUBLIC_ADMINISTRATION', 'WB_723_PUBLIC_ADMINISTRATION', 'WB_724_HUMAN_RESOURCES_FOR_PUBLIC_SECTOR', 'WB_724_HUMAN_RESOURCES_FOR_PUBLIC_SECTOR', 'WB_724_HUMAN_RESOURCES_FOR_PUBLIC_SECTOR', 'TAX_FNCACT_VETERAN', 'KILL', 'KILL', 'CRISISLEX_T03_DEAD', 'CRISISLEX_T03_DEAD', 'WB_2433_CONFLICT_AND_VIOLENCE', 'WB_2432_FRAGILITY_CONFLICT_AND_VIOLENCE', 'TAX_FNCACT_CHILDREN', 'MEDIA_MSM', 'TAX_FNCACT_SECRETARY', 'TAX_FNCACT_SINGER', 'TAX_FNCACT_SINGER', 'TAX_FNCACT_SINGER', 'TAX_FNCACT_SINGER', 'TAX_FNCACT_SINGER']",1.76600441501104
20260412101500-405,20260412101500,wimbledonguardian.co.uk,https://www.wimbledonguardian.co.uk/news/national/26014084.russia-ukraine-trade-blame-violating-orthodox-easter-ceasefire/,"['DRONES', 'DRONES', 'DRONES', 'TAX_WORLDLANGUAGES_RUSSIA', 'TAX_WORLDLANGUAGES_RUSSIA', 'TAX_WORLDLANGUAGES_RUSSIA', 'TAX_WORLDLANGUAGES_RUSSIA', 'TAX_WORLDLANGUAGES_RUSSIA', 'CRISISLEX_CRISISLEXREC', 'LEADER', 'LEADER', 'TAX_FNCACT_PRESIDENT', 'TAX_FNCACT_PRESIDENT', 'USPEC_POLITICS_GENERAL1', 'USPEC_POLITICS_GENERAL1', 'TAX_ETHNICITY_UKRAINIAN', 'TAX_ETHNICITY_UKRAINIAN', 'TAX_ETHNICITY_UKRAINIAN', 'TAX_ETHNICITY_UKRAINIAN', 'TAX_ETHNICITY_UKRAINIAN', 'TAX_WORLDLANGUAGES_UKRAINIAN', 'TAX_WORLDLANGUAGES_UKRAINIAN', 'TAX_WORLDLANGUAGES_UKRAINIAN', 'TAX_WORLDLANGUAGES_UKRAINIAN', 'TAX_WORLDLANGUAGES_UKRAINIAN', 'CEASEFIRE', 'CEASEFIRE', 'CEASEFIRE', 'CEASEFIRE', 'CEASEFIRE', 'DISASTER_FIRE', 'CRISISLEX_T04_INFRASTRUCTURE', 'TAX_MILITARY_TITLE_OFFICER', 'TAX_FNCACT_OFFICER', 'TAX_ETHNICITY_RUSSIAN', 'TAX_ETHNICITY_RUSSIAN', 'TAX_ETHNICITY_RUSSIAN', 'TAX_ETHNICITY_RUSSIAN', 'TAX_WORLDLANGUAGES_RUSSIAN', 'TAX_WORLDLANGUAGES_RUSSIAN', 'TAX_WORLDLANGUAGES_RUSSIAN', 'TAX_WORLDLANGUAGES_RUSSIAN', 'CRISISLEX_O02_RESPONSEAGENCIESATCRISIS', 'TAX_WEAPONS_BOMBS', 'CRISISLEX_T01_CAUTION_ADVICE', 'TAX_FNCACT_MILITARY_OFFICER', 'ARMEDCONFLICT', 'WOUND', 'CRISISLEX_C03_WELLBEING_HEALTH', 'CRISISLEX_T02_INJURED', 'EPU_CATS_NATIONAL_SECURITY', 'TAX_RELIGION_ORTHODOX', 'TAX_WEAPONS_DRONE_STRIKE', 'TAX_FOODSTAPLES_BREAD', 'TAX_FOODSTAPLES_BREAD']",-9.74576271186441
20260412101500-406,20260412101500,livelaw.in,https://www.livelaw.in/articles/plastic-waste-management-amendment-rules2026-india-plastic-pollution-530015,"['IDEOLOGY', 'SOC_INNOVATION', 'TAX_FNCACT_SECRETARY', 'MANMADE_DISASTER_IMPLIED', 'MANMADE_DISASTER_IMPLIED', 'MANMADE_DISASTER_IMPLIED', 'TAX_DISEASE_TRANSITIONAL', 'TAX_DISEASE_TRANSITIONAL', 'WB_1150_VOLATILITY', 'WB_1104_MACROECONOMIC_VULNERABILITY_AND_DEBT', 'SLFID_CAPACITY_BUILDING', 'ARREST', 'WB_1614_NUTRITIONAL_PROGRAMS', 'WB_1609_FOOD_AND_IN_KIND_TRANSFERS', 'WB_1616_SUPPLEMENTARY', 'WB_1466_SOCIAL_ASSISTANCE', 'WB_697_SOCIAL_PROTECTION_AND_LABOR', 'TAX_FNCACT_PRINCIPAL', 'TAX_FNCACT_PRINCIPAL', 'TAX_FNCACT_PRINCIPAL', 'TAX_FNCACT_PRINCIPAL', 'TAX_FNCACT_PRINCIPAL', 'TAX_FNCACT_PRINCIPAL', 'TAX_FNCACT_PRINCIPAL', 'TAX_FNCACT_PRINCIPAL', 'TAX_FNCACT_PRINCIPAL', 'TAX_FNCACT_CRIMINAL', 'TAX_FNCACT_CRIMINAL', 'EPU_ECONOMY_HISTORIC', 'EPU_ECONOMY_HISTORIC', 'EPU_ECONOMY_HISTORIC', 'TRANSPARENCY', 'ENV_OIL', 'TAX_FNCACT_DRIVER', 'SANCTIONS', 'WB_137_WATER', 'WB_137_WATER', 'GENERAL_HEALTH', 'GENERAL_HEALTH', 'CRISISLEX_C06_WATER_SANITATION', 'CRISISLEX_C06_WATER_SANITATION', 'USPEC_POLITICS_GENERAL1', 'WATER_SECURITY', 'WATER_SECURITY', 'UNGP_CLEAN_WATER_SANITATION', 'UNGP_CLEAN_WATER_SANITATION', 'BAN', 'ENV_CLIMATECHANGE', 'ENV_CLIMATECHANGE', 'WB_567_CLIMATE_CHANGE', 'WB_567_CLIMATE_CHANGE', 'CRISISLEX_CRISISLEXREC', 'CRISISLEX_CRISISLEXREC', 'UNGP_CLIMATE_CHANGE_ACTION', 'UNGP_CLIMATE_CHANGE_ACTION', 'KILL', 'KILL', 'KILL', 'KILL', 'URBAN', 'URBAN', 'WB_698_TRADE', 'TAX_FNCACT_AUDITOR', 'TAX_FNCACT_AUDITOR', 'TAX_FNCACT_OFFICIAL', 'UNGP_FORESTS_RIVERS_OCEANS', 'UNGP_FORESTS_RIVERS_OCEANS', 'UNGP_FORESTS_RIVERS_OCEANS', 'UNGP_FORESTS_RIVERS_OCEANS', 'UNGP_FORESTS_RIVERS_OCEANS', 'UNGP_FORESTS_RIVERS_OCEANS', 'WB_840_JUSTICE', 'WB_1014_CRIMINAL_JUSTICE', 'EPU_POLICY_REGULATORY', 'EPU_POLICY_REGULATORY', 'EPU_POLICY_REGULATORY', 'EPU_POLICY_REGULATORY', 'EPU_POLICY_REGULATORY', 'EPU_POLICY_REGULATORY', 'EPU_POLICY_REGULATORY', 'EPU_POLICY_REGULATORY', 'EPU_CATS_REGULATION', 'EPU_CATS_REGULATION', 'USPEC_POLICY1', 'EPU_ECONOMY', 'WB_696_PUBLIC_SECTOR_MANAGEMENT', 'WB_696_PUBLIC_SECTOR_MANAGEMENT', 'WB_2048_COMPENSATION_CAREERS_AND_INCENTIVES', 'WB_2048_COMPENSATION_CAREERS_AND_INCENTIVES', 'WB_723_PUBLIC_ADMINISTRATION', 'WB_723_PUBLIC_ADMINISTRATION', 'WB_724_HUMAN_RESOURCES_FOR_PUBLIC_SECTOR', 'WB_724_HUMAN_RESOURCES_FOR_PUBLIC_SECTOR', 'WB_1921_PRIVATE_SECTOR_DEVELOPMENT', 'WB_405_BUSINESS_CLIMATE', 'WB_2531_INSPECTIONS_LICENSING_AND_PERMITS', 'WB_2530_BUSINESS_ENVIRONMENT', 'WB_831_GOVERNANCE', 'TAX_ECON_PRICE', 'TAX_FNCACT_CHIEF', 'RURAL', 'TAX_ETHNICITY_INDIAN', 'TAX_WORLDMAMMALS_BEAR', 'WB_180_FOOD_SAFETY', 'WB_435_AGRICULTURE_AND_FOOD_SECURITY', 'WB_1967_AGRICULTURAL_RISK_AND_SECURITY', 'GENERAL_GOVERNMENT', 'GENERAL_GOVERNMENT', 'EPU_POLICY_GOVERNMENT', 'EPU_POLICY_GOVERNMENT', 'TAX_FNCACT_PRODUCER', 'TAX_FNCACT_REPRESENTATIVES', 'TAX_FNCACT_AUTHORITIES', 'EPU_POLICY_AUTHORITIES']",-3.44827586206897
20260412101500-407,20260412101500,el-balad.com,https://www.el-balad.com/16910450,"['PROTEST', 'STRIKE', 'MARITIME_INCIDENT', 'MARITIME', 'MANMADE_DISASTER_IMPLIED', 'EPU_ECONOMY_HISTORIC', 'MOVEMENT_GENERAL', 'KILL', 'TAX_FNCACT_ARTISTS', 'TAX_FNCACT_ARTISTS']",0.55045871559633
20260412101500-408,20260412101500,wharfedaleobserver.co.uk,https://www.wharfedaleobserver.co.uk/news/national/26013936.rachel-reeves-warns-cost-british-families-businesses-iran-war/,"['CEASEFIRE', 'CEASEFIRE', 'WB_135_TRANSPORT', 'WMD', 'FUELPRICES', 'ECON_GASOLINEPRICE', 'ECON_HEATINGOIL', 'NEGOTIATIONS', 'WB_696_PUBLIC_SECTOR_MANAGEMENT', 'WB_840_JUSTICE', 'WB_2473_DIPLOMACY_AND_NEGOTIATIONS', 'WB_939_NEGOTIATION', 'WB_2470_PEACE_OPERATIONS_AND_CONFLICT_MANAGEMENT', 'WB_936_ALTERNATIVE_DISPUTE_RESOLUTION', 'WB_2432_FRAGILITY_CONFLICT_AND_VIOLENCE', 'WB_843_DISPUTE_RESOLUTION', 'WB_2471_PEACEKEEPING', 'LEADER', 'TAX_FNCACT_PRIME_MINISTER', 'TAX_FNCACT_GUIDE', 'TAX_FNCACT_CHANCELLOR', 'WB_1921_PRIVATE_SECTOR_DEVELOPMENT', 'WB_346_COMPETITIVE_INDUSTRIES', 'WB_818_INDUSTRY_POLICY_AND_REAL_SECTORS', 'WB_1281_MANUFACTURING', 'ENV_OIL', 'ENV_OIL', 'MARITIME', 'GENERAL_GOVERNMENT', 'GENERAL_GOVERNMENT', 'EPU_POLICY_GOVERNMENT', 'EPU_POLICY_GOVERNMENT', 'USPEC_POLICY1', 'EPU_UNCERTAINTY', 'ALLIANCE', 'TAX_ECON_PRICE', 'TAX_ECON_PRICE', 'TAX_ECON_PRICE', 'TAX_ECON_PRICE', 'TAX_ECON_PRICE', 'TAX_ECON_PRICE', 'ARMEDCONFLICT', 'EPU_CATS_NATIONAL_SECURITY', 'TAX_FNCACT_MINISTER', 'CLOSURE', 'CRISISLEX_CRISISLEXREC', 'EPU_ECONOMY', 'EPU_ECONOMY_HISTORIC', 'IDEOLOGY']",0.460829493087557
20260412101500-409,20260412101500,clickorlando.com,https://www.clickorlando.com/news/world/2026/04/12/benin-votes-for-new-president-with-finance-minister-favored-to-succeed-talon/,"['TAX_AIDGROUPS_HUMAN_RIGHTS_WATCH', 'TAX_FNCACT_CANDIDATE', 'TAX_FNCACT_LEADERS', 'WB_2495_DETENTION_PRISON_AND_CORRECTIONS_REFORM', 'WB_2470_PEACE_OPERATIONS_AND_CONFLICT_MANAGEMENT', 'WB_1014_CRIMINAL_JUSTICE', 'WB_2490_NATIONAL_PROTECTION_AND_SECURITY', 'TAX_WORLDMAMMALS_HUMAN', 'TAX_WORLDMAMMALS_HUMAN', 'LEADER', 'TAX_FNCACT_PRESIDENT', 'USPEC_POLITICS_GENERAL1', 'UNGP_POLITICAL_FREEDOMS', 'CONSTITUTIONAL', 'WB_471_ECONOMIC_GROWTH', 'WB_471_ECONOMIC_GROWTH', 'TAX_WORLDLANGUAGES_BENIN', 'TAX_WORLDLANGUAGES_BENIN', 'TAX_WORLDLANGUAGES_BENIN', 'TAX_WORLDLANGUAGES_BENIN', 'TAX_WORLDLANGUAGES_BENIN', 'TAX_WORLDLANGUAGES_BENIN', 'TAX_ECON_PRICE', 'WB_2601_TRADE_LINKAGES_SPILLOVERS_AND_CONNECTIVITY', 'WB_772_TRADE_FACILITATION_AND_LOGISTICS', 'WB_698_TRADE', 'GENERAL_GOVERNMENT', 'GENERAL_GOVERNMENT', 'EPU_POLICY_GOVERNMENT', 'EPU_POLICY_GOVERNMENT', 'TAX_FNCACT_ANALYST', 'CRISISLEX_C07_SAFETY', 'CRISISLEX_C07_SAFETY', 'CRISISLEX_C07_SAFETY', 'CRISISLEX_C07_SAFETY', 'TAX_POLITICAL_PARTY_DEMOCRATS', 'SECURITY_SERVICES', 'WB_2468_CONVENTIONAL_WAR', 'UNREST_CRACKDOWN', 'MEDIA_CENSORSHIP', 'GRIEVANCES', 'EPU_ECONOMY', 'EPU_ECONOMY', 'EPU_ECONOMY_HISTORIC', 'EPU_ECONOMY_HISTORIC', 'TAX_MILITARY_TITLE_OFFICERS', 'TAX_FNCACT_OFFICERS', 'ECON_COST_OF_LIVING', 'EXTREMISM', 'EXTREMISM', 'TERROR', 'TERROR', 'TAX_FNCACT_FINANCE_MINISTER', 'TAX_FNCACT_FINANCE_MINISTER', 'EPU_POLICY_POLITICAL', 'EPU_POLICY_POLITICAL', 'USPEC_POLICY1', 'TAX_FNCACT_ANALYSTS', 'INSURGENCY', 'WB_2433_CONFLICT_AND_VIOLENCE', 'WB_2464_INSURGENCY', 'WB_2432_FRAGILITY_CONFLICT_AND_VIOLENCE', 'WB_2462_POLITICAL_VIOLENCE_AND_WAR', 'SELF_IDENTIFIED_HUMAN_RIGHTS', 'SELF_IDENTIFIED_HUMAN_RIGHTS', 'WB_2203_HUMAN_RIGHTS', 'WB_2203_HUMAN_RIGHTS', 'UNGP_CRIME_VIOLENCE', 'UNGP_CRIME_VIOLENCE', 'ELECTION', 'WB_678_DIGITAL_GOVERNMENT', 'WB_694_BROADCAST_AND_MEDIA', 'WB_133_INFORMATION_AND_COMMUNICATION_TECHNOLOGIES', 'TAX_FNCACT_STANDARDBEARER', 'TAX_AIDGROUPS_AMNESTY_INTERNATIONAL', 'TAX_FNCACT_MILITARY_OFFICERS', 'ALLIANCE', 'TAX_FNCACT_LEADER', 'TAX_FNCACT_LEADER', 'TAX_FNCACT_MINISTER', 'TAX_FNCACT_MINISTER', 'WB_696_PUBLIC_SECTOR_MANAGEMENT', 'WB_840_JUSTICE']",-7.31707317073171
20260412101500-410,20260412101500,mauinews.com,https://www.mauinews.com/wire/?category=5186&ID=392659,"['TAX_FNCACT_WRITER', 'MANMADE_DISASTER_IMPLIED', 'MANMADE_DISASTER_IMPLIED', 'MANMADE_DISASTER_IMPLIED', 'MANMADE_DISASTER_IMPLIED', 'MANMADE_DISASTER_IMPLIED', 'MANMADE_DISASTER_IMPLIED', 'MANMADE_DISASTER_IMPLIED', 'MANMADE_DISASTER_IMPLIED', 'MANMADE_DISASTER_IMPLIED']",2.17113665389527
20260412101500-411,20260412101500,news.az,https://news.az/news/the-future-of-beauty-can-ai-replace-your-dermatologist,"['TAX_FNCACT_DERMATOLOGIST', 'CRISISLEX_C07_SAFETY', 'TAX_FNCACT_PRACTITIONER', 'TAX_FNCACT_CONSULTANT', 'USPEC_POLICY1', 'EPU_POLICY_REGULATION', 'EPU_CATS_REGULATION', 'GENERAL_HEALTH', 'GENERAL_HEALTH', 'GENERAL_HEALTH', 'MEDICAL', 'MEDICAL', 'MEDICAL', 'CRISISLEX_C03_WELLBEING_HEALTH', 'CRISISLEX_C03_WELLBEING_HEALTH', 'CRISISLEX_C03_WELLBEING_HEALTH', 'MARITIME', 'TAX_WORLDMAMMALS_HUMAN', 'UNGP_FORESTS_RIVERS_OCEANS', 'EPU_ECONOMY_HISTORIC', 'EPU_ECONOMY_HISTORIC', 'EPU_ECONOMY_HISTORIC']",6.31229235880399
20260412101500-412,20260412101500,dailypioneer.com,https://dailypioneer.com/news/38-global-delegates-praise-indias-election-precision-transparency,"['UNGP_FORESTS_RIVERS_OCEANS', 'WB_696_PUBLIC_SECTOR_MANAGEMENT', 'WB_831_GOVERNANCE', 'WB_838_PUBLIC_ACCOUNTABILITY_MECHANISMS', 'TAX_FNCACT_VOLUNTEERS', 'TAX_FNCACT_CHIEF', 'ELECTION', 'SECURITY_SERVICES', 'TAX_FNCACT_POLICE', 'CRISISLEX_C07_SAFETY', 'TRANSPARENCY', 'TAX_ETHNICITY_INDIAN', 'TAX_FNCACT_WOMEN', 'GENERAL_HEALTH', 'MEDICAL', 'DRONES', 'WB_678_DIGITAL_GOVERNMENT', 'WB_694_BROADCAST_AND_MEDIA', 'WB_133_INFORMATION_AND_COMMUNICATION_TECHNOLOGIES', 'TAX_FNCACT_OFFICIALS', 'DEMOCRACY', 'DEMOCRACY', 'UNGP_POLITICAL_FREEDOMS', 'UNGP_POLITICAL_FREEDOMS', 'DISABILITY', 'WB_1458_HEALTH_PROMOTION_AND_DISEASE_PREVENTION', 'WB_635_PUBLIC_HEALTH', 'WB_1464_HEALTH_OF_THE_DISABLED', 'WB_621_HEALTH_NUTRITION_AND_POPULATION', 'RURAL', 'RURAL', 'TAX_MILITARY_TITLE_OFFICERS', 'TAX_FNCACT_OFFICERS']",1.36363636363636
20260412101500-413,20260412101500,fool.com,https://www.fool.com/investing/2026/04/12/got-1000-pick-shovel-growth-stock-winner-tsmc/?source=iedfolrf0000001,[],-0.172117039586919
20260412101500-414,20260412101500,malverngazette.co.uk,https://www.malverngazette.co.uk/news/national/26014070.eamonn-holmes-doing-okay-following-stroke-says-son/,"['LEGISLATION', 'EPU_POLICY_LAW', 'WB_1160_SHOCKS_AND_VULNERABILITY', 'WB_1160_SHOCKS_AND_VULNERABILITY', 'WB_695_POVERTY', 'WB_695_POVERTY', 'TAX_FNCACT_EXECUTIVE', 'MANMADE_DISASTER_IMPLIED', 'TAX_DISEASE_STROKE', 'TAX_DISEASE_STROKE', 'TAX_FNCACT_FATHER', 'AFFECT', 'TAX_FNCACT_CHIEF_EXECUTIVE', 'GENERAL_HEALTH', 'MEDICAL', 'CRISISLEX_C03_WELLBEING_HEALTH', 'TAX_FNCACT_PRESENTER', 'TAX_FNCACT_CHIEF', 'TAX_FNCACT_SPOKESPERSON', 'WB_2670_JOBS', 'WB_696_PUBLIC_SECTOR_MANAGEMENT', 'WB_2048_COMPENSATION_CAREERS_AND_INCENTIVES', 'WB_723_PUBLIC_ADMINISTRATION', 'WB_724_HUMAN_RESOURCES_FOR_PUBLIC_SECTOR', 'SOC_POINTSOFINTEREST_HOSPITAL', 'SOC_POINTSOFINTEREST_HOSPITAL']",0.87719298245614
20260412101500-415,20260412101500,iranherald.com,http://www.iranherald.com/news/278978752/utter-neglect-and-decay-piyush-goyal-slams-dmk-rule-promises-corruption-free-future-for-madurai,"['TAX_FNCACT_BUSINESS_LEADERS', 'TAX_FNCACT_CANDIDATE', 'TAX_FNCACT_LEADERS', 'TAX_FNCACT_LEADERS', 'TAX_FNCACT_LEADERS', 'TAX_FNCACT_INCUMBENT', 'TAX_FNCACT_CANDIDATES', 'GENERAL_GOVERNMENT', 'GENERAL_GOVERNMENT', 'GENERAL_GOVERNMENT', 'GENERAL_GOVERNMENT', 'GENERAL_GOVERNMENT', 'EPU_POLICY_GOVERNMENT', 'EPU_POLICY_GOVERNMENT', 'EPU_POLICY_GOVERNMENT', 'EPU_POLICY_GOVERNMENT', 'EPU_POLICY_GOVERNMENT', 'CRISISLEX_T11_UPDATESSYMPATHY', 'WB_698_TRADE', 'TAX_ETHNICITY_TAMIL', 'TAX_ETHNICITY_TAMIL', 'TAX_ETHNICITY_TAMIL', 'TAX_ETHNICITY_TAMIL', 'TAX_ETHNICITY_TAMIL', 'TAX_ETHNICITY_TAMIL', 'TAX_ETHNICITY_TAMIL', 'TAX_ETHNICITY_TAMIL', 'TAX_ETHNICITY_TAMIL', 'TAX_ETHNICITY_TAMIL', 'TAX_ETHNICITY_TAMIL', 'TAX_ETHNICITY_TAMIL', 'TAX_ETHNICITY_TAMIL', 'TAX_WORLDLANGUAGES_TAMIL', 'TAX_WORLDLANGUAGES_TAMIL', 'TAX_WORLDLANGUAGES_TAMIL', 'TAX_WORLDLANGUAGES_TAMIL', 'TAX_WORLDLANGUAGES_TAMIL', 'TAX_WORLDLANGUAGES_TAMIL', 'TAX_WORLDLANGUAGES_TAMIL', 'TAX_WORLDLANGUAGES_TAMIL', 'TAX_WORLDLANGUAGES_TAMIL', 'TAX_WORLDLANGUAGES_TAMIL', 'TAX_WORLDLANGUAGES_TAMIL', 'TAX_WORLDLANGUAGES_TAMIL', 'TAX_WORLDLANGUAGES_TAMIL', 'TAX_FNCACT_DEPUTY', 'EPU_ECONOMY', 'EPU_ECONOMY_HISTORIC', 'EPU_ECONOMY_HISTORIC', 'EPU_ECONOMY_HISTORIC', 'EPU_ECONOMY_HISTORIC', 'MANMADE_DISASTER_IMPLIED', 'TOURISM', 'TOURISM', 'WB_825_TOURISM', 'WB_825_TOURISM', 'WB_1921_PRIVATE_SECTOR_DEVELOPMENT', 'WB_1921_PRIVATE_SECTOR_DEVELOPMENT', 'WB_346_COMPETITIVE_INDUSTRIES', 'WB_346_COMPETITIVE_INDUSTRIES', 'WB_818_INDUSTRY_POLICY_AND_REAL_SECTORS', 'WB_818_INDUSTRY_POLICY_AND_REAL_SECTORS', 'UNGP_FORESTS_RIVERS_OCEANS', 'UNGP_FORESTS_RIVERS_OCEANS', 'CRISISLEX_CRISISLEXREC', 'LEGISLATION', 'EPU_POLICY_LAW', 'TAX_FNCACT_WOMEN', 'TAX_ECON_PRICE', 'WB_696_PUBLIC_SECTOR_MANAGEMENT', 'WB_831_GOVERNANCE', 'ELECTION', 'ELECTION', 'USPEC_POLITICS_GENERAL1', 'USPEC_POLITICS_GENERAL1', 'TAX_FNCACT_CHIEF', 'TAX_FNCACT_CHIEF', 'TAX_FNCACT_LEADER', 'TAX_FNCACT_MINISTER', 'TAX_FNCACT_MINISTER', 'TAX_FNCACT_MINISTER', 'TAX_FNCACT_MINISTER', 'TAX_FNCACT_MINISTER', 'TAX_FNCACT_MINISTER']",2.02020202020202
20260412101500-416,20260412101500,sydneysun.com,http://www.sydneysun.com/news/278978000/pope-leo-again-calls-for-an-end-to-u-s-israel-war-in-iran,"['TAX_FNCACT_DIPLOMAT', 'LEADER', 'TAX_FNCACT_POLITICAL_LEADERS', 'UNREST_BELLIGERENT', 'ARMEDCONFLICT', 'ARMEDCONFLICT', 'ARMEDCONFLICT', 'ARMEDCONFLICT', 'ARMEDCONFLICT', 'ARMEDCONFLICT', 'ARMEDCONFLICT', 'ARMEDCONFLICT', 'EPU_CATS_NATIONAL_SECURITY', 'EPU_CATS_NATIONAL_SECURITY', 'EPU_CATS_NATIONAL_SECURITY', 'EPU_CATS_NATIONAL_SECURITY', 'EPU_CATS_NATIONAL_SECURITY', 'EPU_CATS_NATIONAL_SECURITY', 'EPU_CATS_NATIONAL_SECURITY', 'EPU_CATS_NATIONAL_SECURITY', 'WB_2433_CONFLICT_AND_VIOLENCE', 'WB_2433_CONFLICT_AND_VIOLENCE', 'WB_2432_FRAGILITY_CONFLICT_AND_VIOLENCE', 'WB_2432_FRAGILITY_CONFLICT_AND_VIOLENCE', 'UNGP_CRIME_VIOLENCE', 'UNGP_CRIME_VIOLENCE', 'TAX_TERROR_GROUP_HEZBOLLAH', 'TAX_POLITICAL_PARTY_HEZBOLLAH', 'RELIGION', 'RELIGION', 'CRISISLEX_T11_UPDATESSYMPATHY', 'CRISISLEX_T11_UPDATESSYMPATHY', 'CRISISLEX_T11_UPDATESSYMPATHY', 'TAX_RELIGION_CHRISTIAN', 'TAX_RELIGION_CHRISTIAN', 'TAX_ETHNICITY_CHRISTIAN', 'TAX_ETHNICITY_CHRISTIAN', 'CEASEFIRE', 'EPU_POLICY_POLITICAL', 'TAX_FNCACT_PRIESTS', 'TAX_FNCACT_OFFICIALS', 'TAX_FNCACT_LEADERS', 'TAX_FNCACT_LEADERS', 'TAX_FNCACT_LEADERS', 'TAX_FNCACT_LEADERS', 'CRISISLEX_CRISISLEXREC', 'AFFECT', 'TAX_FNCACT_POPE', 'TAX_FNCACT_POPE', 'TAX_FNCACT_POPE', 'TAX_ETHNICITY_IRANIAN']",-3.98936170212766
20260412101500-417,20260412101500,fermanaghherald.com,https://fermanaghherald.com/2026/04/middle-east-war-affects-property-market-in-fermanagh/,"['USPEC_POLICY1', 'USPEC_POLICY1', 'EPU_UNCERTAINTY', 'EPU_UNCERTAINTY', 'TAX_ECON_PRICE', 'TAX_ECON_PRICE', 'ECON_INFLATION', 'WB_1104_MACROECONOMIC_VULNERABILITY_AND_DEBT', 'WB_442_INFLATION', 'EPU_POLICY_INTEREST_RATES', 'EPU_CATS_MONETARY_POLICY', 'WB_904_HOUSING_MARKETS', 'WB_817_LAND_AND_HOUSING', 'WB_813_URBAN_GOVERNANCE_AND_CITY_SYSTEMS', 'WB_699_URBAN_DEVELOPMENT', 'WB_2433_CONFLICT_AND_VIOLENCE', 'WB_2433_CONFLICT_AND_VIOLENCE', 'WB_2433_CONFLICT_AND_VIOLENCE', 'WB_2432_FRAGILITY_CONFLICT_AND_VIOLENCE', 'WB_2432_FRAGILITY_CONFLICT_AND_VIOLENCE', 'WB_2432_FRAGILITY_CONFLICT_AND_VIOLENCE', 'CEASEFIRE', 'CEASEFIRE', 'TAX_ETHNICITY_FRENCH', 'TAX_WORLDLANGUAGES_FRENCH', 'WB_336_NON_BANK_FINANCIAL_INSTITUTIONS', 'WB_1920_FINANCIAL_SECTOR_DEVELOPMENT', 'WB_612_HOUSING_FINANCE', 'WB_332_CAPITAL_MARKETS', 'ECON_HOUSING_PRICES', 'ECON_HOUSING_PRICES', 'ECON_HOUSING_PRICES', 'FUELPRICES', 'TAX_FNCACT_BUYER', 'ECON_INTEREST_RATES']",-4.8582995951417
20260412101500-418,20260412101500,boredpanda.com,https://www.boredpanda.com/usa-cultural-decline-posts/?cexp_id=150765&cexp_var=13&_f=homepage_featured,"['TAX_ETHNICITY_AMERICANS', 'TAX_ETHNICITY_AMERICAN', 'TAX_ETHNICITY_AMERICAN', 'EPU_ECONOMY', 'EPU_ECONOMY_HISTORIC', 'TAX_WORLDMAMMALS_PANDA']",1.82926829268293
20260412101500-419,20260412101500,rediff.com,https://www.rediff.com/news/report/man-booked-for-wifes-murder-in-muzaffarnagar/20260412.htm,"['GENDER_VIOLENCE', 'WB_742_YOUTH_AND_GENDER_BASED_VIOLENCE', 'WB_2441_DOMESTIC_VIOLENCE', 'WB_738_SOCIAL_COHESION', 'WB_134_SOCIAL_DEVELOPMENT', 'TAX_FNCACT_WOMAN', 'TAX_FNCACT_WOMAN', 'TAX_FNCACT_WOMAN', 'TAX_FNCACT_VICTIM', 'SOC_POINTSOFINTEREST_POLICE_STATION', 'SOC_POINTSOFINTEREST_POLICE_STATION', 'CRISISLEX_T03_DEAD', 'CRISISLEX_T03_DEAD', 'CRISISLEX_CRISISLEXREC', 'USPEC_UNCERTAINTY1', 'SECURITY_SERVICES', 'SECURITY_SERVICES', 'SECURITY_SERVICES', 'SECURITY_SERVICES', 'SECURITY_SERVICES', 'SECURITY_SERVICES', 'SECURITY_SERVICES', 'SECURITY_SERVICES', 'TAX_FNCACT_POLICE', 'TAX_FNCACT_POLICE', 'TAX_FNCACT_POLICE', 'TAX_FNCACT_POLICE', 'TAX_FNCACT_POLICE', 'TAX_FNCACT_POLICE', 'TAX_FNCACT_POLICE', 'TAX_FNCACT_POLICE', 'CRISISLEX_C07_SAFETY', 'CRISISLEX_C07_SAFETY', 'CRISISLEX_C07_SAFETY', 'CRISISLEX_C07_SAFETY', 'CRISISLEX_C07_SAFETY', 'CRISISLEX_C07_SAFETY', 'CRISISLEX_C07_SAFETY', 'CRISISLEX_C07_SAFETY', 'TAX_FNCACT_AUTHORITIES', 'EPU_POLICY_AUTHORITIES', 'ARREST', 'WB_2433_CONFLICT_AND_VIOLENCE', 'WB_2432_FRAGILITY_CONFLICT_AND_VIOLENCE', 'UNGP_CRIME_VIOLENCE', 'WB_696_PUBLIC_SECTOR_MANAGEMENT', 'WB_840_JUSTICE', 'TAX_MILITARY_TITLE_OFFICER', 'TAX_FNCACT_OFFICER', 'MEDIA_MSM', 'KILL', 'KILL', 'KILL']",-10.0371747211896
20260412101500-420,20260412101500,bostonglobe.com,https://www.bostonglobe.com/2026/04/12/nation/failure-of-us-iran-talks-set-to-weigh-on-risk-assets-monday/,"['UNGP_FORESTS_RIVERS_OCEANS', 'WB_2936_GOLD', 'WB_507_ENERGY_AND_EXTRACTIVES', 'WB_895_MINING_SYSTEMS', 'WB_1699_METAL_ORE_MINING', 'ECON_INFLATION', 'ECON_INFLATION', 'ECON_INFLATION', 'ECON_INFLATION', 'WB_1104_MACROECONOMIC_VULNERABILITY_AND_DEBT', 'WB_1104_MACROECONOMIC_VULNERABILITY_AND_DEBT', 'WB_1104_MACROECONOMIC_VULNERABILITY_AND_DEBT', 'WB_1104_MACROECONOMIC_VULNERABILITY_AND_DEBT', 'WB_442_INFLATION', 'WB_442_INFLATION', 'WB_442_INFLATION', 'WB_442_INFLATION', 'TAX_FNCACT_CHIEF', 'TAX_FNCACT_CHIEF', 'EPU_CATS_MIGRATION_FEAR_FEAR', 'TAX_ETHNICITY_ASIAN', 'TAX_ECON_PRICE', 'TAX_ECON_PRICE', 'TAX_FNCACT_ANALYSTS', 'ECON_OILPRICE', 'TRAFFIC', 'ECON_STOCKMARKET', 'WB_698_TRADE', 'USPEC_POLICY1', 'USPEC_POLICY1', 'USPEC_POLICY1', 'EPU_UNCERTAINTY', 'EPU_UNCERTAINTY', 'EPU_UNCERTAINTY', 'TAX_FNCACT_ANALYST', 'TAX_FNCACT_ANALYST', 'WB_1160_SHOCKS_AND_VULNERABILITY', 'WB_1160_SHOCKS_AND_VULNERABILITY', 'WB_1160_SHOCKS_AND_VULNERABILITY', 'WB_695_POVERTY', 'WB_695_POVERTY', 'WB_695_POVERTY', 'UNREST_BELLIGERENT', 'TAX_FNCACT_DIRECTOR', 'ECON_WORLDCURRENCIES_DOLLAR', 'ECON_WORLDCURRENCIES_DOLLAR', 'ECON_WORLDCURRENCIES_DOLLAR', 'ECON_WORLDCURRENCIES_DOLLAR', 'NEGOTIATIONS', 'WB_840_JUSTICE', 'WB_2473_DIPLOMACY_AND_NEGOTIATIONS', 'WB_939_NEGOTIATION', 'WB_2470_PEACE_OPERATIONS_AND_CONFLICT_MANAGEMENT', 'WB_936_ALTERNATIVE_DISPUTE_RESOLUTION', 'WB_2432_FRAGILITY_CONFLICT_AND_VIOLENCE', 'WB_843_DISPUTE_RESOLUTION', 'WB_2471_PEACEKEEPING', 'WB_696_PUBLIC_SECTOR_MANAGEMENT', 'WB_696_PUBLIC_SECTOR_MANAGEMENT', 'WB_696_PUBLIC_SECTOR_MANAGEMENT', 'WB_713_PUBLIC_FINANCE', 'WB_713_PUBLIC_FINANCE', 'WB_713_PUBLIC_FINANCE', 'WB_1045_TREASURY', 'WB_1045_TREASURY', 'WB_1045_TREASURY', 'ENV_OIL', 'ENV_OIL', 'ENV_OIL', 'ENV_OIL', 'ENV_OIL', 'ENV_OIL', 'ENV_OIL', 'CEASEFIRE', 'CEASEFIRE']",-2.59259259259259
20260412101500-421,20260412101500,enewschannels.com,https://enewschannels.com/multi-cultural-ocean-and-gulf-healing-ceremonies-applauded-by-u-n/,"['NATURAL_DISASTER_DROUGHTS', 'NATURAL_DISASTER_DROUGHTS', 'TAX_DISEASE_SYNDROME', 'USPEC_POLICY1', 'GENERAL_GOVERNMENT', 'TAX_WORLDMAMMALS_HUMANS', 'TAX_WORLDMAMMALS_HUMANS', 'TAX_FNCACT_KING', 'TAX_ETHNICITY_MAYAN', 'TAX_ETHNICITY_INDIGENOUS', 'TAX_ETHNICITY_INDIGENOUS', 'TAX_ETHNICITY_INDIGENOUS', 'TAX_ETHNICITY_INDIGENOUS', 'TAX_ETHNICITY_INDIGENOUS', 'TAX_WORLDMAMMALS_HUMPBACK_WHALES', 'NATURAL_DISASTER_TSUNAMIS', 'TAX_FNCACT_ELDER', 'TAX_FNCACT_ELDER', 'TAX_FNCACT_ELDER', 'TAX_FNCACT_ELDER', 'WB_1609_FOOD_AND_IN_KIND_TRANSFERS', 'WB_1609_FOOD_AND_IN_KIND_TRANSFERS', 'WB_1609_FOOD_AND_IN_KIND_TRANSFERS', 'WB_1609_FOOD_AND_IN_KIND_TRANSFERS', 'WB_1620_ELDERLY', 'WB_1620_ELDERLY', 'WB_1620_ELDERLY', 'WB_1620_ELDERLY', 'WB_1466_SOCIAL_ASSISTANCE', 'WB_1466_SOCIAL_ASSISTANCE', 'WB_1466_SOCIAL_ASSISTANCE', 'WB_1466_SOCIAL_ASSISTANCE', 'WB_1618_FOOD_DISTRIBUTION', 'WB_1618_FOOD_DISTRIBUTION', 'WB_1618_FOOD_DISTRIBUTION', 'WB_1618_FOOD_DISTRIBUTION', 'WB_697_SOCIAL_PROTECTION_AND_LABOR', 'WB_697_SOCIAL_PROTECTION_AND_LABOR', 'WB_697_SOCIAL_PROTECTION_AND_LABOR', 'WB_697_SOCIAL_PROTECTION_AND_LABOR', 'TAX_DISEASE_POISONED', 'GENERAL_HEALTH', 'CRISISLEX_C06_WATER_SANITATION', 'TAX_RELIGION_BUDDHIST_MONKS', 'WB_178_PEST_MANAGEMENT', 'WB_174_CROP_PRODUCTION', 'WB_1949_CLIMATE_SMART_AGRICULTURE', 'WB_2914_PESTICIDES', 'WB_1458_HEALTH_PROMOTION_AND_DISEASE_PREVENTION', 'WB_1458_HEALTH_PROMOTION_AND_DISEASE_PREVENTION', 'WB_1458_HEALTH_PROMOTION_AND_DISEASE_PREVENTION', 'WB_1462_WATER_SANITATION_AND_HYGIENE', 'WB_1462_WATER_SANITATION_AND_HYGIENE', 'WB_1462_WATER_SANITATION_AND_HYGIENE', 'WB_635_PUBLIC_HEALTH', 'WB_635_PUBLIC_HEALTH', 'WB_635_PUBLIC_HEALTH', 'WB_621_HEALTH_NUTRITION_AND_POPULATION', 'WB_621_HEALTH_NUTRITION_AND_POPULATION', 'WB_621_HEALTH_NUTRITION_AND_POPULATION', 'CRISISLEX_CRISISLEXREC', 'CRISISLEX_CRISISLEXREC', 'CRISISLEX_CRISISLEXREC', 'CRISISLEX_CRISISLEXREC', 'CRISISLEX_CRISISLEXREC', 'CRISISLEX_T11_UPDATESSYMPATHY', 'CRISISLEX_T11_UPDATESSYMPATHY', 'CRISISLEX_T11_UPDATESSYMPATHY', 'CRISISLEX_T11_UPDATESSYMPATHY', 'CRISISLEX_T11_UPDATESSYMPATHY', 'ENV_GREEN', 'ENV_GREEN', 'WB_507_ENERGY_AND_EXTRACTIVES', 'WB_507_ENERGY_AND_EXTRACTIVES', 'WB_525_RENEWABLE_ENERGY', 'WB_525_RENEWABLE_ENERGY', 'EDUCATION', 'TAX_FNCACT_TEACHER', 'WB_566_ENVIRONMENT_AND_NATURAL_RESOURCES', 'WB_1777_FORESTS', 'WB_590_ECOSYSTEMS', 'TAX_FNCACT_PRESIDENT', 'ENV_OIL', 'ENV_OIL', 'TAX_WORLDFISH_POW', 'KILL', 'TAX_FNCACT_AMBASSADOR', 'WB_1199_WATER_SUPPLY_AND_SANITATION', 'WB_2008_WATER_TREATMENT', 'TAX_WORLDMAMMALS_WHALE', 'TAX_ETHNICITY_AMERICAN', 'TAX_ETHNICITY_AMERICAN', 'TAX_ETHNICITY_AMERICAN', 'TAX_ETHNICITY_AMERICAN', 'TAX_ETHNICITY_AMERICAN', 'TAX_ETHNICITY_AMERICAN', 'TAX_ETHNICITY_AMERICAN', 'AFFECT', 'UNGP_FORESTS_RIVERS_OCEANS', 'UNGP_FORESTS_RIVERS_OCEANS', 'UNGP_FORESTS_RIVERS_OCEANS', 'UNGP_FORESTS_RIVERS_OCEANS', 'UNGP_FORESTS_RIVERS_OCEANS', 'TAX_ETHNICITY_AUSTRALIAN', 'CRISISLEX_T06_SUPPLIES', 'WB_137_WATER', 'WB_137_WATER', 'WB_137_WATER', 'TAX_FNCACT_WOMEN', 'TAX_FNCACT_ELDERS', 'TAX_FNCACT_ELDERS', 'TAX_FNCACT_ELDERS', 'TAX_FNCACT_ELDERS', 'TAX_FNCACT_ELDERS', 'TAX_FNCACT_ELDERS', 'TAX_FNCACT_ELDERS', 'TAX_FNCACT_ELDERS', 'TAX_FNCACT_ELDERS', 'TAX_FNCACT_ELDERS', 'TAX_FNCACT_ELDERS', 'NATURAL_DISASTER_EARTHQUAKES', 'CRISISLEX_T01_CAUTION_ADVICE', 'TAX_RELIGION_BUDDHIST', 'TAX_ETHNICITY_BUDDHIST', 'WB_678_DIGITAL_GOVERNMENT', 'WB_2943_SWITCHES', 'WB_667_ICT_INFRASTRUCTURE', 'WB_672_NETWORK_MANAGEMENT', 'WB_133_INFORMATION_AND_COMMUNICATION_TECHNOLOGIES', 'WB_1979_NATURAL_RESOURCE_MANAGEMENT', 'WB_1979_NATURAL_RESOURCE_MANAGEMENT', 'WB_1979_NATURAL_RESOURCE_MANAGEMENT', 'WB_435_AGRICULTURE_AND_FOOD_SECURITY', 'WB_435_AGRICULTURE_AND_FOOD_SECURITY', 'WB_435_AGRICULTURE_AND_FOOD_SECURITY', 'WB_1986_MOUNTAINS', 'WB_1986_MOUNTAINS', 'WB_1986_MOUNTAINS', 'TAX_WORLDMAMMALS_GRAY_WHALES', 'TAX_WORLDMAMMALS_WHALES', 'TAX_WORLDMAMMALS_WHALES', 'TAX_FNCACT_DETECTIVES', 'WB_2960_INDIGENOUS_PEOPLES', 'WB_2960_INDIGENOUS_PEOPLES', 'WB_421_SOCIAL_INCLUSION', 'WB_421_SOCIAL_INCLUSION', 'WB_899_SOCIAL_SAFEGUARDS', 'WB_899_SOCIAL_SAFEGUARDS', 'WB_749_INDIGENOUS_PEOPLES', 'WB_749_INDIGENOUS_PEOPLES', 'WB_933_ETHNIC_RELIGIOUS_AND_OTHER_MINORITIES', 'WB_933_ETHNIC_RELIGIOUS_AND_OTHER_MINORITIES', 'WB_134_SOCIAL_DEVELOPMENT', 'WB_134_SOCIAL_DEVELOPMENT', 'TAX_ETHNICITY_NATIVE_AMERICAN', 'TAX_ETHNICITY_NATIVE_AMERICAN', 'TAX_ETHNICITY_NATIVE_AMERICAN', 'ETH_INDIGINOUS', 'ETH_INDIGINOUS', 'ETH_INDIGINOUS', 'TAX_ETHNICITY_NAVAJO', 'TAX_WORLDLANGUAGES_NAVAJO', 'WB_694_BROADCAST_AND_MEDIA', 'TAX_ETHNICITY_INDIAN', 'TAX_MILITARY_TITLE_OFFICER', 'TAX_FNCACT_OFFICER', 'TAX_FNCACT_ASTROPHYSICIST', 'TAX_FNCACT_REPRESENTATIVES', 'TAX_ETHNICITY_CHEROKEE', 'TAX_WORLDLANGUAGES_CHEROKEE', 'TOURISM', 'TAX_FNCACT_TOURIST', 'TAX_WORLDLANGUAGES_YOSEMITE', 'MEDIA_MSM', 'NATURAL_DISASTER_HURRICANES', 'CRISISLEX_O01_WEATHER', 'MANMADE_DISASTER_IMPLIED', 'TAX_FNCACT_PIRATE', 'TAX_ETHNICITY_ABORIGINE', 'LEADER', 'TAX_FNCACT_CONGRESSWOMAN', 'USPEC_POLITICS_GENERAL1', 'TAX_ETHNICITY_BLACK', 'TAX_FNCACT_INSTRUCTOR']",4.8048048048048
20260412101500-422,20260412101500,newjerseytelegraph.com,http://www.newjerseytelegraph.com/news/278978009/mass-terrorism-trial-in-nigeria-sees-over-300-suspects-convicted,"['GENERAL_GOVERNMENT', 'EPU_POLICY_GOVERNMENT', 'TAX_TERROR_GROUP_ISLAMIC_STATE', 'TAX_TERROR_GROUP_ISLAMIC_STATE', 'MEDIA_MSM', 'TAX_RELIGION_MUSLIM', 'TAX_ETHNICITY_MUSLIM', 'ARMEDCONFLICT', 'CRISISLEX_CRISISLEXREC', 'CRISISLEX_C07_SAFETY', 'CRISISLEX_T09_DISPLACEDRELOCATEDEVACUATED', 'TAX_TERROR_GROUP_BOKO_HARAM', 'TAX_FNCACT_CRIMINAL', 'SOC_RANSOM', 'SOC_RANSOM', 'TAX_RELIGION_ISLAMIC', 'TAX_RELIGION_ISLAMIC', 'TAX_FNCACT_JUDGES', 'TAX_FNCACT_ATTORNEY', 'ORGANIZED_CRIME', 'WB_2452_GANGS', 'WB_2445_NON_STATE_SECURITY_ACTORS', 'IDEOLOGY', 'TRIAL', 'KILL', 'WB_696_PUBLIC_SECTOR_MANAGEMENT', 'WB_840_JUSTICE', 'AGRICULTURE', 'TAX_FNCACT_HERDERS', 'TAX_ETHNICITY_FULANI', 'TAX_WORLDLANGUAGES_FULANI', 'TAX_RELIGION_CHRISTIAN', 'TAX_ETHNICITY_CHRISTIAN', 'KIDNAP', 'SOC_POINTSOFINTEREST_PRISON', 'WB_2495_DETENTION_PRISON_AND_CORRECTIONS_REFORM', 'WB_2470_PEACE_OPERATIONS_AND_CONFLICT_MANAGEMENT', 'WB_2490_NATIONAL_PROTECTION_AND_SECURITY', 'CRISISLEX_C05_NEED_OF_SHELTERS', 'TERROR', 'WB_2467_TERRORISM', 'WB_2433_CONFLICT_AND_VIOLENCE', 'WB_2432_FRAGILITY_CONFLICT_AND_VIOLENCE', 'WB_2462_POLITICAL_VIOLENCE_AND_WAR', 'EPU_CATS_NATIONAL_SECURITY', 'INSURGENCY', 'INSURGENCY', 'WB_2464_INSURGENCY', 'WB_2464_INSURGENCY', 'BORDER']",-9.68992248062015
20260412101500-423,20260412101500,athens-times.com,https://athens-times.com/why-chip-bags-are-never-completely-full/,"['USPEC_POLICY1', 'EPU_POLICY_REGULATION', 'EPU_CATS_REGULATION', 'SCIENCE', 'WB_678_DIGITAL_GOVERNMENT', 'WB_694_BROADCAST_AND_MEDIA', 'WB_133_INFORMATION_AND_COMMUNICATION_TECHNOLOGIES', 'WB_135_TRANSPORT', 'MEDIA_SOCIAL', 'WB_652_ICT_APPLICATIONS', 'WB_662_SOCIAL_MEDIA', 'WB_658_ENTERPRISE_APPLICATIONS', 'TAX_DISEASE_ANTICIPATION', 'WB_2432_FRAGILITY_CONFLICT_AND_VIOLENCE']",-1.46341463414634
20260412101500-424,20260412101500,athens-times.com,https://athens-times.com/paok-unveils-centenary-emblem-for-100th-anniversary/,"['WB_1458_HEALTH_PROMOTION_AND_DISEASE_PREVENTION', 'WB_1462_WATER_SANITATION_AND_HYGIENE', 'WB_635_PUBLIC_HEALTH', 'WB_621_HEALTH_NUTRITION_AND_POPULATION']",4.83870967741936
20260412101500-425,20260412101500,fool.com,https://www.fool.com/investing/2026/04/12/prediction-trump-bull-market-end-federal-reserve/?source=iedfolrf0000001,"['EPU_POLICY_INTEREST_RATES', 'MEDIA_SOCIAL', 'EPU_ECONOMY', 'TAX_DISEASE_FINGERPRINTS', 'ECON_TAXATION', 'ECON_TAXATION', 'EPU_POLICY_TAX', 'EPU_POLICY_TAX', 'EPU_CATS_TAXES', 'EPU_CATS_TAXES', 'ARMEDCONFLICT', 'EPU_CATS_NATIONAL_SECURITY', 'SOC_POINTSOFINTEREST_HEADQUARTERS', 'USPEC_POLICY1', 'USPEC_POLICY1', 'USPEC_POLICY1', 'USPEC_POLICY1', 'EPU_POLICY_POLICY', 'EPU_POLICY_POLICY', 'EPU_POLICY_POLICY', 'EPU_POLICY_POLICY', 'EPU_POLICY_FEDERAL_RESERVE', 'EPU_POLICY_FEDERAL_RESERVE', 'EPU_POLICY_FEDERAL_RESERVE', 'EPU_POLICY_FEDERAL_RESERVE', 'EPU_POLICY_FEDERAL_RESERVE', 'EPU_CATS_MONETARY_POLICY', 'EPU_CATS_MONETARY_POLICY', 'EPU_CATS_MONETARY_POLICY', 'EPU_CATS_MONETARY_POLICY', 'EPU_CATS_MONETARY_POLICY', 'TAX_ECON_PRICE', 'TAX_ECON_PRICE', 'TAX_WORLDMAMMALS_BEAR', 'CRISISLEX_CRISISLEXREC', 'ECON_CENTRALBANK', 'WB_1235_CENTRAL_BANKS', 'WB_318_FINANCIAL_ARCHITECTURE_AND_BANKING', 'WB_1920_FINANCIAL_SECTOR_DEVELOPMENT', 'WB_1234_BANKING_INSTITUTIONS', 'EPU_POLICY_CENTRAL_BANK', 'WB_1160_SHOCKS_AND_VULNERABILITY', 'WB_695_POVERTY', 'WB_2670_JOBS', 'WB_1467_EDUCATION_FOR_ALL', 'WB_470_EDUCATION', 'WB_2131_EMPLOYABILITY_SKILLS_AND_JOBS', 'WB_1484_EDUCATION_SKILLS_DEVELOPMENT_AND_LABOR_MARKET', 'TAX_FNCACT_PRESIDENTS', 'WB_539_OIL_AND_GAS_POLICY_STRATEGY_AND_INSTITUTIONS', 'WB_507_ENERGY_AND_EXTRACTIVES', 'WB_2290_OIL_AND_GAS_EXPORT', 'WB_544_MID_AND_DOWNSTREAM_OIL_AND_GAS', 'EPU_POLICY_WHITE_HOUSE', 'EPU_POLICY_WHITE_HOUSE', 'EPU_POLICY_WHITE_HOUSE', 'WB_2433_CONFLICT_AND_VIOLENCE', 'WB_2465_REVOLUTIONARY_VIOLENCE', 'WB_2432_FRAGILITY_CONFLICT_AND_VIOLENCE', 'WB_2462_POLITICAL_VIOLENCE_AND_WAR', 'LEADER', 'LEADER', 'LEADER', 'LEADER', 'LEADER', 'LEADER', 'LEADER', 'LEADER', 'TAX_FNCACT_PRESIDENT', 'TAX_FNCACT_PRESIDENT', 'TAX_FNCACT_PRESIDENT', 'TAX_FNCACT_PRESIDENT', 'TAX_FNCACT_PRESIDENT', 'TAX_FNCACT_PRESIDENT', 'TAX_FNCACT_PRESIDENT', 'TAX_FNCACT_PRESIDENT', 'USPEC_POLITICS_GENERAL1', 'USPEC_POLITICS_GENERAL1', 'USPEC_POLITICS_GENERAL1', 'USPEC_POLITICS_GENERAL1', 'USPEC_POLITICS_GENERAL1', 'USPEC_POLITICS_GENERAL1', 'USPEC_POLITICS_GENERAL1', 'USPEC_POLITICS_GENERAL1', 'ENV_OIL', 'ENV_OIL', 'ENV_OIL', 'TAX_FNCACT_INVESTOR', 'TAX_WORLDMAMMALS_HUMAN', 'ECON_INFLATION', 'ECON_INFLATION', 'ECON_INFLATION', 'ECON_INFLATION', 'ECON_INFLATION', 'ECON_INFLATION', 'WB_1104_MACROECONOMIC_VULNERABILITY_AND_DEBT', 'WB_1104_MACROECONOMIC_VULNERABILITY_AND_DEBT', 'WB_1104_MACROECONOMIC_VULNERABILITY_AND_DEBT', 'WB_1104_MACROECONOMIC_VULNERABILITY_AND_DEBT', 'WB_1104_MACROECONOMIC_VULNERABILITY_AND_DEBT', 'WB_1104_MACROECONOMIC_VULNERABILITY_AND_DEBT', 'WB_442_INFLATION', 'WB_442_INFLATION', 'WB_442_INFLATION', 'WB_442_INFLATION', 'WB_442_INFLATION', 'WB_442_INFLATION', 'WB_696_PUBLIC_SECTOR_MANAGEMENT', 'WB_831_GOVERNANCE', 'WB_838_PUBLIC_ACCOUNTABILITY_MECHANISMS', 'EPU_POLICY_INTEREST_RATE', 'SCIENCE', 'SOC_INNOVATION', 'WB_444_MONETARY_POLICY', 'WB_444_MONETARY_POLICY', 'WB_444_MONETARY_POLICY', 'WB_444_MONETARY_POLICY', 'WB_439_MACROECONOMIC_AND_STRUCTURAL_POLICIES', 'WB_439_MACROECONOMIC_AND_STRUCTURAL_POLICIES', 'WB_439_MACROECONOMIC_AND_STRUCTURAL_POLICIES', 'WB_439_MACROECONOMIC_AND_STRUCTURAL_POLICIES', 'EPU_POLICY_MONETARY_POLICY', 'EPU_POLICY_MONETARY_POLICY', 'EPU_POLICY_MONETARY_POLICY', 'EPU_POLICY_MONETARY_POLICY', 'ECON_STOCKMARKET', 'ECON_STOCKMARKET', 'ECON_INTEREST_RATES', 'ECON_OILPRICE', 'ECON_OILPRICE', 'LEGISLATION', 'EPU_POLICY_LAW', 'TAX_FNCACT_ANALYSTS', 'EPU_ECONOMY_HISTORIC', 'TAX_FNCACT_OFFICIAL', 'TAX_FNCACT_OFFICIAL']",-1.13314447592068
20260412101500-426,20260412101500,fool.com,https://www.fool.com/investing/2026/04/12/nvidia-built-an-ai-chip-empire-but-its-this-other/?source=iedfolrf0000001,[],1.4018691588785
20260412101500-427,20260412101500,kpbs.org,https://www.kpbs.org/news/science-technology/2026/04/12/the-real-space-science-behind-project-hail-mary,"['TAX_ECON_PRICE', 'TAX_WORLDBIRDS_GREY_PARROT', 'TAX_FNCACT_ENGINEER', 'SOC_POINTSOFINTEREST_UNIVERSITY', 'SOC_POINTSOFINTEREST_UNIVERSITY', 'SOC_POINTSOFINTEREST_UNIVERSITY', 'SOC_POINTSOFINTEREST_UNIVERSITY', 'SOC_POINTSOFINTEREST_UNIVERSITY', 'WB_1428_INJURY', 'WB_1406_DISEASES', 'WB_1427_NON_COMMUNICABLE_DISEASE_AND_INJURY', 'CRISISLEX_T02_INJURED', 'WB_165_AIR_TRANSPORT', 'WB_135_TRANSPORT', 'WB_164_MODES_OF_TRANSPORT', 'TAX_FNCACT_BIOLOGIST', 'TAX_DISEASE_DIAPHRAGM', 'IDEOLOGY', 'MARITIME_INCIDENT', 'MARITIME', 'KILL', 'CRISISLEX_T03_DEAD', 'WB_644_NUTRITION', 'TAX_DISEASE_COMA', 'TAX_DISEASE_COMA', 'TAX_DISEASE_COMA', 'TAX_DISEASE_COMA', 'TAX_DISEASE_COMA', 'TAX_WORLDMAMMALS_HUMANS', 'TAX_WORLDMAMMALS_HUMANS', 'TAX_WORLDMAMMALS_HUMANS', 'TAX_WORLDMAMMALS_HUMANS', 'TAX_WORLDMAMMALS_HUMANS', 'CRISISLEX_C03_WELLBEING_HEALTH', 'WB_678_DIGITAL_GOVERNMENT', 'WB_2943_SWITCHES', 'WB_667_ICT_INFRASTRUCTURE', 'WB_672_NETWORK_MANAGEMENT', 'WB_133_INFORMATION_AND_COMMUNICATION_TECHNOLOGIES', 'WB_1331_HEALTH_TECHNOLOGIES', 'WB_1331_HEALTH_TECHNOLOGIES', 'WB_1331_HEALTH_TECHNOLOGIES', 'WB_1350_PHARMACEUTICALS', 'WB_1350_PHARMACEUTICALS', 'WB_1350_PHARMACEUTICALS', 'WB_621_HEALTH_NUTRITION_AND_POPULATION', 'WB_621_HEALTH_NUTRITION_AND_POPULATION', 'WB_621_HEALTH_NUTRITION_AND_POPULATION', 'TAX_FNCACT_DOCTORS', 'ENV_SOLAR', 'ENV_SOLAR', 'ENV_SOLAR', 'ENV_SOLAR', 'ENV_SOLAR', 'SOC_POINTSOFINTEREST_MIDDLE_SCHOOL', 'SOC_POINTSOFINTEREST_MIDDLE_SCHOOL', 'SOC_POINTSOFINTEREST_MIDDLE_SCHOOL', 'GENERAL_HEALTH', 'GENERAL_HEALTH', 'GENERAL_HEALTH', 'MEDICAL', 'MEDICAL', 'MEDICAL', 'WB_286_TELECOMMUNICATIONS_AND_BROADBAND_ACCESS', 'WB_2120_SATELLITES', 'WB_2329_ACCESS_AND_CONNECTIVITY', 'AFFECT', 'SCIENCE', 'SCIENCE', 'SCIENCE', 'SCIENCE', 'SCIENCE', 'TAX_FNCACT_PROFESSOR', 'TAX_FNCACT_PROFESSOR', 'TAX_FNCACT_PROFESSOR', 'TAX_FNCACT_PROFESSOR', 'TAX_FNCACT_PROFESSOR', 'TAX_FNCACT_PROFESSOR', 'TAX_FNCACT_ASTRONAUT', 'TAX_WORLDMAMMALS_WOLF', 'TAX_FNCACT_SCIENTIST', 'TAX_FNCACT_SCIENTIST', 'PROTEST', 'CRISISLEX_CRISISLEXREC', 'TAX_WORLDMAMMALS_WHALE', 'UNGP_FORESTS_RIVERS_OCEANS', 'EDUCATION', 'EDUCATION', 'EDUCATION', 'EDUCATION', 'EDUCATION', 'MANMADE_DISASTER_IMPLIED', 'MANMADE_DISASTER_IMPLIED', 'MANMADE_DISASTER_IMPLIED', 'MANMADE_DISASTER_IMPLIED', 'MANMADE_DISASTER_IMPLIED', 'SOC_POINTSOFINTEREST_SCHOOL', 'SOC_POINTSOFINTEREST_SCHOOL', 'SOC_POINTSOFINTEREST_SCHOOL', 'SOC_POINTSOFINTEREST_SCHOOL', 'SOC_POINTSOFINTEREST_SCHOOL', 'RECRUITMENT', 'RECRUITMENT', 'RECRUITMENT', 'TAX_FNCACT_TEACHER', 'TAX_DISEASE_BACTERIA', 'TAX_WORLDMAMMALS_HUMAN', 'TAX_WORLDMAMMALS_HUMAN', 'TAX_WORLDMAMMALS_HUMAN', 'TAX_WORLDMAMMALS_HUMAN', 'TAX_WORLDMAMMALS_HUMAN', 'TAX_FNCACT_DIRECTOR', 'WB_137_WATER', 'WB_1614_NUTRITIONAL_PROGRAMS', 'WB_1609_FOOD_AND_IN_KIND_TRANSFERS', 'WB_1615_THERAPEUTIC', 'WB_1466_SOCIAL_ASSISTANCE', 'WB_697_SOCIAL_PROTECTION_AND_LABOR', 'TAX_DISEASE_MUSCLE_WASTING']",-0.0847457627118642
20260412101500-428,20260412101500,el-balad.com,https://www.el-balad.com/16910452,"['TAX_DISEASE_PREGNANCY', 'RETIREMENT', 'WB_2690_CATEGORIES_OF_EMPLOYMENT', 'WB_2670_JOBS', 'WB_2689_JOBS_DIAGNOSTICS', 'WB_2896_RETIREMENT', 'TAX_FNCACT_LAWYERS', 'TRIAL', 'TAX_FNCACT_ATTORNEY', 'ECON_DEBT', 'ECON_DEBT', 'ECON_DEBT', 'ECON_DEBT', 'ECON_DEBT', 'WB_1104_MACROECONOMIC_VULNERABILITY_AND_DEBT', 'WB_1104_MACROECONOMIC_VULNERABILITY_AND_DEBT', 'WB_1104_MACROECONOMIC_VULNERABILITY_AND_DEBT', 'WB_1104_MACROECONOMIC_VULNERABILITY_AND_DEBT', 'WB_1104_MACROECONOMIC_VULNERABILITY_AND_DEBT', 'WB_450_DEBT', 'WB_450_DEBT', 'WB_450_DEBT', 'WB_450_DEBT', 'WB_450_DEBT', 'TAX_ECON_PRICE', 'TAX_ECON_PRICE', 'TAX_ECON_PRICE', 'TAX_ECON_PRICE', 'TAX_ECON_PRICE', 'TAX_FNCACT_CHILDREN', 'TAX_FNCACT_CHILDREN', 'EPU_POLICY_SPENDING', 'USPEC_POLICY1', 'USPEC_POLICY1', 'EPU_POLICY_BUDGET', 'EPU_POLICY_BUDGET']",-1.64835164835165
20260412101500-429,20260412101500,jowhar.com,https://jowhar.com/trumps-iran-post-ignites-fresh-calls-for-his-ouster/,"['TAX_FNCACT_JUDGE', 'LEGISLATION', 'LEGISLATION', 'EPU_POLICY_LAW', 'EPU_POLICY_LAW', 'TAX_FNCACT_REPRESENTATIVE', 'TAX_DISEASE_COVID', 'EPU_POLICY_CONGRESSIONAL', 'EPU_POLICY_CONGRESSIONAL', 'EPU_POLICY_CONGRESSIONAL', 'EPU_POLICY_CONGRESSIONAL', 'EPU_POLICY_CONGRESSIONAL', 'TAX_FNCACT_VETERAN', 'TAX_ETHNICITY_AMERICANS', 'TAX_FNCACT_SENATOR', 'TAX_FNCACT_ESCORT', 'TAX_FNCACT_LEADER', 'TAX_FNCACT_SCHOLAR', 'WB_845_LEGAL_AND_REGULATORY_FRAMEWORK', 'WB_696_PUBLIC_SECTOR_MANAGEMENT', 'WB_962_INTERNATIONAL_LAW', 'TAX_FNCACT_MINORITY_LEADER', 'STRIKE', 'ELECTION', 'TAX_FNCACT_STAFFER', 'WB_1160_SHOCKS_AND_VULNERABILITY', 'WB_1160_SHOCKS_AND_VULNERABILITY', 'WB_695_POVERTY', 'WB_695_POVERTY', 'TAX_DISEASE_PARALYSIS', 'TAX_FNCACT_VICE_PRESIDENT', 'TAX_FNCACT_VICE_PRESIDENT', 'TAX_FNCACT_VICE_PRESIDENT', 'TAX_FNCACT_VICE_PRESIDENT', 'TAX_FNCACT_VICE_PRESIDENT', 'CRISISLEX_C07_SAFETY', 'TAX_POLITICAL_PARTY_DEMOCRATS', 'TAX_POLITICAL_PARTY_DEMOCRATS', 'TAX_POLITICAL_PARTY_DEMOCRATS', 'USPEC_POLITICS_GENERAL1', 'USPEC_POLITICS_GENERAL1', 'USPEC_POLITICS_GENERAL1', 'EPU_CATS_NATIONAL_SECURITY', 'TAX_POLITICAL_PARTY_REPUBLICANS', 'ARMEDCONFLICT', 'KILL', 'CRISISLEX_T03_DEAD', 'CRISISLEX_CRISISLEXREC', 'WB_678_DIGITAL_GOVERNMENT', 'WB_694_BROADCAST_AND_MEDIA', 'WB_133_INFORMATION_AND_COMMUNICATION_TECHNOLOGIES', 'TAX_FNCACT_CITIZENS', 'INFO_RUMOR', 'EPU_POLICY_POLITICAL', 'EPU_POLICY_POLITICAL', 'EPU_POLICY_POLITICAL', 'EPU_POLICY_POLITICAL', 'EPU_POLICY_POLITICAL', 'WB_2433_CONFLICT_AND_VIOLENCE', 'WB_831_GOVERNANCE', 'WB_838_PUBLIC_ACCOUNTABILITY_MECHANISMS', 'ECON_INFLATION', 'WB_1104_MACROECONOMIC_VULNERABILITY_AND_DEBT', 'WB_442_INFLATION', 'TAX_FNCACT_AIDE', 'TAX_FNCACT_WAITRESS', 'SELF_IDENTIFIED_ATROCITY', 'TERROR', 'WB_2507_HUMAN_RIGHTS_ABUSES_AND_VIOLATIONS', 'WB_2203_HUMAN_RIGHTS', 'WB_2509_GENOCIDE', 'WB_2432_FRAGILITY_CONFLICT_AND_VIOLENCE', 'TAX_FNCACT_INCUMBENT', 'TAX_POLITICAL_PARTY_REPUBLICAN', 'TAX_POLITICAL_PARTY_REPUBLICAN', 'LEADER', 'LEADER', 'LEADER', 'LEADER', 'LEADER', 'LEADER', 'LEADER', 'LEADER', 'LEADER', 'LEADER', 'LEADER', 'LEADER', 'LEADER', 'TAX_FNCACT_PRESIDENT', 'TAX_FNCACT_PRESIDENT', 'TAX_FNCACT_PRESIDENT', 'TAX_FNCACT_PRESIDENT', 'TAX_FNCACT_PRESIDENT', 'TAX_FNCACT_PRESIDENT', 'TAX_FNCACT_PRESIDENT', 'TAX_FNCACT_PRESIDENT', 'TAX_FNCACT_PRESIDENT', 'TAX_FNCACT_PRESIDENT', 'TAX_FNCACT_PRESIDENT', 'TAX_FNCACT_PRESIDENT', 'TAX_FNCACT_PRESIDENT', 'TAX_FNCACT_OFFICIALS', 'TAX_FNCACT_OFFICIALS', 'TAX_FNCACT_LEADERS', 'TAX_FNCACT_LEADERS', 'TAX_FNCACT_LEADERS', 'TAX_FNCACT_LEADERS', 'IMPEACHMENT', 'IMPEACHMENT', 'IMPEACHMENT', 'IMPEACHMENT', 'IMPEACHMENT', 'IMPEACHMENT', 'IMPEACHMENT', 'IMPEACHMENT', 'CONSTITUTIONAL', 'CONSTITUTIONAL', 'CONSTITUTIONAL', 'CONSTITUTIONAL', 'TAX_ETHNICITY_AMERICAN', 'TAX_ETHNICITY_AMERICAN', 'TRANSPARENCY', 'GENERAL_GOVERNMENT', 'EPU_POLICY_CONGRESS', 'TAX_ECON_PRICE', 'NATURAL_DISASTER_FLOODED', 'CRISISLEX_C06_WATER_SANITATION', 'SOC_POLARIZED', 'SOC_POLARIZED', 'USPEC_UNCERTAINTY1', 'USPEC_UNCERTAINTY1', 'UNREST_BELLIGERENT', 'TAX_WORLDMAMMALS_ASS', 'TAX_WEAPONS_BOMB', 'EPU_CATS_MIGRATION_FEAR_FEAR', 'TAX_FNCACT_ANALYST', 'TAX_POLITICAL_PARTY_REPUBLICAN_PARTY']",-6.72926447574335
20260412101500-430,20260412101500,kashmirreader.com,https://kashmirreader.com/2026/04/12/javid-dar-reviews-irrigation-facilities-dev-works-in-rafiabad/,"['WB_427_WATER_ALLOCATION_AND_WATER_ECONOMICS', 'WB_1064_WATER_DEMAND_MANAGEMENT', 'GRIEVANCES', 'WB_995_IRRIGATION_AND_DRAINAGE_OPERATION_AND_MAINTENANCE', 'AGRICULTURE', 'TAX_FNCACT_FARMERS', 'RURAL', 'TAX_MILITARY_TITLE_OFFICERS', 'TAX_FNCACT_OFFICERS', 'WB_141_WATER_RESOURCES_MANAGEMENT', 'WB_1000_WATER_MANAGEMENT_STRUCTURES', 'WB_989_IRRIGATION_AND_DRAINAGE_CANALS', 'KILL', 'UNGP_FORESTS_RIVERS_OCEANS', 'TAX_FNCACT_MINISTER', 'TAX_FNCACT_MINISTER', 'TAX_FNCACT_MINISTER', 'TAX_FNCACT_MINISTER', 'TAX_FNCACT_MINISTER', 'ELECTION', 'WB_435_AGRICULTURE_AND_FOOD_SECURITY', 'WB_2667_RURAL_DEVELOPMENT', 'WB_137_WATER', 'WB_137_WATER', 'WB_137_WATER', 'WB_137_WATER', 'WB_137_WATER', 'WB_151_IRRIGATION_AND_DRAINAGE', 'WB_151_IRRIGATION_AND_DRAINAGE', 'WB_151_IRRIGATION_AND_DRAINAGE', 'WB_151_IRRIGATION_AND_DRAINAGE', 'WB_151_IRRIGATION_AND_DRAINAGE', 'WB_140_AGRICULTURAL_WATER_MANAGEMENT', 'WB_140_AGRICULTURAL_WATER_MANAGEMENT', 'WB_140_AGRICULTURAL_WATER_MANAGEMENT', 'WB_140_AGRICULTURAL_WATER_MANAGEMENT', 'WB_140_AGRICULTURAL_WATER_MANAGEMENT', 'TAX_FNCACT_FARMER']",1.55440414507772
20260412101500-431,20260412101500,indianexpress.com,https://indianexpress.com/article/legal-news/republic-will-ultimately-be-judged-not-by-the-rights-it-declares-but-by-the-rights-it-delivers-cji-surya-kant-10632546/,"['TRANSPARENCY', 'GENERAL_GOVERNMENT', 'LEGISLATION', 'EPU_CATS_NATIONAL_SECURITY', 'DELAY', 'DELAY', 'USPEC_UNCERTAINTY1', 'USPEC_UNCERTAINTY1', 'WB_696_PUBLIC_SECTOR_MANAGEMENT', 'WB_696_PUBLIC_SECTOR_MANAGEMENT', 'WB_696_PUBLIC_SECTOR_MANAGEMENT', 'WB_840_JUSTICE', 'WB_840_JUSTICE', 'WB_840_JUSTICE', 'WB_942_ACCESS_TO_JUSTICE', 'WB_942_ACCESS_TO_JUSTICE', 'WB_942_ACCESS_TO_JUSTICE', 'TAX_FNCACT_CITIZENS', 'TAX_FNCACT_CITIZENS', 'TAX_FNCACT_CITIZEN', 'TAX_FNCACT_CITIZEN', 'TAX_FNCACT_CITIZEN', 'CONSTITUTIONAL', 'GRIEVANCES', 'EPU_POLICY_LAW']",-0.510204081632653
20260412101500-432,20260412101500,asiaone.com,https://www.asiaone.com/money/how-start-your-own-home-based-business-singapore-2026-guide,"['EPU_ECONOMY_HISTORIC', 'EPU_ECONOMY_HISTORIC', 'EPU_ECONOMY_HISTORIC', 'EPU_ECONOMY_HISTORIC', 'EPU_ECONOMY_HISTORIC', 'EPU_ECONOMY_HISTORIC', 'EPU_ECONOMY_HISTORIC', 'EPU_ECONOMY_HISTORIC', 'EPU_ECONOMY_HISTORIC', 'EPU_ECONOMY_HISTORIC', 'EPU_ECONOMY_HISTORIC', 'EPU_ECONOMY_HISTORIC', 'EPU_ECONOMY_HISTORIC', 'EPU_ECONOMY_HISTORIC', 'EPU_ECONOMY_HISTORIC', 'EPU_ECONOMY_HISTORIC', 'EPU_ECONOMY_HISTORIC', 'EPU_ECONOMY_HISTORIC', 'EPU_ECONOMY_HISTORIC', 'EPU_ECONOMY_HISTORIC', 'EPU_ECONOMY_HISTORIC', 'EPU_ECONOMY_HISTORIC', 'EPU_ECONOMY_HISTORIC', 'EPU_ECONOMY_HISTORIC', 'EPU_ECONOMY_HISTORIC', 'EPU_ECONOMY_HISTORIC', 'EPU_ECONOMY_HISTORIC', 'EPU_ECONOMY_HISTORIC', 'EPU_ECONOMY_HISTORIC', 'EPU_ECONOMY_HISTORIC', 'EPU_ECONOMY_HISTORIC', 'EPU_ECONOMY_HISTORIC', 'EPU_ECONOMY_HISTORIC', 'EPU_ECONOMY_HISTORIC', 'EPU_ECONOMY_HISTORIC', 'USPEC_POLICY1', 'USPEC_POLICY1', 'EPU_POLICY_BUDGET', 'EPU_POLICY_BUDGET', 'TAX_FNCACT_EMPLOYEE']",0.427899015832264
20260412101500-433,20260412101500,aceshowbiz.com,https://www.aceshowbiz.com/news/view/00253457.html,"['EPU_CATS_MIGRATION_FEAR_MIGRATION', 'TAX_FNCACT_WOMEN', 'ARMEDCONFLICT', 'TAX_FNCACT_DIRECTOR', 'TAX_FNCACT_AGENT', 'WB_1331_HEALTH_TECHNOLOGIES', 'WB_1350_PHARMACEUTICALS', 'WB_621_HEALTH_NUTRITION_AND_POPULATION', 'GENERAL_GOVERNMENT', 'EDUCATION', 'EDUCATION', 'SOC_POINTSOFINTEREST_SCHOOL', 'SOC_POINTSOFINTEREST_SCHOOL', 'GENERAL_HEALTH', 'MEDICAL', 'CRISISLEX_C03_WELLBEING_HEALTH', 'TAX_FNCACT_HANDMAID', 'TAX_FNCACT_HANDMAID', 'WB_840_JUSTICE', 'WB_1014_CRIMINAL_JUSTICE', 'UNGP_FORESTS_RIVERS_OCEANS', 'TAX_FNCACT_ACTOR', 'CRISISLEX_T11_UPDATESSYMPATHY', 'WB_2670_JOBS', 'WB_2670_JOBS', 'WB_696_PUBLIC_SECTOR_MANAGEMENT', 'WB_696_PUBLIC_SECTOR_MANAGEMENT', 'WB_2048_COMPENSATION_CAREERS_AND_INCENTIVES', 'WB_2048_COMPENSATION_CAREERS_AND_INCENTIVES', 'WB_723_PUBLIC_ADMINISTRATION', 'WB_723_PUBLIC_ADMINISTRATION', 'WB_724_HUMAN_RESOURCES_FOR_PUBLIC_SECTOR', 'WB_724_HUMAN_RESOURCES_FOR_PUBLIC_SECTOR']",0.998573466476463
20260412101500-434,20260412101500,cairnspost.com.au,https://www.cairnspost.com.au/news/queensland/cfmeu-faces-reckoning-as-inquiry-to-hear-damning-evidence-on-union-deals/news-story/b97694429b737f3edf1f25e72a60a10f&memtype=anonymous&mode=premium&nk=adcc16e22160f1b02f0bb6bd7d1da1f9-1775988093,"['LEGISLATION', 'EPU_POLICY_LAW', 'TAX_ECON_PRICE']",-4.12371134020619
20260412101500-435,20260412101500,coventryobserver.co.uk,https://coventryobserver.co.uk/news/south-warwickshire-womens-charity-appeals-for-regular-givers-61016/,"['WB_742_YOUTH_AND_GENDER_BASED_VIOLENCE', 'WB_2441_DOMESTIC_VIOLENCE', 'WB_738_SOCIAL_COHESION', 'WB_134_SOCIAL_DEVELOPMENT', 'GENERAL_HEALTH', 'MEDICAL', 'POVERTY', 'TAX_FNCACT_WOMEN', 'TAX_FNCACT_WOMEN', 'TAX_FNCACT_WOMEN', 'TAX_FNCACT_WOMEN', 'TAX_FNCACT_WOMEN', 'TAX_FNCACT_WOMEN', 'TAX_FNCACT_WOMEN', 'WB_1467_EDUCATION_FOR_ALL', 'WB_470_EDUCATION', 'WB_2131_EMPLOYABILITY_SKILLS_AND_JOBS', 'WB_1484_EDUCATION_SKILLS_DEVELOPMENT_AND_LABOR_MARKET', 'TAX_FNCACT_WOMAN', 'TAX_FNCACT_WOMAN', 'TAX_FNCACT_WOMAN', 'SOC_POINTSOFINTEREST_PRISON', 'WB_2495_DETENTION_PRISON_AND_CORRECTIONS_REFORM', 'WB_2470_PEACE_OPERATIONS_AND_CONFLICT_MANAGEMENT', 'WB_2432_FRAGILITY_CONFLICT_AND_VIOLENCE', 'WB_2490_NATIONAL_PROTECTION_AND_SECURITY', 'WB_1406_DISEASES', 'WB_621_HEALTH_NUTRITION_AND_POPULATION', 'WB_1430_MENTAL_HEALTH', 'WB_1427_NON_COMMUNICABLE_DISEASE_AND_INJURY', 'WB_1437_SOCIAL_DETERMINANTS_FOR_HEALTH', 'WB_1438_ALCOHOL_AND_SUBSTANCE_ABUSE', 'UNGP_FORESTS_RIVERS_OCEANS', 'CRISISLEX_T11_UPDATESSYMPATHY', 'TAX_DISEASE_TRAUMA', 'TAX_DISEASE_TRAUMA']",4.83091787439614
20260412101500-436,20260412101500,mangalorean.com,https://www.mangalorean.com/accused-arrested-victim-rescued-in-manipal-kidnapping-case/,"['KIDNAP', 'KIDNAP', 'KIDNAP', 'TAX_FNCACT_VICTIM', 'TAX_FNCACT_VICTIM', 'TAX_FNCACT_VICTIM', 'TAX_FNCACT_VICTIM', 'EPU_ECONOMY_HISTORIC', 'ARREST', 'SOC_GENERALCRIME', 'CRISISLEX_C07_SAFETY', 'MANMADE_DISASTER_IMPLIED', 'AFFECT', 'AFFECT', 'TAX_ETHNICITY_BLACK', 'TAX_ETHNICITY_BLACK', 'TAX_ETHNICITY_BLACK', 'TAX_FNCACT_INSPECTOR', 'TAX_FNCACT_MAN', 'WB_2024_ANTI_CORRUPTION_AUTHORITIES', 'WB_2024_ANTI_CORRUPTION_AUTHORITIES', 'WB_2024_ANTI_CORRUPTION_AUTHORITIES', 'WB_696_PUBLIC_SECTOR_MANAGEMENT', 'WB_696_PUBLIC_SECTOR_MANAGEMENT', 'WB_696_PUBLIC_SECTOR_MANAGEMENT', 'WB_840_JUSTICE', 'WB_840_JUSTICE', 'WB_840_JUSTICE', 'WB_2025_INVESTIGATION', 'WB_2025_INVESTIGATION', 'WB_2025_INVESTIGATION', 'WB_831_GOVERNANCE', 'WB_831_GOVERNANCE', 'WB_831_GOVERNANCE', 'WB_832_ANTI_CORRUPTION', 'WB_832_ANTI_CORRUPTION', 'WB_832_ANTI_CORRUPTION', 'WB_1014_CRIMINAL_JUSTICE', 'WB_1014_CRIMINAL_JUSTICE', 'WB_1014_CRIMINAL_JUSTICE', 'SECURITY_SERVICES', 'SECURITY_SERVICES', 'SECURITY_SERVICES', 'SECURITY_SERVICES', 'SECURITY_SERVICES', 'TAX_FNCACT_POLICE', 'TAX_FNCACT_POLICE', 'TAX_FNCACT_POLICE', 'TAX_FNCACT_POLICE', 'TAX_FNCACT_POLICE', 'GENERAL_HEALTH', 'GENERAL_HEALTH', 'GENERAL_HEALTH', 'MEDICAL', 'MEDICAL', 'MEDICAL', 'SOC_POINTSOFINTEREST_HOSPITAL', 'SOC_POINTSOFINTEREST_HOSPITAL', 'SOC_POINTSOFINTEREST_HOSPITAL', 'CRISISLEX_C03_WELLBEING_HEALTH', 'CRISISLEX_C03_WELLBEING_HEALTH', 'CRISISLEX_C03_WELLBEING_HEALTH', 'EPU_CATS_MIGRATION_FEAR_FEAR', 'EPU_CATS_MIGRATION_FEAR_FEAR', 'WB_1921_PRIVATE_SECTOR_DEVELOPMENT', 'WB_1921_PRIVATE_SECTOR_DEVELOPMENT', 'WB_405_BUSINESS_CLIMATE', 'WB_405_BUSINESS_CLIMATE', 'WB_2531_INSPECTIONS_LICENSING_AND_PERMITS', 'WB_2531_INSPECTIONS_LICENSING_AND_PERMITS', 'WB_2530_BUSINESS_ENVIRONMENT', 'WB_2530_BUSINESS_ENVIRONMENT', 'TAX_FNCACT_COMPANION', 'TAX_FNCACT_AUTHORITIES', 'CRISISLEX_CRISISLEXREC', 'EPU_POLICY_AUTHORITIES', 'WB_2937_SILVER', 'WB_507_ENERGY_AND_EXTRACTIVES', 'WB_895_MINING_SYSTEMS', 'WB_1699_METAL_ORE_MINING']",-6.2111801242236
20260412101500-437,20260412101500,yahoo.com,https://www.yahoo.com/news/articles/8-arrested-2025-explosion-killed-090719846.html,"['EDUCATION', 'MANMADE_DISASTER_IMPLIED', 'TAX_FNCACT_LIEUTENANT', 'TAX_FNCACT_LIEUTENANT', 'TAX_FNCACT_LIEUTENANT', 'TAX_FNCACT_LIEUTENANT', 'CRISISLEX_CRISISLEXREC', 'CRISISLEX_CRISISLEXREC', 'CRISISLEX_CRISISLEXREC', 'CRISISLEX_CRISISLEXREC', 'CRISISLEX_CRISISLEXREC', 'CRISISLEX_CRISISLEXREC', 'CRISISLEX_CRISISLEXREC', 'CRISISLEX_CRISISLEXREC', 'CRISISLEX_CRISISLEXREC', 'CRISISLEX_CRISISLEXREC', 'CRISISLEX_T01_CAUTION_ADVICE', 'CRISISLEX_T01_CAUTION_ADVICE', 'CRISISLEX_T01_CAUTION_ADVICE', 'CRISISLEX_T01_CAUTION_ADVICE', 'CRISISLEX_T01_CAUTION_ADVICE', 'CRISISLEX_T01_CAUTION_ADVICE', 'CRISISLEX_T01_CAUTION_ADVICE', 'CRISISLEX_T01_CAUTION_ADVICE', 'CRISISLEX_T01_CAUTION_ADVICE', 'CRISISLEX_T01_CAUTION_ADVICE']",-6.67644900953778
20260412101500-438,20260412101500,pakistantoday.com.pk,https://www.pakistantoday.com.pk/2026/04/12/shishi-koh-valley-remains-without-power-two-weeks-after-transmission-poles-collapse,"['MANMADE_DISASTER_POWER_OUTAGE', 'CRISISLEX_T01_CAUTION_ADVICE', 'MANMADE_DISASTER_WITHOUT_ELECTRICITY', 'POWER_OUTAGE', 'AGRICULTURE', 'EPU_CATS_MIGRATION_FEAR_FEAR', 'AFFECT', 'TAX_FNCACT_AUTHORITIES', 'CRISISLEX_CRISISLEXREC', 'EPU_POLICY_AUTHORITIES', 'CRISISLEX_C04_LOGISTICS_TRANSPORT', 'TAX_ETHNICITY_POLES', 'TAX_ETHNICITY_POLES', 'TAX_ETHNICITY_POLES', 'TAX_ETHNICITY_POLES', 'TAX_WORLDLANGUAGES_SHISHI', 'TAX_RELIGION_MUSLIM', 'TAX_ETHNICITY_MUSLIM', 'TAX_MILITARY_TITLE_OFFICER', 'TAX_FNCACT_OFFICER', 'TAX_FNCACT_LEADER']",-4.3956043956044
20260412101500-439,20260412101500,aceshowbiz.com,https://www.aceshowbiz.com/news/view/00253458.html,"['TAX_FNCACT_BOSS', 'TAX_FNCACT_FATHER', 'TAX_FNCACT_FATHER', 'TAX_FNCACT_FATHER', 'EDUCATION', 'MANMADE_DISASTER_IMPLIED', 'SOC_POINTSOFINTEREST_SCHOOL', 'SOC_POINTSOFINTEREST_HIGH_SCHOOL', 'WB_1675_GRADUATION', 'WB_855_LABOR_MARKETS', 'WB_1673_PASSIVE_LABOR_MARKETS_POLICIES', 'WB_697_SOCIAL_PROTECTION_AND_LABOR']",-4.24528301886792
20260412101500-440,20260412101500,athens-times.com,https://athens-times.com/corfu-do-you-have-a-mayor-for-your-channel-awkward-on-air-moment-after-easter-resurrection/,"['WB_678_DIGITAL_GOVERNMENT', 'WB_694_BROADCAST_AND_MEDIA', 'WB_133_INFORMATION_AND_COMMUNICATION_TECHNOLOGIES', 'LEADER', 'LEADER', 'LEADER', 'LEADER', 'TAX_FNCACT_MAYOR', 'TAX_FNCACT_MAYOR', 'TAX_FNCACT_MAYOR', 'TAX_FNCACT_MAYOR', 'MEDIA_MSM', 'TAX_FNCACT_JOURNALIST', 'ACT_MAKESTATEMENT']",-0.602409638554217
20260412101500-441,20260412101500,manilatimes.net,https://www.manilatimes.net/2026/04/12/tmt-newswire/media-outreach-newswire/vingroup-launches-hanoi-quang-ninh-high-speed-railway-project/2318613,"['USPEC_POLITICS_GENERAL1', 'USPEC_POLITICS_GENERAL1', 'USPEC_POLITICS_GENERAL1', 'ECON_ENTREPRENEURSHIP', 'ECON_ENTREPRENEURSHIP', 'WB_1084_TECHNOLOGY_TRANSFER_AND_DIFFUSION', 'WB_1084_TECHNOLOGY_TRANSFER_AND_DIFFUSION', 'WB_471_ECONOMIC_GROWTH', 'WB_471_ECONOMIC_GROWTH', 'WB_1078_DETERMINANTS_OF_GROWTH', 'WB_1078_DETERMINANTS_OF_GROWTH', 'TAX_FNCACT_CHIEF_EXECUTIVE', 'WB_2470_PEACE_OPERATIONS_AND_CONFLICT_MANAGEMENT', 'WB_2480_POST_CONFLICT_RECONSTRUCTION', 'WB_2432_FRAGILITY_CONFLICT_AND_VIOLENCE', 'WB_2488_POPULATION_RESETTLEMENT', 'TAX_FNCACT_LEADERS', 'ECON_WORLDCURRENCIES_YEN', 'TAX_FNCACT_INVESTOR', 'TAX_FNCACT_INVESTOR', 'TAX_FNCACT_INVESTOR', 'TAX_FNCACT_DEPUTY', 'TAX_FNCACT_DEPUTY', 'TAX_FNCACT_DEPUTY', 'EPU_ECONOMY', 'EPU_ECONOMY_HISTORIC', 'TAX_MILITARY_TITLE_OFFICER', 'TAX_FNCACT_OFFICER', 'URBAN', 'URBAN', 'URBAN', 'PUBLIC_TRANSPORT', 'PUBLIC_TRANSPORT', 'PUBLIC_TRANSPORT', 'CRISISLEX_C07_SAFETY', 'TAX_FNCACT_CHIEF_EXECUTIVE_OFFICER', 'CRISISLEX_T11_UPDATESSYMPATHY', 'CRISISLEX_T11_UPDATESSYMPATHY', 'EPU_POLICY_GOVERNMENT', 'USPEC_POLICY1', 'EPU_POLICY_POLICY', 'WB_507_ENERGY_AND_EXTRACTIVES', 'WB_533_ENERGY_EFFICIENCY', 'TAX_ECON_PRICE', 'ELECTION', 'TAX_FNCACT_EXECUTIVE_OFFICER', 'WB_678_DIGITAL_GOVERNMENT', 'WB_694_BROADCAST_AND_MEDIA', 'WB_133_INFORMATION_AND_COMMUNICATION_TECHNOLOGIES', 'TAX_FNCACT_EXECUTIVE', 'TAX_FNCACT_SECRETARY', 'GENERAL_GOVERNMENT', 'GENERAL_GOVERNMENT', 'GENERAL_GOVERNMENT', 'GENERAL_GOVERNMENT', 'GENERAL_GOVERNMENT', 'GENERAL_GOVERNMENT', 'GENERAL_GOVERNMENT', 'GENERAL_GOVERNMENT', 'GENERAL_GOVERNMENT', 'GENERAL_GOVERNMENT', 'GENERAL_GOVERNMENT', 'GENERAL_GOVERNMENT', 'GENERAL_GOVERNMENT', 'GENERAL_GOVERNMENT', 'GENERAL_GOVERNMENT', 'GENERAL_GOVERNMENT', 'GENERAL_GOVERNMENT', 'GENERAL_GOVERNMENT', 'GENERAL_GOVERNMENT', 'GENERAL_GOVERNMENT', 'GENERAL_GOVERNMENT', 'GENERAL_GOVERNMENT', 'GENERAL_GOVERNMENT', 'GENERAL_GOVERNMENT', 'GENERAL_GOVERNMENT', 'GENERAL_GOVERNMENT', 'GENERAL_GOVERNMENT', 'GENERAL_GOVERNMENT', 'GENERAL_GOVERNMENT', 'GENERAL_GOVERNMENT', 'GENERAL_GOVERNMENT', 'GENERAL_GOVERNMENT', 'GENERAL_GOVERNMENT', 'GENERAL_GOVERNMENT', 'GENERAL_GOVERNMENT', 'GENERAL_GOVERNMENT', 'GENERAL_GOVERNMENT', 'GENERAL_GOVERNMENT', 'GENERAL_GOVERNMENT', 'GENERAL_GOVERNMENT', 'TAX_WORLDLANGUAGES_PHONG', 'TAX_WORLDLANGUAGES_PHONG', 'TAX_WORLDLANGUAGES_PHONG', 'LEADER', 'LEADER', 'LEADER', 'LEADER', 'LEADER', 'LEADER', 'TAX_FNCACT_PRIME_MINISTER', 'TAX_FNCACT_PRIME_MINISTER', 'TAX_FNCACT_PRIME_MINISTER', 'TAX_FNCACT_PRIME_MINISTER', 'TAX_FNCACT_PRIME_MINISTER', 'TAX_FNCACT_PRIME_MINISTER', 'TAX_FNCACT_VICE_CHAIRMAN', 'WB_566_ENVIRONMENT_AND_NATURAL_RESOURCES', 'WB_1777_FORESTS', 'WB_590_ECOSYSTEMS', 'UNGP_FORESTS_RIVERS_OCEANS', 'TAX_FNCACT_CHIEF', 'TAX_FNCACT_MINISTER', 'TAX_FNCACT_MINISTER', 'TAX_FNCACT_MINISTER', 'TAX_FNCACT_MINISTER', 'TAX_FNCACT_MINISTER', 'TAX_FNCACT_MINISTER', 'TAX_FNCACT_MINISTER', 'WB_135_TRANSPORT', 'WB_135_TRANSPORT', 'WB_135_TRANSPORT', 'WB_135_TRANSPORT', 'WB_135_TRANSPORT', 'WB_135_TRANSPORT', 'WB_135_TRANSPORT', 'WB_135_TRANSPORT', 'WB_135_TRANSPORT', 'WB_135_TRANSPORT', 'WB_135_TRANSPORT', 'WB_135_TRANSPORT', 'WB_135_TRANSPORT', 'WB_135_TRANSPORT', 'WB_135_TRANSPORT', 'WB_1803_TRANSPORT_INFRASTRUCTURE', 'WB_1803_TRANSPORT_INFRASTRUCTURE', 'WB_1803_TRANSPORT_INFRASTRUCTURE', 'WB_1803_TRANSPORT_INFRASTRUCTURE', 'WB_1803_TRANSPORT_INFRASTRUCTURE', 'WB_1803_TRANSPORT_INFRASTRUCTURE', 'WB_1803_TRANSPORT_INFRASTRUCTURE', 'WB_1803_TRANSPORT_INFRASTRUCTURE', 'WB_1803_TRANSPORT_INFRASTRUCTURE', 'WB_1803_TRANSPORT_INFRASTRUCTURE', 'WB_1803_TRANSPORT_INFRASTRUCTURE', 'WB_1803_TRANSPORT_INFRASTRUCTURE', 'WB_1803_TRANSPORT_INFRASTRUCTURE', 'WB_1803_TRANSPORT_INFRASTRUCTURE', 'WB_1803_TRANSPORT_INFRASTRUCTURE', 'WB_166_RAILWAYS', 'WB_166_RAILWAYS', 'WB_166_RAILWAYS', 'WB_166_RAILWAYS', 'WB_166_RAILWAYS', 'WB_166_RAILWAYS', 'WB_166_RAILWAYS', 'WB_166_RAILWAYS', 'WB_166_RAILWAYS', 'WB_166_RAILWAYS', 'WB_166_RAILWAYS', 'WB_166_RAILWAYS', 'WB_166_RAILWAYS', 'WB_166_RAILWAYS', 'WB_166_RAILWAYS', 'CRISISLEX_C04_LOGISTICS_TRANSPORT', 'CRISISLEX_C04_LOGISTICS_TRANSPORT', 'CRISISLEX_C04_LOGISTICS_TRANSPORT', 'CRISISLEX_C04_LOGISTICS_TRANSPORT', 'CRISISLEX_C04_LOGISTICS_TRANSPORT', 'CRISISLEX_C04_LOGISTICS_TRANSPORT', 'CRISISLEX_C04_LOGISTICS_TRANSPORT', 'CRISISLEX_C04_LOGISTICS_TRANSPORT', 'CRISISLEX_C04_LOGISTICS_TRANSPORT', 'CRISISLEX_C04_LOGISTICS_TRANSPORT', 'CRISISLEX_C04_LOGISTICS_TRANSPORT', 'CRISISLEX_C04_LOGISTICS_TRANSPORT', 'CRISISLEX_C04_LOGISTICS_TRANSPORT', 'CRISISLEX_C04_LOGISTICS_TRANSPORT', 'CRISISLEX_C04_LOGISTICS_TRANSPORT', 'TAX_WORLDLANGUAGES_KHANG', 'ECON_STOCKMARKET', 'TAX_FNCACT_CEO', 'TAX_ETHNICITY_VIETNAMESE', 'TAX_WORLDLANGUAGES_VIETNAMESE', 'TAX_FNCACT_CHAIRMAN', 'TAX_FNCACT_CHAIRMAN']",2.56898192197907
20260412101500-442,20260412101500,enewschannels.com,https://enewschannels.com/garrisons-world-the-irrelevance-of-rational-atheism-and-the-new-philosophy-of-the-non-rational-part-2/,"['IDEOLOGY', 'IDEOLOGY', 'IDEOLOGY', 'IDEOLOGY', 'IDEOLOGY', 'IDEOLOGY', 'IDEOLOGY', 'IDEOLOGY', 'IDEOLOGY', 'IDEOLOGY', 'IDEOLOGY', 'IDEOLOGY', 'IDEOLOGY', 'IDEOLOGY', 'IDEOLOGY', 'IDEOLOGY', 'IDEOLOGY', 'IDEOLOGY', 'TAX_RELIGION_CHRISTIAN', 'TAX_RELIGION_CHRISTIAN', 'TAX_RELIGION_CHRISTIAN', 'TAX_RELIGION_CHRISTIAN', 'TAX_RELIGION_CHRISTIAN', 'TAX_RELIGION_CHRISTIAN', 'TAX_RELIGION_CHRISTIAN', 'TAX_RELIGION_CHRISTIAN', 'TAX_RELIGION_CHRISTIAN', 'TAX_RELIGION_CHRISTIAN', 'TAX_RELIGION_CHRISTIAN', 'TAX_RELIGION_CHRISTIAN', 'TAX_RELIGION_CHRISTIAN', 'TAX_RELIGION_CHRISTIAN', 'TAX_RELIGION_CHRISTIAN', 'TAX_RELIGION_CHRISTIAN', 'TAX_ETHNICITY_CHRISTIAN', 'TAX_ETHNICITY_CHRISTIAN', 'TAX_ETHNICITY_CHRISTIAN', 'TAX_ETHNICITY_CHRISTIAN', 'TAX_ETHNICITY_CHRISTIAN', 'TAX_ETHNICITY_CHRISTIAN', 'TAX_ETHNICITY_CHRISTIAN', 'TAX_ETHNICITY_CHRISTIAN', 'TAX_ETHNICITY_CHRISTIAN', 'TAX_ETHNICITY_CHRISTIAN', 'TAX_ETHNICITY_CHRISTIAN', 'TAX_ETHNICITY_CHRISTIAN', 'TAX_ETHNICITY_CHRISTIAN', 'TAX_ETHNICITY_CHRISTIAN', 'TAX_ETHNICITY_CHRISTIAN', 'TAX_ETHNICITY_CHRISTIAN', 'USPEC_POLITICS_GENERAL1', 'TAX_RELIGION_CHRISTIANS', 'TAX_ETHNICITY_CHRISTIANS', 'WB_137_WATER', 'WB_161_DAMS_AND_RESERVOIRS', 'WB_141_WATER_RESOURCES_MANAGEMENT', 'WB_1000_WATER_MANAGEMENT_STRUCTURES', 'CRISISLEX_T04_INFRASTRUCTURE', 'TAX_RELIGION_JEWISH', 'TAX_RELIGION_JEWISH', 'TAX_RELIGION_JEWISH', 'TAX_ETHNICITY_JEWISH', 'TAX_ETHNICITY_JEWISH', 'TAX_ETHNICITY_JEWISH', 'WB_2670_JOBS', 'WB_2670_JOBS', 'WB_696_PUBLIC_SECTOR_MANAGEMENT', 'WB_696_PUBLIC_SECTOR_MANAGEMENT', 'WB_2048_COMPENSATION_CAREERS_AND_INCENTIVES', 'WB_2048_COMPENSATION_CAREERS_AND_INCENTIVES', 'WB_723_PUBLIC_ADMINISTRATION', 'WB_723_PUBLIC_ADMINISTRATION', 'WB_724_HUMAN_RESOURCES_FOR_PUBLIC_SECTOR', 'WB_724_HUMAN_RESOURCES_FOR_PUBLIC_SECTOR', 'EPU_CATS_MIGRATION_FEAR_FEAR', 'UNGP_FORESTS_RIVERS_OCEANS', 'UNGP_FORESTS_RIVERS_OCEANS', 'UNGP_FORESTS_RIVERS_OCEANS', 'UNGP_FORESTS_RIVERS_OCEANS', 'SELF_IDENTIFIED_HUMAN_RIGHTS', 'WB_2203_HUMAN_RIGHTS', 'LEGISLATION', 'EPU_POLICY_LAW', 'NATURAL_DISASTER_TORNADOES', 'NATURAL_DISASTER_TORNADOES', 'CRISISLEX_O01_WEATHER', 'CRISISLEX_O01_WEATHER', 'AFFECT', 'TAX_FNCACT_CHILDREN', 'TAX_FNCACT_CHILDREN', 'TAX_FNCACT_CHILDREN', 'TAX_FNCACT_NATIONAL_LEADERS', 'TAX_RELIGION_JEWS', 'NATURAL_DISASTER_EARTHQUAKES', 'NATURAL_DISASTER_EARTHQUAKES', 'CRISISLEX_T01_CAUTION_ADVICE', 'CRISISLEX_T01_CAUTION_ADVICE', 'TAX_RELIGION_ATHEISTS', 'TAX_RELIGION_ATHEISTS', 'TAX_RELIGION_ATHEISTS', 'TAX_RELIGION_ATHEISTS', 'TAX_RELIGION_ATHEISTS', 'TAX_RELIGION_ATHEISTS', 'TAX_RELIGION_ATHEISTS', 'TAX_RELIGION_ATHEISTS', 'TAX_RELIGION_ATHEISTS', 'TAX_RELIGION_ATHEISTS', 'TAX_RELIGION_ATHEISTS', 'URBAN', 'RELIGION', 'RELIGION', 'RELIGION', 'RELIGION', 'RELIGION', 'RELIGION', 'RELIGION', 'RELIGION', 'RELIGION', 'RELIGION', 'TAX_FNCACT_CHAMPIONS', 'TAX_FOODSTAPLES_MILK', 'TAX_FNCACT_MAN', 'TAX_FNCACT_MAN', 'TAX_FNCACT_MAN', 'ARMEDCONFLICT', 'ARMEDCONFLICT', 'ARMEDCONFLICT', 'ARMEDCONFLICT', 'EPU_CATS_NATIONAL_SECURITY', 'EPU_CATS_NATIONAL_SECURITY', 'EPU_CATS_NATIONAL_SECURITY', 'EPU_CATS_NATIONAL_SECURITY', 'GENERAL_GOVERNMENT', 'EPU_POLICY_GOVERNMENT', 'NATURAL_DISASTER_HURRICANES', 'INFO_HOAX', 'INFO_HOAX', 'TAX_FNCACT_DICTATOR', 'SLFID_DICTATORSHIP', 'DISCRIMINATION', 'UNGP_FREEDOM_FROM_DISCRIMINATION', 'TAX_WORLDMAMMALS_HUMAN', 'TAX_WORLDMAMMALS_HUMAN', 'TAX_WORLDMAMMALS_HUMAN', 'TAX_WORLDMAMMALS_HUMAN', 'TAX_WORLDMAMMALS_HUMAN', 'TAX_WORLDMAMMALS_HUMAN', 'TAX_WORLDMAMMALS_HUMAN', 'TAX_WORLDMAMMALS_HUMAN', 'TAX_WORLDMAMMALS_HUMAN', 'TAX_WORLDMAMMALS_HUMAN', 'TAX_WORLDMAMMALS_HUMAN', 'TAX_WORLDMAMMALS_HUMAN', 'TAX_WORLDMAMMALS_HUMAN', 'TAX_WORLDMAMMALS_HUMAN', 'TAX_WORLDMAMMALS_HUMAN', 'TAX_WORLDMAMMALS_HUMAN', 'TAX_WORLDMAMMALS_HUMAN', 'TAX_WORLDMAMMALS_HUMAN', 'TAX_WORLDMAMMALS_HUMAN', 'TAX_WORLDMAMMALS_HUMAN', 'TAX_WORLDMAMMALS_HUMAN', 'TAX_WORLDMAMMALS_HUMAN', 'TAX_WORLDMAMMALS_HUMAN', 'TAX_WORLDMAMMALS_HUMAN', 'TAX_WORLDMAMMALS_HUMAN', 'TAX_WORLDMAMMALS_HUMAN', 'TAX_WORLDMAMMALS_HUMAN', 'TAX_WORLDMAMMALS_HUMAN', 'TAX_WORLDMAMMALS_HUMAN', 'TAX_WORLDMAMMALS_HUMAN', 'TAX_WORLDMAMMALS_HUMAN', 'TAX_WORLDMAMMALS_HUMAN', 'TAX_WORLDMAMMALS_HUMAN', 'TAX_WORLDMAMMALS_HUMAN', 'TAX_WORLDMAMMALS_HUMAN', 'TAX_WORLDMAMMALS_HUMAN', 'TAX_WORLDMAMMALS_HUMAN', 'TAX_WORLDMAMMALS_HUMAN', 'TAX_WORLDMAMMALS_HUMAN', 'TAX_WORLDMAMMALS_HUMAN', 'TAX_WORLDMAMMALS_HUMAN', 'TAX_WORLDMAMMALS_HUMAN', 'TAX_WORLDMAMMALS_HUMAN', 'TAX_WORLDMAMMALS_HUMAN', 'TAX_WORLDMAMMALS_HUMAN', 'TAX_WORLDMAMMALS_HUMAN', 'TAX_WORLDMAMMALS_HUMAN', 'TAX_WORLDMAMMALS_HUMAN', 'TAX_WORLDMAMMALS_HUMAN', 'TAX_WORLDMAMMALS_HUMAN', 'TAX_WORLDMAMMALS_HUMAN', 'TAX_WORLDMAMMALS_HUMAN', 'TAX_WORLDMAMMALS_HUMAN', 'TAX_WORLDMAMMALS_HUMAN', 'TAX_WORLDMAMMALS_HUMAN', 'TAX_WORLDMAMMALS_HUMAN', 'TAX_WORLDMAMMALS_HUMAN', 'TAX_WORLDMAMMALS_HUMAN', 'TAX_WORLDMAMMALS_HUMAN', 'TAX_WORLDMAMMALS_HUMAN', 'TAX_WORLDMAMMALS_HUMAN', 'TAX_WORLDMAMMALS_HUMAN', 'TAX_WORLDMAMMALS_HUMAN', 'TAX_WORLDMAMMALS_HUMAN', 'TAX_WORLDMAMMALS_HUMAN', 'TAX_WORLDMAMMALS_HUMAN', 'TAX_WORLDMAMMALS_HUMAN', 'TAX_WORLDMAMMALS_HUMAN', 'TAX_WORLDMAMMALS_HUMAN', 'TAX_WEAPONS_GUN', 'POVERTY', 'POVERTY', 'WB_695_POVERTY', 'WB_695_POVERTY', 'SLUMS', 'TAX_FNCACT_KILLER', 'ECON_INFLATION', 'WB_1104_MACROECONOMIC_VULNERABILITY_AND_DEBT', 'WB_442_INFLATION', 'NATURAL_DISASTER_TSUNAMIS', 'WB_168_ROADS_AND_HIGHWAYS', 'WB_135_TRANSPORT', 'WB_1809_HIGHWAYS', 'WB_1803_TRANSPORT_INFRASTRUCTURE', 'MARITIME_INCIDENT_SELF_IDENTIFIED', 'SOC_MARGINALIZE', 'UNGP_CRIME_VIOLENCE', 'CRISISLEX_T11_UPDATESSYMPATHY', 'CRIME_COMMON_ROBBERY', 'TAX_FNCACT_FATHER', 'SOC_INNOVATION', 'GENERAL_HEALTH', 'TAX_DISEASE_DISEASE', 'WB_1406_DISEASES', 'WB_621_HEALTH_NUTRITION_AND_POPULATION', 'UNGP_HEALTHCARE', 'APPOINTMENT', 'EPU_POLICY_POLITICAL', 'TAX_WORLDMAMMALS_HUMANS', 'TAX_WORLDMAMMALS_HUMANS', 'TAX_WORLDMAMMALS_HUMANS', 'TAX_WORLDMAMMALS_HUMANS', 'TAX_RELIGION_ATHEIST', 'TAX_RELIGION_ATHEIST', 'TAX_RELIGION_ATHEIST', 'TAX_RELIGION_ATHEIST', 'TAX_RELIGION_ATHEIST', 'MOVEMENT_GENERAL', 'MOVEMENT_GENERAL', 'MOVEMENT_GENERAL', 'CRISISLEX_CRISISLEXREC', 'CRISISLEX_CRISISLEXREC', 'CRISISLEX_CRISISLEXREC', 'CRISISLEX_CRISISLEXREC', 'CRISISLEX_CRISISLEXREC', 'TAX_RELIGION_CHRISTIANITY', 'TAX_RELIGION_CHRISTIANITY', 'TAX_RELIGION_CHRISTIANITY', 'TAX_RELIGION_CHRISTIANITY', 'TAX_RELIGION_CHRISTIANITY', 'TAX_RELIGION_CHRISTIANITY', 'TAX_RELIGION_CHRISTIANITY', 'TAX_RELIGION_CHRISTIANITY', 'TAX_RELIGION_CHRISTIANITY', 'TAX_RELIGION_CHRISTIANITY', 'TAX_RELIGION_CHRISTIANITY', 'TAX_RELIGION_CHRISTIANITY', 'TAX_RELIGION_CHRISTIANITY', 'TAX_RELIGION_CHRISTIANITY', 'TAX_RELIGION_ATHEISM', 'TAX_RELIGION_ATHEISM', 'TAX_RELIGION_ATHEISM', 'TAX_RELIGION_ATHEISM', 'TAX_RELIGION_ATHEISM', 'TAX_RELIGION_ATHEISM', 'TAX_RELIGION_ATHEISM', 'TAX_FNCACT_COACHES', 'KILL', 'EPU_ECONOMY', 'EPU_ECONOMY_HISTORIC', 'PROTEST', 'TAX_ECON_PRICE', 'CORRUPTION', 'SCIENCE', 'SCIENCE', 'SCIENCE', 'SCIENCE', 'SCIENCE', 'SCIENCE', 'SCIENCE', 'SCIENCE', 'SCIENCE', 'SCIENCE', 'SCIENCE', 'SCIENCE', 'SCIENCE', 'SCIENCE', 'SCIENCE', 'SCIENCE', 'TAX_FNCACT_HERO', 'TAX_FNCACT_PRINCESS', 'WB_2433_CONFLICT_AND_VIOLENCE', 'WB_2465_REVOLUTIONARY_VIOLENCE', 'WB_2432_FRAGILITY_CONFLICT_AND_VIOLENCE', 'WB_2462_POLITICAL_VIOLENCE_AND_WAR', 'TAX_POLITICAL_PARTY_LIBERTARIAN', 'SCANDAL', 'TAX_FNCACT_SCHOLARS', 'TAX_FNCACT_SCHOLARS', 'TAX_FNCACT_SCHOLARS', 'LITERACY', 'UNGP_EDUCATION', 'USPEC_UNCERTAINTY1', 'TAX_FNCACT_ORDERLY', 'TAX_FNCACT_ORDERLY', 'TAX_FNCACT_FACULTY', 'TAX_FNCACT_FACULTY', 'TAX_FNCACT_LEADERS', 'MOVEMENT_SOCIAL', 'CRISISLEX_T03_DEAD', 'TAX_FNCACT_DRIVER', 'TAX_FNCACT_BUREAUCRAT', 'EDUCATION', 'EDUCATION', 'EDUCATION', 'MANMADE_DISASTER_IMPLIED', 'MANMADE_DISASTER_IMPLIED', 'MANMADE_DISASTER_IMPLIED', 'SOC_POINTSOFINTEREST_SCHOOL', 'SOC_POINTSOFINTEREST_SCHOOL', 'SOC_POINTSOFINTEREST_SCHOOL']",-2.02118762196822
20260412101500-443,20260412101500,dailypioneer.com,https://dailypioneer.com/news/us-flags-china-arms-concerns-rising,"['TAX_FNCACT_AUTHORITIES', 'CRISISLEX_CRISISLEXREC', 'EPU_POLICY_AUTHORITIES', 'UNGP_FORESTS_RIVERS_OCEANS', 'CRISISLEX_C07_SAFETY', 'CRISISLEX_C07_SAFETY', 'TAX_TERROR_GROUP_HEZBOLLAH', 'TAX_POLITICAL_PARTY_HEZBOLLAH', 'WB_2433_CONFLICT_AND_VIOLENCE', 'UNGP_CRIME_VIOLENCE', 'SEIGE', 'CHECKPOINT', 'UNREST_CHECKPOINT', 'TAX_WEAPONS_AIR_DEFENCE_SYSTEMS', 'TAX_FNCACT_TROOPS', 'TAX_FNCACT_TROOPS', 'WB_2449_PARAMILITARIES', 'WB_2445_NON_STATE_SECURITY_ACTORS', 'MILITARY', 'SOC_POINTSOFINTEREST_GOVERNMENT_BUILDINGS', 'MARITIME', 'GENERAL_GOVERNMENT', 'EPU_POLICY_GOVERNMENT', 'CRISISLEX_T11_UPDATESSYMPATHY', 'TAX_ETHNICITY_ARAB', 'TAX_ETHNICITY_ARAB', 'TAX_FNCACT_PARAMILITARY_FORCES', 'WB_135_TRANSPORT', 'WB_1803_TRANSPORT_INFRASTRUCTURE', 'WB_167_PORTS', 'NEGOTIATIONS', 'WB_696_PUBLIC_SECTOR_MANAGEMENT', 'WB_840_JUSTICE', 'WB_2473_DIPLOMACY_AND_NEGOTIATIONS', 'WB_939_NEGOTIATION', 'WB_2470_PEACE_OPERATIONS_AND_CONFLICT_MANAGEMENT', 'WB_936_ALTERNATIVE_DISPUTE_RESOLUTION', 'WB_2432_FRAGILITY_CONFLICT_AND_VIOLENCE', 'WB_843_DISPUTE_RESOLUTION', 'WB_2471_PEACEKEEPING']",-0.387596899224806
20260412101500-444,20260412101500,channelnewsasia.com,https://www.channelnewsasia.com/world/new-zealand-cyclone-vaianu-north-island-hundreds-evacuate-6051366,"['TAX_FNCACT_AUTHORITIES', 'TAX_FNCACT_AUTHORITIES', 'EPU_POLICY_AUTHORITIES', 'EPU_POLICY_AUTHORITIES', 'NATURAL_DISASTER_HEAVY_RAIN', 'CRISISLEX_O01_WEATHER', 'DISPLACED', 'CRISISLEX_CRISISLEXREC', 'CRISISLEX_CRISISLEXREC', 'MANMADE_DISASTER_POWER_OUTAGES', 'POWER_OUTAGE', 'CRISISLEX_T01_CAUTION_ADVICE', 'SOC_POINTSOFINTEREST_AIRPORTS', 'WB_135_TRANSPORT', 'WB_1803_TRANSPORT_INFRASTRUCTURE', 'WB_1804_AIRPORTS', 'TAX_FNCACT_MINISTER', 'NATURAL_DISASTER_FLOODS', 'AFFECT', 'AFFECT', 'EVACUATION', 'EVACUATION', 'NATURAL_DISASTER_CYCLONE', 'NATURAL_DISASTER_CYCLONE', 'NATURAL_DISASTER_CYCLONE', 'NATURAL_DISASTER_CYCLONE', 'NATURAL_DISASTER_CYCLONE', 'NATURAL_DISASTER_CYCLONE', 'MANMADE_DISASTER_IMPLIED', 'KILL', 'CRISISLEX_T03_DEAD', 'CRISISLEX_T09_DISPLACEDRELOCATEDEVACUATED', 'CRISISLEX_T09_DISPLACEDRELOCATEDEVACUATED', 'NATURAL_DISASTER_DESTRUCTIVE_WINDS', 'SHORTAGE', 'NATURAL_DISASTER_FLOODING', 'CRISISLEX_C06_WATER_SANITATION', 'NATURAL_DISASTER_EXTREME_WEATHER', 'ENV_CLIMATECHANGE', 'UNGP_CLIMATE_CHANGE_ACTION', 'NATURAL_DISASTER_NATURAL_DISASTERS', 'DELAY', 'USPEC_UNCERTAINTY1']",-5.77319587628866
20260412101500-445,20260412101500,kashmirreader.com,https://kashmirreader.com/2026/04/12/islamabad-talks-us-and-iran-fail-to-reach-agreement-after-21-hours/,"['MARITIME_INCIDENT', 'MARITIME', 'MANMADE_DISASTER_IMPLIED', 'LEADER', 'TAX_FNCACT_PRESIDENT', 'USPEC_POLITICS_GENERAL1', 'TAX_FNCACT_VICE_PRESIDENT', 'WB_2433_CONFLICT_AND_VIOLENCE', 'WB_2432_FRAGILITY_CONFLICT_AND_VIOLENCE']",1.20481927710843
20260412101500-446,20260412101500,kpbs.org,https://www.kpbs.org/news/2026/04/12/why-are-co-headlining-tours-having-a-moment,"['EPU_POLICY_SPENDING', 'TAX_ETHNICITY_JAPANESE', 'TAX_WORLDLANGUAGES_JAPANESE', 'TAX_FNCACT_AGENT', 'TAX_ETHNICITY_FRENCH', 'TAX_WORLDLANGUAGES_FRENCH', 'MANMADE_DISASTER_IMPLIED', 'TAX_FNCACT_DRIVER', 'EPU_CATS_REGULATION', 'CRISISLEX_CRISISLEXREC', 'TAX_FNCACT_DIRECTOR', 'EPU_CATS_MIGRATION_FEAR_FEAR', 'TAX_FNCACT_PEERS', 'TAX_ECON_PRICE', 'TAX_ECON_PRICE', 'TAX_WORLDLANGUAGES_MUNDOS', 'TAX_FNCACT_PRODUCER', 'KILL', 'TAX_FNCACT_SINGERS', 'TAX_FNCACT_ARTISTS', 'TAX_FNCACT_ARTISTS', 'TAX_FNCACT_ARTISTS', 'TAX_FNCACT_ARTISTS', 'TAX_FNCACT_ARTISTS', 'TAX_FNCACT_ARTISTS', 'TAX_FNCACT_ARTISTS', 'TAX_FNCACT_ARTISTS', 'CRISISLEX_T11_UPDATESSYMPATHY', 'TAX_FNCACT_ARTIST', 'TAX_FNCACT_ARTIST', 'USPEC_POLICY1', 'EPU_ECONOMY', 'EPU_ECONOMY_HISTORIC', 'TAX_FNCACT_COWBOY', 'WB_678_DIGITAL_GOVERNMENT', 'WB_2943_SWITCHES', 'WB_667_ICT_INFRASTRUCTURE', 'WB_672_NETWORK_MANAGEMENT', 'WB_133_INFORMATION_AND_COMMUNICATION_TECHNOLOGIES', 'TAX_ETHNICITY_CANADIAN', 'TAX_ETHNICITY_CANADIAN', 'TAX_WORLDLANGUAGES_LATIN', 'MARITIME_INCIDENT', 'MARITIME', 'TAX_FNCACT_LADY', 'UNGP_FORESTS_RIVERS_OCEANS', 'TAX_ETHNICITY_AMERICANS', 'TAX_RELIGION_CHRISTIAN', 'TAX_ETHNICITY_CHRISTIAN', 'WB_696_PUBLIC_SECTOR_MANAGEMENT', 'WB_696_PUBLIC_SECTOR_MANAGEMENT', 'WB_696_PUBLIC_SECTOR_MANAGEMENT', 'WB_840_JUSTICE', 'WB_840_JUSTICE', 'WB_840_JUSTICE']",3.42657342657343
20260412101500-447,20260412101500,havasunews.com,https://www.havasunews.com/parker_pioneer/nj-rose-saving-our-republic/article_1b7b2c18-24d9-4a65-b0bf-561f3e220e27.html,"['GENERAL_GOVERNMENT', 'EPU_POLICY_WHITE_HOUSE', 'GRIEVANCES', 'TAX_FNCACT_JUDGES', 'WB_2670_JOBS', 'WB_1467_EDUCATION_FOR_ALL', 'WB_470_EDUCATION', 'WB_2131_EMPLOYABILITY_SKILLS_AND_JOBS', 'WB_1484_EDUCATION_SKILLS_DEVELOPMENT_AND_LABOR_MARKET', 'MEDIA_MSM', 'SECURITY_SERVICES', 'TAX_FNCACT_POLICE', 'CRISISLEX_C07_SAFETY', 'ELECTION', 'ELECTION', 'TAX_ECON_PRICE', 'TAX_FNCACT_MAN', 'PROTEST', 'PROTEST', 'PROTEST', 'MOVEMENT_GENERAL']",-2.64900662251656
20260412101500-448,20260412101500,rediff.com,https://www.rediff.com/news/report/female-student-found-dead-in-odisha-home/20260412.htm,"['SECURITY_SERVICES', 'SECURITY_SERVICES', 'SECURITY_SERVICES', 'SECURITY_SERVICES', 'SECURITY_SERVICES', 'SECURITY_SERVICES', 'SECURITY_SERVICES', 'TAX_FNCACT_POLICE', 'TAX_FNCACT_POLICE', 'TAX_FNCACT_POLICE', 'TAX_FNCACT_POLICE', 'TAX_FNCACT_POLICE', 'TAX_FNCACT_POLICE', 'TAX_FNCACT_POLICE', 'CRISISLEX_C07_SAFETY', 'CRISISLEX_C07_SAFETY', 'CRISISLEX_C07_SAFETY', 'CRISISLEX_C07_SAFETY', 'CRISISLEX_C07_SAFETY', 'CRISISLEX_C07_SAFETY', 'CRISISLEX_C07_SAFETY', 'WB_2024_ANTI_CORRUPTION_AUTHORITIES', 'WB_2024_ANTI_CORRUPTION_AUTHORITIES', 'WB_2024_ANTI_CORRUPTION_AUTHORITIES', 'WB_2024_ANTI_CORRUPTION_AUTHORITIES', 'WB_696_PUBLIC_SECTOR_MANAGEMENT', 'WB_696_PUBLIC_SECTOR_MANAGEMENT', 'WB_696_PUBLIC_SECTOR_MANAGEMENT', 'WB_696_PUBLIC_SECTOR_MANAGEMENT', 'WB_840_JUSTICE', 'WB_840_JUSTICE', 'WB_840_JUSTICE', 'WB_840_JUSTICE', 'WB_2025_INVESTIGATION', 'WB_2025_INVESTIGATION', 'WB_2025_INVESTIGATION', 'WB_2025_INVESTIGATION', 'WB_831_GOVERNANCE', 'WB_831_GOVERNANCE', 'WB_831_GOVERNANCE', 'WB_831_GOVERNANCE', 'WB_832_ANTI_CORRUPTION', 'WB_832_ANTI_CORRUPTION', 'WB_832_ANTI_CORRUPTION', 'WB_832_ANTI_CORRUPTION', 'WB_1014_CRIMINAL_JUSTICE', 'WB_1014_CRIMINAL_JUSTICE', 'WB_1014_CRIMINAL_JUSTICE', 'WB_1014_CRIMINAL_JUSTICE', 'SOC_SUICIDE', 'SOC_SUICIDE', 'SOC_SUICIDE', 'EDUCATION', 'EDUCATION', 'SOC_POINTSOFINTEREST_COLLEGE', 'SOC_POINTSOFINTEREST_COLLEGE', 'KILL', 'CRISISLEX_T02_INJURED', 'CRISISLEX_CRISISLEXREC', 'CRISISLEX_CRISISLEXREC', 'TAX_FNCACT_STUDENT', 'TAX_FNCACT_STUDENT', 'TAX_FNCACT_STUDENT', 'TAX_FNCACT_STUDENT', 'TAX_FNCACT_STUDENT', 'TAX_FNCACT_STUDENT', 'TAX_FNCACT_STUDENT', 'TAX_FNCACT_OFFICER', 'TAX_FNCACT_OFFICER', 'SOC_SELFIMMOLATION', 'SOC_SELFIMMOLATION', 'SOC_SELFIMMOLATION', 'SEIZE', 'CRISISLEX_T03_DEAD', 'TAX_FNCACT_POLICE_OFFICER', 'TAX_FNCACT_POLICE_OFFICER']",-4.66666666666667
20260412101500-449,20260412101500,enewschannels.com,https://enewschannels.com/native-elders-15-mandates-for-rio20-june-20-22-key-to-regenerating-earths-natural-capital/,"['CRISISLEX_T07_SERVICESNEEDEDOFFERED', 'TAX_FNCACT_ELDERS', 'TAX_FNCACT_ELDERS', 'TAX_FNCACT_ELDERS', 'TAX_FNCACT_ELDERS', 'TAX_FNCACT_ELDERS', 'NATURAL_DISASTER_WILDFIRES', 'CRISISLEX_T01_CAUTION_ADVICE', 'WB_567_CLIMATE_CHANGE', 'WB_1979_NATURAL_RESOURCE_MANAGEMENT', 'WB_435_AGRICULTURE_AND_FOOD_SECURITY', 'WB_1986_MOUNTAINS', 'WB_696_PUBLIC_SECTOR_MANAGEMENT', 'WB_840_JUSTICE', 'TAX_WORLDLANGUAGES_SHOSHONE', 'CRISISLEX_T11_UPDATESSYMPATHY', 'ARMEDCONFLICT', 'TAX_ETHNICITY_NATIVE_AMERICAN', 'TAX_ETHNICITY_NATIVE_AMERICAN', 'ETH_INDIGINOUS', 'ETH_INDIGINOUS', 'WB_621_HEALTH_NUTRITION_AND_POPULATION', 'WB_1448_DEMOGRAPHIC_CHANGE', 'WB_643_AGING_POPULATION', 'UNGP_FORESTS_RIVERS_OCEANS', 'UNGP_FORESTS_RIVERS_OCEANS', 'UNGP_FORESTS_RIVERS_OCEANS', 'CRISISLEX_CRISISLEXREC', 'MEDIA_MSM', 'TAX_FNCACT_JOURNALIST', 'EDUCATION', 'SOC_POINTSOFINTEREST_SCHOOL', 'NATURAL_DISASTER_WILDFIRE', 'LEADER', 'TAX_FNCACT_PRESIDENT', 'USPEC_POLITICS_GENERAL1', 'WB_566_ENVIRONMENT_AND_NATURAL_RESOURCES', 'WB_1777_FORESTS', 'WB_590_ECOSYSTEMS', 'TAX_ETHNICITY_AMERICAN', 'TAX_ETHNICITY_AMERICAN', 'TAX_ETHNICITY_CHEROKEE', 'TAX_WORLDLANGUAGES_CHEROKEE', 'SCIENCE', 'DISASTER_FIRE', 'WATER_SECURITY', 'WATER_SECURITY', 'NATURAL_DISASTER_DROUGHT', 'NATURAL_DISASTER_DROUGHT', 'TAX_ETHNICITY_WASHOE', 'TAX_WORLDLANGUAGES_WASHOE']",3.40740740740741
20260412101500-450,20260412101500,wild941.com,https://wild941.com/2026/04/12/this-day-in-hip-hop-and-rb-history-april-12/,"['TAX_FNCACT_SINGER', 'TAX_ETHNICITY_AMERICAN', 'TAX_WORLDFISH_BASS']",7.92079207920792
20260412101500-451,20260412101500,clactonandfrintongazette.co.uk,https://www.clactonandfrintongazette.co.uk/news/national/uk-today/26013928.uk-clothing-brand-enters-administration-launches-sale/,"['NATURAL_DISASTER_TSUNAMI', 'EPU_ECONOMY_HISTORIC', 'EPU_ECONOMY_HISTORIC', 'EDUCATION', 'SOC_POINTSOFINTEREST_SCHOOLS', 'MEDIA_SOCIAL', 'MEDIA_MSM', 'MEDIA_MSM', 'ECON_STOCKMARKET', 'TAX_FNCACT_PRINCE', 'TAX_ECON_PRICE', 'TAX_ECON_PRICE', 'TAX_FNCACT_FOUNDER', 'UNGP_FORESTS_RIVERS_OCEANS']",1.45772594752187
20260412101500-452,20260412101500,lebanondemocrat.com,https://www.lebanondemocrat.com/hartsville/news/national/legendary-indian-singer-asha-bhosle-dies-aged-92/article_037918f5-5cae-56b3-9e57-137ba805d56c.html,"['TAX_FNCACT_ARTISTS', 'MEDIA_MSM', 'TAX_FNCACT_MINISTER', 'CRISISLEX_CRISISLEXREC', 'CRISISLEX_CRISISLEXREC', 'KILL', 'KILL', 'CRISISLEX_T03_DEAD', 'CRISISLEX_T03_DEAD', 'TAX_DISEASE_INFECTION', 'GENERAL_HEALTH', 'MEDICAL', 'SOC_POINTSOFINTEREST_HOSPITAL', 'CRISISLEX_C03_WELLBEING_HEALTH', 'WB_2670_JOBS', 'WB_696_PUBLIC_SECTOR_MANAGEMENT', 'WB_2048_COMPENSATION_CAREERS_AND_INCENTIVES', 'WB_723_PUBLIC_ADMINISTRATION', 'WB_724_HUMAN_RESOURCES_FOR_PUBLIC_SECTOR', 'TAX_ETHNICITY_ARAB', 'TAX_FNCACT_CHILD', 'TAX_FNCACT_ELDER', 'WB_1609_FOOD_AND_IN_KIND_TRANSFERS', 'WB_1620_ELDERLY', 'WB_1466_SOCIAL_ASSISTANCE', 'WB_1618_FOOD_DISTRIBUTION', 'WB_697_SOCIAL_PROTECTION_AND_LABOR', 'TAX_ETHNICITY_INDIAN', 'TAX_ETHNICITY_INDIAN', 'TAX_ETHNICITY_INDIAN', 'TAX_FNCACT_SINGER', 'TAX_FNCACT_NOMINEE', 'TAX_FNCACT_FATHER', 'LEADER', 'TAX_FNCACT_PRIME_MINISTER', 'WB_1979_NATURAL_RESOURCE_MANAGEMENT', 'WB_435_AGRICULTURE_AND_FOOD_SECURITY', 'WB_1986_MOUNTAINS']",1.76678445229682
20260412101500-453,20260412101500,pakistantoday.com.pk,https://www.pakistantoday.com.pk/2026/04/12/bangladesh-keep-unchanged-squad-for-first-two-new-zealand-odis,[],0.0
20260412101500-454,20260412101500,wharfedaleobserver.co.uk,https://www.wharfedaleobserver.co.uk/news/national/uk-today/26013925.primark-launches-app-shoppers-can-check-stock-stores/,"['ECON_STOCKMARKET', 'TAX_MILITARY_TITLE_OFFICER', 'TAX_FNCACT_OFFICER', 'TAX_FNCACT_CHIEF', 'TAX_FNCACT_DIRECTOR']",5.37634408602151
20260412101500-455,20260412101500,pakistantoday.com.pk,https://www.pakistantoday.com.pk/2026/04/12/pakistan-and-egypt-to-launch-borrowers-platform-amid-mounting-debt-pressures,"['ECON_SOVEREIGN_DEBT', 'EPU_CATS_SOVEREIGN_DEBT_CURRENCY_CRISES', 'TAX_FNCACT_REPRESENTATIVE', 'NEGOTIATIONS', 'USPEC_POLICY1', 'USPEC_POLICY1', 'EPU_POLICY_SPENDING', 'EPU_POLICY_SPENDING', 'WB_451_DEBT_MANAGEMENT', 'ECON_DEBT', 'ECON_DEBT', 'ECON_DEBT', 'ECON_DEBT', 'ECON_DEBT', 'ECON_DEBT', 'ECON_DEBT', 'ECON_DEBT', 'ECON_DEBT', 'ECON_DEBT', 'ECON_DEBT', 'ECON_DEBT', 'ECON_DEBT', 'WB_1104_MACROECONOMIC_VULNERABILITY_AND_DEBT', 'WB_1104_MACROECONOMIC_VULNERABILITY_AND_DEBT', 'WB_1104_MACROECONOMIC_VULNERABILITY_AND_DEBT', 'WB_1104_MACROECONOMIC_VULNERABILITY_AND_DEBT', 'WB_1104_MACROECONOMIC_VULNERABILITY_AND_DEBT', 'WB_1104_MACROECONOMIC_VULNERABILITY_AND_DEBT', 'WB_1104_MACROECONOMIC_VULNERABILITY_AND_DEBT', 'WB_1104_MACROECONOMIC_VULNERABILITY_AND_DEBT', 'WB_1104_MACROECONOMIC_VULNERABILITY_AND_DEBT', 'WB_1104_MACROECONOMIC_VULNERABILITY_AND_DEBT', 'WB_1104_MACROECONOMIC_VULNERABILITY_AND_DEBT', 'WB_1104_MACROECONOMIC_VULNERABILITY_AND_DEBT', 'WB_1104_MACROECONOMIC_VULNERABILITY_AND_DEBT', 'WB_450_DEBT', 'WB_450_DEBT', 'WB_450_DEBT', 'WB_450_DEBT', 'WB_450_DEBT', 'WB_450_DEBT', 'WB_450_DEBT', 'WB_450_DEBT', 'WB_450_DEBT', 'WB_450_DEBT', 'WB_450_DEBT', 'WB_450_DEBT', 'WB_450_DEBT', 'WB_1160_SHOCKS_AND_VULNERABILITY', 'WB_695_POVERTY', 'ECON_INTEREST_RATES', 'EPU_POLICY_INTEREST_RATES', 'EPU_CATS_MONETARY_POLICY', 'EPU_POLICY_REFORM', 'UNGP_FORESTS_RIVERS_OCEANS', 'EPU_CATS_MIGRATION_FEAR_FEAR', 'EPU_CATS_MIGRATION_FEAR_FEAR', 'WB_454_DEBT_RESTRUCTURING', 'WB_452_DEBT_RELIEF', 'WB_696_PUBLIC_SECTOR_MANAGEMENT', 'WB_713_PUBLIC_FINANCE', 'TAX_ECON_PRICE', 'TAX_ECON_PRICE']",-6.6147859922179
20260412101500-456,20260412101500,registercitizen.com,https://www.registercitizen.com/news/article/young-candidates-running-office-norwalk-ct-trend-22159356.php,"['TAX_FNCACT_SELFEMPLOYED', 'TAX_ETHNICITY_AMERICAN', 'TAX_ETHNICITY_AMERICAN', 'TAX_ETHNICITY_AMERICAN', 'MEDIA_SOCIAL', 'TAX_FNCACT_PROFESSOR', 'SCIENCE', 'SOC_POINTSOFINTEREST_COLLEGE', 'SOC_POINTSOFINTEREST_COLLEGE', 'SOC_POINTSOFINTEREST_COLLEGE', 'SOC_POINTSOFINTEREST_COLLEGE', 'SOC_POINTSOFINTEREST_COLLEGE', 'SOC_POINTSOFINTEREST_COLLEGE', 'TAX_FNCACT_CANDIDATES', 'TAX_FNCACT_CANDIDATES', 'TAX_FNCACT_CANDIDATES', 'TAX_FNCACT_CANDIDATES', 'TAX_FNCACT_INCUMBENT', 'TAX_FNCACT_INCUMBENT', 'TAX_POLITICAL_PARTY_REPUBLICAN', 'TAX_POLITICAL_PARTY_REPUBLICAN', 'TAX_POLITICAL_PARTY_REPUBLICAN', 'TAX_POLITICAL_PARTY_REPUBLICAN', 'TAX_FNCACT_CANDIDATE', 'MANMADE_DISASTER_IMPLIED', 'TAX_FNCACT_STUDENTS', 'TAX_FNCACT_STUDENTS', 'TAX_FNCACT_STUDENTS', 'TAX_FNCACT_STUDENT', 'TAX_FNCACT_STUDENT', 'TAX_FNCACT_STUDENT', 'TAX_FNCACT_STUDENT', 'TAX_POLITICAL_PARTY_DEMOCRAT', 'TAX_POLITICAL_PARTY_DEMOCRAT', 'TAX_POLITICAL_PARTY_DEMOCRAT', 'USPEC_POLITICS_GENERAL1', 'USPEC_POLITICS_GENERAL1', 'USPEC_POLITICS_GENERAL1', 'UNGP_FORESTS_RIVERS_OCEANS', 'TAX_FNCACT_SELECTWOMAN', 'TAX_FNCACT_SENATOR', 'TAX_FNCACT_SENATOR', 'TAX_POLITICAL_PARTY_DEMOCRATIC_PARTY', 'EDUCATION', 'EDUCATION', 'EDUCATION', 'EDUCATION', 'SOC_POINTSOFINTEREST_UNIVERSITY', 'SOC_POINTSOFINTEREST_UNIVERSITY', 'SOC_POINTSOFINTEREST_UNIVERSITY', 'SOC_POINTSOFINTEREST_UNIVERSITY', 'WB_696_PUBLIC_SECTOR_MANAGEMENT', 'WB_696_PUBLIC_SECTOR_MANAGEMENT', 'WB_2048_COMPENSATION_CAREERS_AND_INCENTIVES', 'WB_2048_COMPENSATION_CAREERS_AND_INCENTIVES', 'WB_723_PUBLIC_ADMINISTRATION', 'WB_723_PUBLIC_ADMINISTRATION', 'WB_724_HUMAN_RESOURCES_FOR_PUBLIC_SECTOR', 'WB_724_HUMAN_RESOURCES_FOR_PUBLIC_SECTOR', 'WB_2089_ETHICS_AND_CODES_OF_CONDUCT', 'WB_2089_ETHICS_AND_CODES_OF_CONDUCT', 'TAX_FNCACT_INSIDER', 'TAX_FNCACT_STATE_SENATOR', 'TAX_FNCACT_STATE_SENATOR', 'TAX_FNCACT_WOMEN', 'MOVEMENT_GENERAL', 'ELECTION', 'ELECTION', 'TAX_FNCACT_REPRESENTATIVE', 'TAX_FNCACT_REPRESENTATIVE', 'CRISISLEX_T11_UPDATESSYMPATHY', 'CRISISLEX_T11_UPDATESSYMPATHY', 'TAX_FNCACT_ARTIST', 'EPU_POLICY_POLITICAL', 'EPU_POLICY_POLITICAL', 'EPU_POLICY_POLITICAL', 'EPU_POLICY_POLITICAL', 'EPU_POLICY_POLITICAL', 'EPU_POLICY_POLITICAL']",0.248138957816377
20260412101500-457,20260412101500,cairnspost.com.au,https://www.cairnspost.com.au/business/cairns-business/mareeba-farmers-market-to-open-new-smithfield-store-in-fight-for-local-produce/news-story/776b20157fbd0071b9217ddec454c942&memtype=anonymous&mode=premium&nk=052793b4cb9082b7c9b99f918a77d1c3-1775988098,"['TAX_ECON_PRICE', 'LEGISLATION', 'EPU_POLICY_LAW']",-4.12371134020619
20260412101500-458,20260412101500,thewestmorlandgazette.co.uk,https://www.thewestmorlandgazette.co.uk/news/national/26014070.eamonn-holmes-doing-okay-following-stroke-says-son/,"['SOC_POINTSOFINTEREST_HOSPITAL', 'SOC_POINTSOFINTEREST_HOSPITAL', 'WB_2670_JOBS', 'WB_696_PUBLIC_SECTOR_MANAGEMENT', 'WB_2048_COMPENSATION_CAREERS_AND_INCENTIVES', 'WB_723_PUBLIC_ADMINISTRATION', 'WB_724_HUMAN_RESOURCES_FOR_PUBLIC_SECTOR', 'TAX_FNCACT_SPOKESPERSON', 'TAX_FNCACT_CHIEF', 'TAX_FNCACT_PRESENTER', 'GENERAL_HEALTH', 'MEDICAL', 'CRISISLEX_C03_WELLBEING_HEALTH', 'TAX_FNCACT_CHIEF_EXECUTIVE', 'TAX_FNCACT_FATHER', 'AFFECT', 'TAX_DISEASE_STROKE', 'TAX_DISEASE_STROKE', 'MANMADE_DISASTER_IMPLIED', 'LEGISLATION', 'EPU_POLICY_LAW', 'WB_1160_SHOCKS_AND_VULNERABILITY', 'WB_1160_SHOCKS_AND_VULNERABILITY', 'WB_695_POVERTY', 'WB_695_POVERTY', 'TAX_FNCACT_EXECUTIVE']",0.87719298245614
20260412101500-459,20260412101500,clactonandfrintongazette.co.uk,https://www.clactonandfrintongazette.co.uk/news/national/26013983.hungary-polls-key-election-unseat-orban-16-years/,"['SLFID_RULE_OF_LAW', 'TAX_ETHNICITY_HUNGARIAN', 'TAX_WORLDLANGUAGES_HUNGARIAN', 'TRIAL', 'TAX_FNCACT_INSIDER', 'UNGP_FORESTS_RIVERS_OCEANS', 'MEDIA_MSM', 'MEDIA_MSM', 'TAX_FNCACT_MINISTER', 'TAX_FNCACT_LEADER', 'TAX_FNCACT_LEADER', 'TAX_FNCACT_LEADER', 'USPEC_POLITICS_GENERAL1', 'USPEC_POLITICS_GENERAL1', 'USPEC_POLITICS_GENERAL1', 'LEADER', 'TAX_FNCACT_PRIME_MINISTER', 'DEMOCRACY', 'DEMOCRACY', 'UNGP_POLITICAL_FREEDOMS', 'UNGP_POLITICAL_FREEDOMS', 'TAX_FNCACT_CITIZENS', 'EPU_POLICY_POLITICAL', 'LEGISLATION', 'EPU_POLICY_LAW', 'GENERAL_HEALTH', 'MEDICAL', 'WB_678_DIGITAL_GOVERNMENT', 'WB_694_BROADCAST_AND_MEDIA', 'WB_133_INFORMATION_AND_COMMUNICATION_TECHNOLOGIES', 'WB_135_TRANSPORT', 'ECON_WORLDCURRENCIES_EURO', 'AFFECT', 'EPU_CATS_HEALTHCARE', 'CORRUPTION', 'CORRUPTION', 'UNREST_CRACKDOWN', 'EXTREMISM', 'EXTREMISM', 'ELECTION', 'ELECTION', 'ELECTION', 'ELECTION', 'ELECTION', 'ELECTION', 'ELECTION', 'GENERAL_GOVERNMENT', 'GENERAL_GOVERNMENT', 'EPU_POLICY_GOVERNMENT', 'EPU_POLICY_GOVERNMENT', 'PROTEST', 'MOVEMENT_GENERAL', 'TAX_FNCACT_ACTIVISTS', 'PROPAGANDA', 'TAX_WORLDLANGUAGES_MAGYAR', 'TAX_WORLDLANGUAGES_MAGYAR', 'TAX_WORLDLANGUAGES_MAGYAR', 'TAX_WORLDLANGUAGES_MAGYAR', 'TAX_WORLDLANGUAGES_MAGYAR', 'TAX_WORLDLANGUAGES_MAGYAR', 'TAX_WORLDLANGUAGES_MAGYAR', 'TAX_FNCACT_SUPPORTERS', 'EPU_ECONOMY_HISTORIC', 'VETO', 'USPEC_UNCERTAINTY1', 'WB_1458_HEALTH_PROMOTION_AND_DISEASE_PREVENTION', 'WB_1462_WATER_SANITATION_AND_HYGIENE', 'WB_635_PUBLIC_HEALTH', 'WB_621_HEALTH_NUTRITION_AND_POPULATION', 'TAX_WORLDLANGUAGES_RUSSIA', 'PIRACY']",-1.05105105105105
20260412101500-460,20260412101500,kvnf.org,https://www.kvnf.org/npr-news/2026-04-12/the-real-space-science-behind-project-hail-mary,"['TAX_FNCACT_DIRECTOR', 'TAX_DISEASE_MUSCLE_WASTING', 'WB_1614_NUTRITIONAL_PROGRAMS', 'WB_1609_FOOD_AND_IN_KIND_TRANSFERS', 'WB_1615_THERAPEUTIC', 'WB_1466_SOCIAL_ASSISTANCE', 'WB_697_SOCIAL_PROTECTION_AND_LABOR', 'WB_137_WATER', 'RECRUITMENT', 'RECRUITMENT', 'RECRUITMENT', 'EDUCATION', 'EDUCATION', 'EDUCATION', 'EDUCATION', 'EDUCATION', 'MANMADE_DISASTER_IMPLIED', 'MANMADE_DISASTER_IMPLIED', 'MANMADE_DISASTER_IMPLIED', 'MANMADE_DISASTER_IMPLIED', 'MANMADE_DISASTER_IMPLIED', 'SOC_POINTSOFINTEREST_SCHOOL', 'SOC_POINTSOFINTEREST_SCHOOL', 'SOC_POINTSOFINTEREST_SCHOOL', 'SOC_POINTSOFINTEREST_SCHOOL', 'SOC_POINTSOFINTEREST_SCHOOL', 'TAX_DISEASE_BACTERIA', 'TAX_WORLDMAMMALS_HUMAN', 'TAX_WORLDMAMMALS_HUMAN', 'TAX_WORLDMAMMALS_HUMAN', 'TAX_WORLDMAMMALS_HUMAN', 'TAX_WORLDMAMMALS_HUMAN', 'TAX_FNCACT_TEACHER', 'CRISISLEX_CRISISLEXREC', 'UNGP_FORESTS_RIVERS_OCEANS', 'TAX_WORLDMAMMALS_WHALE', 'SCIENCE', 'SCIENCE', 'SCIENCE', 'SCIENCE', 'SCIENCE', 'AFFECT', 'TAX_FNCACT_SCIENTIST', 'TAX_FNCACT_SCIENTIST', 'PROTEST', 'TAX_WORLDMAMMALS_WOLF', 'TAX_FNCACT_PROFESSOR', 'TAX_FNCACT_PROFESSOR', 'TAX_FNCACT_PROFESSOR', 'TAX_FNCACT_PROFESSOR', 'TAX_FNCACT_PROFESSOR', 'TAX_FNCACT_PROFESSOR', 'TAX_FNCACT_ASTRONAUT', 'SOC_POINTSOFINTEREST_MIDDLE_SCHOOL', 'SOC_POINTSOFINTEREST_MIDDLE_SCHOOL', 'SOC_POINTSOFINTEREST_MIDDLE_SCHOOL', 'WB_286_TELECOMMUNICATIONS_AND_BROADBAND_ACCESS', 'WB_2120_SATELLITES', 'WB_2329_ACCESS_AND_CONNECTIVITY', 'GENERAL_HEALTH', 'GENERAL_HEALTH', 'GENERAL_HEALTH', 'MEDICAL', 'MEDICAL', 'MEDICAL', 'WB_678_DIGITAL_GOVERNMENT', 'WB_2943_SWITCHES', 'WB_667_ICT_INFRASTRUCTURE', 'WB_672_NETWORK_MANAGEMENT', 'WB_133_INFORMATION_AND_COMMUNICATION_TECHNOLOGIES', 'CRISISLEX_C03_WELLBEING_HEALTH', 'TAX_DISEASE_COMA', 'TAX_DISEASE_COMA', 'TAX_DISEASE_COMA', 'TAX_DISEASE_COMA', 'TAX_DISEASE_COMA', 'TAX_WORLDMAMMALS_HUMANS', 'TAX_WORLDMAMMALS_HUMANS', 'TAX_WORLDMAMMALS_HUMANS', 'TAX_WORLDMAMMALS_HUMANS', 'TAX_WORLDMAMMALS_HUMANS', 'ENV_SOLAR', 'ENV_SOLAR', 'ENV_SOLAR', 'ENV_SOLAR', 'ENV_SOLAR', 'TAX_FNCACT_DOCTORS', 'WB_1331_HEALTH_TECHNOLOGIES', 'WB_1331_HEALTH_TECHNOLOGIES', 'WB_1331_HEALTH_TECHNOLOGIES', 'WB_1350_PHARMACEUTICALS', 'WB_1350_PHARMACEUTICALS', 'WB_1350_PHARMACEUTICALS', 'WB_621_HEALTH_NUTRITION_AND_POPULATION', 'WB_621_HEALTH_NUTRITION_AND_POPULATION', 'WB_621_HEALTH_NUTRITION_AND_POPULATION', 'TAX_DISEASE_DIAPHRAGM', 'TAX_FNCACT_BIOLOGIST', 'WB_644_NUTRITION', 'KILL', 'CRISISLEX_T03_DEAD', 'MARITIME_INCIDENT', 'MARITIME', 'IDEOLOGY', 'TAX_FNCACT_ENGINEER', 'TAX_WORLDBIRDS_GREY_PARROT', 'TAX_ECON_PRICE', 'WB_165_AIR_TRANSPORT', 'WB_135_TRANSPORT', 'WB_164_MODES_OF_TRANSPORT', 'SOC_POINTSOFINTEREST_UNIVERSITY', 'SOC_POINTSOFINTEREST_UNIVERSITY', 'SOC_POINTSOFINTEREST_UNIVERSITY', 'SOC_POINTSOFINTEREST_UNIVERSITY', 'SOC_POINTSOFINTEREST_UNIVERSITY', 'WB_1428_INJURY', 'WB_1406_DISEASES', 'WB_1427_NON_COMMUNICABLE_DISEASE_AND_INJURY', 'CRISISLEX_T02_INJURED']",-0.0847457627118642
20260412101500-461,20260412101500,moneycontrol.com,https://www.moneycontrol.com/city/delhi-metro-to-upgrade-70-trains-on-red-blue-lines-by-november-2027-article-13886700.html,"['ECON_STOCKMARKET', 'ECON_STOCKMARKET', 'TAX_FNCACT_OFFICIALS', 'TAX_FNCACT_PRINCIPAL', 'WB_728_PUBLIC_SERVICE_DELIVERY', 'WB_696_PUBLIC_SECTOR_MANAGEMENT', 'WB_723_PUBLIC_ADMINISTRATION', 'WB_2100_ADMINSTRATIVE_SIMPLIFICATION', 'TAX_FNCACT_DIRECTOR', 'TAX_FNCACT_EXECUTIVE_DIRECTOR', 'UNGP_FORESTS_RIVERS_OCEANS', 'TAX_ETHNICITY_INDIAN', 'TAX_ETHNICITY_INDIAN', 'TAX_ETHNICITY_INDIAN', 'TAX_ETHNICITY_INDIAN', 'TAX_ETHNICITY_INDIAN', 'TAX_ETHNICITY_INDIAN', 'TAX_ETHNICITY_INDIAN', 'PUBLIC_TRANSPORT', 'PUBLIC_TRANSPORT', 'PUBLIC_TRANSPORT', 'PUBLIC_TRANSPORT', 'PUBLIC_TRANSPORT', 'PUBLIC_TRANSPORT', 'PUBLIC_TRANSPORT', 'PUBLIC_TRANSPORT', 'PUBLIC_TRANSPORT', 'PUBLIC_TRANSPORT', 'TAX_FNCACT_EXECUTIVE']",7.26495726495726
20260412101500-462,20260412101500,clickorlando.com,https://www.clickorlando.com/news/world/2026/04/12/haitians-cut-back-on-already-scarce-food-and-ask-how-theyll-survive-rising-fuel-prices/,"['AFFECT', 'DISPLACED', 'UNGP_CRIME_VIOLENCE', 'UNGP_CRIME_VIOLENCE', 'UNGP_CRIME_VIOLENCE', 'UNGP_CRIME_VIOLENCE', 'TAX_FNCACT_DRIVERS', 'USPEC_POLICY1', 'USPEC_POLICY1', 'EPU_ECONOMY', 'EPU_ECONOMY', 'EPU_ECONOMY_HISTORIC', 'EPU_ECONOMY_HISTORIC', 'ECON_DIESELPRICE', 'WATER_SECURITY', 'CRISISLEX_T11_UPDATESSYMPATHY', 'TAX_FNCACT_MANAGER', 'SELF_IDENTIFIED_HUMANITARIAN_CRISIS', 'SELF_IDENTIFIED_HUMANITARIAN_CRISIS', 'TAX_FNCACT_CHILDREN', 'TAX_FNCACT_CHILDREN', 'TAX_FNCACT_CHILDREN', 'TAX_FNCACT_STREET_VENDOR', 'KILL', 'GENERAL_GOVERNMENT', 'GENERAL_GOVERNMENT', 'GENERAL_GOVERNMENT', 'GENERAL_GOVERNMENT', 'GENERAL_GOVERNMENT', 'EPU_POLICY_GOVERNMENT', 'EPU_POLICY_GOVERNMENT', 'EPU_POLICY_GOVERNMENT', 'EPU_POLICY_GOVERNMENT', 'EPU_POLICY_GOVERNMENT', 'ARMEDCONFLICT', 'EPU_CATS_NATIONAL_SECURITY', 'CRISISLEX_CRISISLEXREC', 'CRISISLEX_CRISISLEXREC', 'UNGP_FORESTS_RIVERS_OCEANS', 'EPU_POLICY_SPENDING', 'TAX_AIDGROUPS_MERCY_CORPS', 'FUELPRICES', 'ECON_DEVELOPMENTORGS_WORLD_BANK', 'RECRUITMENT', 'ECON_INFLATION', 'ECON_INFLATION', 'WB_1104_MACROECONOMIC_VULNERABILITY_AND_DEBT', 'WB_1104_MACROECONOMIC_VULNERABILITY_AND_DEBT', 'WB_442_INFLATION', 'WB_442_INFLATION', 'WB_2433_CONFLICT_AND_VIOLENCE', 'WB_2432_FRAGILITY_CONFLICT_AND_VIOLENCE', 'PROTEST', 'TAX_FNCACT_VENDOR', 'WB_695_POVERTY', 'UNGP_AFFORDABLE_NUTRITIOUS_FOOD', 'ECON_OILPRICE', 'ECON_OILPRICE', 'ECON_OILPRICE', 'MARITIME_INCIDENT', 'MARITIME', 'WB_135_TRANSPORT', 'WB_135_TRANSPORT', 'WB_135_TRANSPORT', 'WB_678_DIGITAL_GOVERNMENT', 'WB_694_BROADCAST_AND_MEDIA', 'WB_133_INFORMATION_AND_COMMUNICATION_TECHNOLOGIES', 'FOOD_SECURITY', 'EPU_CATS_MIGRATION_FEAR_FEAR', 'TAX_ECON_PRICE', 'TAX_ECON_PRICE', 'TAX_ECON_PRICE', 'TAX_ECON_PRICE', 'TAX_ECON_PRICE', 'TAX_ECON_PRICE', 'TAX_ECON_PRICE', 'TAX_ECON_PRICE', 'TAX_ECON_PRICE', 'TAX_FNCACT_DEPUTY', 'PUBLIC_TRANSPORT', 'TAX_FNCACT_FACTORY_WORKER', 'TAX_FNCACT_FACTORY_WORKER', 'ECON_TRANSPORT_COST', 'TAX_FNCACT_DRIVER', 'ECON_DEVELOPMENTORGS_WORLD_FOOD_PROGRAM', 'ECON_DEVELOPMENTORGS_WORLD_FOOD_PROGRAM', 'MANMADE_DISASTER_IMPLIED', 'ENV_OIL', 'ENV_OIL', 'ENV_OIL', 'POVERTY', 'TAX_ETHNICITY_HAITIANS', 'TAX_ETHNICITY_HAITIANS', 'TAX_ETHNICITY_HAITIANS', 'TAX_ETHNICITY_HAITIANS', 'TAX_ETHNICITY_HAITIANS', 'TAX_FNCACT_COORDINATOR', 'TAX_FNCACT_DIRECTOR', 'TAX_FNCACT_CHILD', 'SANITATION', 'WB_137_WATER', 'WB_2452_GANGS', 'WB_2452_GANGS', 'WB_2452_GANGS', 'WB_2452_GANGS', 'WB_2445_NON_STATE_SECURITY_ACTORS', 'WB_2445_NON_STATE_SECURITY_ACTORS', 'WB_2445_NON_STATE_SECURITY_ACTORS', 'WB_2445_NON_STATE_SECURITY_ACTORS', 'TAX_FNCACT_WORKER', 'TAX_FNCACT_WORKER']",-5.16194331983806
20260412101500-463,20260412101500,mauinews.com,https://www.mauinews.com/wire/?category=5190&ID=392712,"['CRISISLEX_T03_DEAD', 'AFFECT', 'TAX_FNCACT_KING', 'TAX_FNCACT_JUDGES', 'TAX_FNCACT_JUDGES', 'ROAD_INCIDENT', 'MANMADE_DISASTER_CAR_ACCIDENT', 'SOC_TRAFFICACCIDENT', 'TAX_WORLDLANGUAGES_GYPSY', 'ARMEDCONFLICT', 'MANMADE_DISASTER_IMPLIED', 'CRISISLEX_CRISISLEXREC', 'TAX_FNCACT_CHAMPION', 'TAX_FNCACT_CHAMPION', 'TAX_FNCACT_CHAMPION', 'TAX_FNCACT_CHAMPION', 'TAX_FNCACT_CHAMPION', 'KILL', 'TAX_FNCACT_LANDLORD']",-4.67980295566502
20260412101500-464,20260412101500,sharonherald.com,https://obituaries.sharonherald.com/obituary/angela-zompareilli-1093727569,[],3.84615384615385
20260412101500-465,20260412101500,riggosrag.com,https://riggosrag.com/commanders-bounce-back-hopes-will-determine-even-more-than-fans-realize,[],0.766283524904215
20260412101500-466,20260412101500,guardian.co.tt,https://www.guardian.co.tt/news/pm-makes-letter-public-amid-dispute-over-caricom-secretary-general-6.2.2560295.35ae7e617e,"['LEGISLATION', 'EPU_POLICY_LAW', 'WB_135_TRANSPORT', 'WB_1803_TRANSPORT_INFRASTRUCTURE', 'WB_167_PORTS', 'MANMADE_DISASTER_IMPLIED', 'MANMADE_DISASTER_IMPLIED', 'EPU_CATS_REGULATION', 'EPU_CATS_REGULATION', 'EPU_CATS_REGULATION', 'EPU_CATS_FINANCIAL_REGULATION', 'EPU_CATS_FINANCIAL_REGULATION', 'EPU_CATS_FINANCIAL_REGULATION']",-0.372023809523809
20260412101500-467,20260412101500,kfiz.com,https://kfiz.com/make-a-plan-for-severe-weather-damage-repairs/,"['CRISISLEX_C04_LOGISTICS_TRANSPORT', 'NATURAL_DISASTER_WINDSTORM', 'WB_1920_FINANCIAL_SECTOR_DEVELOPMENT', 'WB_363_FINANCIAL_INCLUSION', 'WB_364_CONSUMER_PROTECTION', 'NATURAL_DISASTER_FLOOD', 'WB_2657_EMERGENCY_PREPAREDNESS', 'WB_699_URBAN_DEVELOPMENT', 'WB_820_DISASTER_RISK_MANAGEMENT', 'WB_1705_DISASTER_PREPAREDNESS', 'CRISISLEX_C08_TELECOM', 'UNGP_FORESTS_RIVERS_OCEANS', 'UNGP_FORESTS_RIVERS_OCEANS', 'MANMADE_DISASTER_IMPLIED', 'MANMADE_DISASTER_IMPLIED', 'NATURAL_DISASTER_BLIZZARD', 'NATURAL_DISASTER_TORNADO', 'CRISISLEX_CRISISLEXREC', 'CRISISLEX_O01_WEATHER', 'TAX_FNCACT_COMMISSIONER', 'NATURAL_DISASTER_SEVERE_WEATHER', 'NATURAL_DISASTER_SEVERE_WEATHER', 'TAX_FNCACT_CONTRACTOR', 'EPU_ECONOMY_HISTORIC', 'WB_1973_FINANCIAL_RISK_REDUCTION', 'WB_1973_FINANCIAL_RISK_REDUCTION', 'WB_435_AGRICULTURE_AND_FOOD_SECURITY', 'WB_435_AGRICULTURE_AND_FOOD_SECURITY', 'WB_337_INSURANCE', 'WB_337_INSURANCE', 'WB_1967_AGRICULTURAL_RISK_AND_SECURITY', 'WB_1967_AGRICULTURAL_RISK_AND_SECURITY']",-3.10077519379845
20260412101500-468,20260412101500,rediff.com,https://www.rediff.com/news/report/navy-commanders-to-discuss-west-asia-crisis-impact-on-energy-security/20260412.htm,"['TAX_FNCACT_STRINGER', 'CRISISLEX_CRISISLEXREC', 'CRISISLEX_CRISISLEXREC', 'TAX_FNCACT_MERCHANT', 'CRISISLEX_C07_SAFETY', 'CRISISLEX_C07_SAFETY', 'CRISISLEX_C07_SAFETY', 'CRISISLEX_C07_SAFETY', 'CRISISLEX_C07_SAFETY', 'CRISISLEX_C07_SAFETY', 'CRISISLEX_C07_SAFETY', 'CRISISLEX_C07_SAFETY', 'CRISISLEX_C07_SAFETY', 'CRISISLEX_C07_SAFETY', 'CRISISLEX_C07_SAFETY', 'CRISISLEX_C07_SAFETY', 'GENERAL_GOVERNMENT', 'GENERAL_GOVERNMENT', 'EPU_POLICY_GOVERNMENT', 'EPU_POLICY_GOVERNMENT', 'TAX_MILITARY_TITLE_ADMIRAL', 'TAX_FNCACT_ADMIRAL', 'MILITARY', 'MILITARY', 'MILITARY', 'MILITARY', 'MILITARY', 'MILITARY', 'MILITARY', 'MILITARY', 'MILITARY', 'MILITARY', 'MILITARY', 'MILITARY', 'MILITARY', 'MILITARY', 'MILITARY', 'MILITARY', 'MILITARY', 'MILITARY', 'TAX_FNCACT_NAVY', 'TAX_FNCACT_NAVY', 'TAX_FNCACT_NAVY', 'TAX_FNCACT_NAVY', 'TAX_FNCACT_NAVY', 'TAX_FNCACT_NAVY', 'TAX_FNCACT_NAVY', 'TAX_FNCACT_NAVY', 'TAX_FNCACT_NAVY', 'TAX_FNCACT_NAVY', 'TAX_FNCACT_NAVY', 'TAX_FNCACT_NAVY', 'TAX_FNCACT_NAVY', 'TAX_FNCACT_NAVY', 'TAX_FNCACT_NAVY', 'TAX_FNCACT_NAVY', 'TAX_FNCACT_NAVY', 'TAX_FNCACT_NAVY', 'TAX_WORLDMAMMALS_BEARS', 'WB_841_JUSTICE_SYSTEM_ADMINISTRATION', 'WB_840_JUSTICE', 'WB_1211_HUMAN_RESOURCES', 'TAX_ETHNICITY_INDIAN', 'TAX_ETHNICITY_INDIAN', 'TAX_ETHNICITY_INDIAN', 'TAX_ETHNICITY_INDIAN', 'TAX_ETHNICITY_INDIAN', 'TAX_ETHNICITY_INDIAN', 'TAX_ETHNICITY_INDIAN', 'TAX_ETHNICITY_INDIAN', 'TAX_ETHNICITY_INDIAN', 'TAX_ETHNICITY_INDIAN', 'TAX_ETHNICITY_INDIAN', 'TAX_ETHNICITY_INDIAN', 'ENV_OIL', 'TAX_WORLDMAMMALS_HUMAN', 'WB_566_ENVIRONMENT_AND_NATURAL_RESOURCES', 'WB_598_ENVIRONMENTAL_MANAGEMENT', 'TAX_FNCACT_CHIEF', 'TAX_FNCACT_CHIEF', 'WB_2433_CONFLICT_AND_VIOLENCE', 'MARITIME', 'MARITIME', 'MARITIME', 'MARITIME', 'MARITIME', 'MARITIME', 'MARITIME_PIRACY', 'MARITIME_PIRACY', 'MARITIME_PIRACY', 'MARITIME_PIRACY', 'MARITIME_PIRACY', 'MARITIME_PIRACY', 'SCIENCE', 'SOC_INNOVATION', 'WB_2378_SECURITY_ARCHITECTURE', 'ENV_NATURALGAS', 'UNGP_FORESTS_RIVERS_OCEANS', 'UNGP_FORESTS_RIVERS_OCEANS', 'UNGP_FORESTS_RIVERS_OCEANS', 'UNGP_FORESTS_RIVERS_OCEANS', 'UNGP_FORESTS_RIVERS_OCEANS', 'WB_696_PUBLIC_SECTOR_MANAGEMENT', 'WB_831_GOVERNANCE', 'ECON_OILPRICE', 'TAX_FNCACT_COMMANDERS', 'TAX_FNCACT_COMMANDERS', 'TAX_FNCACT_COMMANDERS', 'TAX_FNCACT_COMMANDERS', 'TAX_FNCACT_COMMANDERS', 'TAX_FNCACT_COMMANDERS', 'TAX_FNCACT_COMMANDERS', 'TAX_FNCACT_SECRETARY', 'WB_678_DIGITAL_GOVERNMENT', 'WB_653_ENTERPRISE_ARCHITECTURE', 'WB_657_INTEROPERABILITY', 'WB_2375_ICT_METHODS_AND_PROCEDURES', 'WB_133_INFORMATION_AND_COMMUNICATION_TECHNOLOGIES', 'WB_2745_JOB_QUALITY_AND_LABOR_MARKET_PERFORMANCE', 'WB_2670_JOBS', 'WB_2689_JOBS_DIAGNOSTICS', 'WB_2748_EMPLOYMENT', 'WB_2470_PEACE_OPERATIONS_AND_CONFLICT_MANAGEMENT', 'WB_2432_FRAGILITY_CONFLICT_AND_VIOLENCE', 'WB_2490_NATIONAL_PROTECTION_AND_SECURITY', 'EPU_CATS_NATIONAL_SECURITY', 'ARMEDCONFLICT', 'WB_772_TRADE_FACILITATION_AND_LOGISTICS', 'WB_2598_HUMAN_RESOURCE_MANAGEMENT', 'WB_2595_ANTI_CORRUPTION_IN_CUSTOMS_ADMINISTRATION', 'WB_698_TRADE', 'WB_774_CUSTOMS_AND_BORDER_MANAGEMENT', 'IDEOLOGY', 'IDEOLOGY', 'IDEOLOGY', 'TAX_MILITARY_TITLE_COMMANDER', 'TAX_FNCACT_COMMANDER']",0.950871632329636
20260412101500-469,20260412101500,livelaw.in,https://www.livelaw.in/high-court/punjab-and-haryana-high-court/ph-high-court-compromise-wife-waive-right-future-maintenance-public-policy-125-crpc-530016,"['TAX_ECON_PRICE', 'USPEC_POLICY1', 'USPEC_POLICY1', 'EPU_POLICY_POLICY', 'EPU_POLICY_POLICY', 'TAX_FNCACT_PRINCIPAL', 'TAX_FNCACT_WOMAN', 'TAX_FNCACT_MAID', 'TAX_FNCACT_MAID', 'ECON_COST_OF_LIVING', 'TAX_FNCACT_JUDGE', 'WB_696_PUBLIC_SECTOR_MANAGEMENT', 'WB_840_JUSTICE', 'USPEC_UNCERTAINTY1', 'USPEC_UNCERTAINTY1']",-1.58730158730159
20260412101500-470,20260412101500,fool.com,https://www.fool.com/investing/2026/04/12/the-best-way-to-invest-in-openai-and-chatgpt-befor/?source=iedfolrf0000001,"['EPU_ECONOMY_HISTORIC', 'EPU_ECONOMY_HISTORIC', 'CRISISLEX_T11_UPDATESSYMPATHY', 'CRISISLEX_T11_UPDATESSYMPATHY', 'CRISISLEX_T11_UPDATESSYMPATHY', 'TAX_FNCACT_INVESTOR', 'ECON_IPO', 'TAX_ECON_PRICE', 'TAX_ECON_PRICE', 'TAX_ECON_PRICE', 'INFO_RUMOR', 'WB_698_TRADE', 'ECON_STOCKMARKET', 'ECON_STOCKMARKET', 'ECON_STOCKMARKET']",0.963391136801541
20260412101500-471,20260412101500,dailypioneer.com,https://dailypioneer.com/news/pak-military-contingent-including-jets-reaches-saudi,"['MILITARY', 'MILITARY', 'MILITARY', 'MILITARY', 'TAX_MILITARY_TITLE_SOLDIERS', 'TAX_MILITARY_TITLE_SOLDIERS', 'TAX_MILITARY_TITLE_SOLDIERS', 'TAX_MILITARY_TITLE_SOLDIERS', 'TAX_FNCACT_SOLDIERS', 'TAX_FNCACT_SOLDIERS', 'TAX_FNCACT_SOLDIERS', 'TAX_FNCACT_SOLDIERS', 'TAX_FNCACT_TROOPS', 'TAX_FNCACT_TROOPS', 'EPU_CATS_NATIONAL_SECURITY', 'TAX_RELIGION_MOSQUES', 'GENERAL_GOVERNMENT', 'EPU_POLICY_GOVERNMENT', 'TAX_FNCACT_PRINCE', 'TAX_ETHNICITY_AMERICAN', 'TAX_FNCACT_AUTHORITIES', 'EPU_POLICY_AUTHORITIES', 'CRISISLEX_C07_SAFETY', 'EPU_ECONOMY', 'EPU_ECONOMY', 'EPU_ECONOMY_HISTORIC', 'EPU_ECONOMY_HISTORIC', 'TAX_FNCACT_CUSTODIAN', 'TAX_FNCACT_CROWN_PRINCE', 'TAX_FNCACT_MINISTER', 'TAX_FNCACT_MINISTER', 'TAX_FNCACT_OFFICIAL', 'TAX_FNCACT_OFFICIAL', 'TAX_FNCACT_KING', 'TAX_FNCACT_KING', 'LEADER', 'TAX_FNCACT_PRIME_MINISTER', 'MEDIA_MSM', 'TAX_FNCACT_FINANCE_MINISTER', 'ARMEDCONFLICT', 'ARMEDCONFLICT', 'ARMEDCONFLICT', 'CRISISLEX_CRISISLEXREC', 'CRISISLEX_CRISISLEXREC', 'CRISISLEX_CRISISLEXREC']",2.11480362537764
20260412101500-472,20260412101500,fool.com,https://www.fool.com/investing/2026/04/12/could-trump-ignite-a-stock-market-rally-by-suspend/?source=iedfolrf0000001,"['CRISISLEX_C04_LOGISTICS_TRANSPORT', 'ECON_INTEREST_RATES', 'EPU_POLICY_INTEREST_RATES', 'EPU_POLICY_FEDERAL_RESERVE', 'EPU_CATS_MONETARY_POLICY', 'WB_698_TRADE', 'ELECTION', 'TAX_ECON_PRICE', 'TAX_POLITICAL_PARTY_REPUBLICANS', 'CRISISLEX_O01_WEATHER', 'MEDIA_SOCIAL', 'WB_652_ICT_APPLICATIONS', 'WB_662_SOCIAL_MEDIA', 'WB_658_ENTERPRISE_APPLICATIONS', 'TAX_WORLDMAMMALS_BEAR', 'WB_775_TRADE_POLICY_AND_INTEGRATION', 'WB_776_TRADE_POLICY', 'WB_2575_TRADE_POLICY_AND_INVESTMENT_AGREEMENTS', 'LEADER', 'LEADER', 'LEADER', 'LEADER', 'LEADER', 'TAX_FNCACT_PRESIDENT', 'TAX_FNCACT_PRESIDENT', 'TAX_FNCACT_PRESIDENT', 'TAX_FNCACT_PRESIDENT', 'TAX_FNCACT_PRESIDENT', 'USPEC_POLITICS_GENERAL1', 'USPEC_POLITICS_GENERAL1', 'USPEC_POLITICS_GENERAL1', 'USPEC_POLITICS_GENERAL1', 'USPEC_POLITICS_GENERAL1', 'EPU_POLICY_WHITE_HOUSE', 'EPU_POLICY_CONGRESSIONAL', 'WB_2433_CONFLICT_AND_VIOLENCE', 'WB_2432_FRAGILITY_CONFLICT_AND_VIOLENCE', 'WB_1150_VOLATILITY', 'ECON_INFLATION', 'WB_1104_MACROECONOMIC_VULNERABILITY_AND_DEBT', 'WB_442_INFLATION', 'ECON_STOCKMARKET', 'ECON_STOCKMARKET', 'ECON_STOCKMARKET', 'ECON_STOCKMARKET', 'ECON_STOCKMARKET', 'ECON_STOCKMARKET', 'ECON_STOCKMARKET', 'ECON_STOCKMARKET', 'TAX_WORLDMAMMALS_CAT', 'USPEC_POLICY1', 'WB_678_DIGITAL_GOVERNMENT', 'WB_694_BROADCAST_AND_MEDIA', 'WB_133_INFORMATION_AND_COMMUNICATION_TECHNOLOGIES', 'TAX_FNCACT_OFFICIAL', 'EPU_ECONOMY_HISTORIC', 'EPU_POLICY_POLITICAL']",-1.28617363344051
20260412101500-473,20260412101500,boredpanda.com,https://www.boredpanda.com/spelling-bee-answers-12-april-2026/,"['TAX_WORLDMAMMALS_PANDA', 'TAX_WORLDMAMMALS_PANDA', 'TAX_WORLDMAMMALS_PANDA', 'TAX_WORLDMAMMALS_PANDA', 'TAX_FNCACT_PUBLISHER', 'TAX_FNCACT_PUBLISHER', 'TAX_FNCACT_EDITORS', 'TAX_FNCACT_EDITORS', 'TAX_FNCACT_OFFICIAL', 'TAX_FNCACT_OFFICIAL', 'TAX_FNCACT_OFFICIAL', 'TAX_FNCACT_OFFICIAL', 'WB_696_PUBLIC_SECTOR_MANAGEMENT', 'WB_696_PUBLIC_SECTOR_MANAGEMENT', 'WB_840_JUSTICE', 'WB_840_JUSTICE', 'WB_1014_CRIMINAL_JUSTICE', 'WB_1014_CRIMINAL_JUSTICE']",5.9016393442623
20260412101500-474,20260412101500,pakistantoday.com.pk,https://www.pakistantoday.com.pk/2026/04/12/two-killed-woman-injured-in-quetta-firing,"['WB_1920_FINANCIAL_SECTOR_DEVELOPMENT', 'WB_328_FINANCIAL_INTEGRITY', 'WB_2082_LAW_ENFORCEMENT', 'LEGISLATION', 'EPU_POLICY_LAW', 'TAX_FNCACT_OFFICIALS', 'TAX_FNCACT_WOMAN', 'TAX_FNCACT_WOMAN', 'TAX_FNCACT_WOMAN', 'TAX_FNCACT_WOMAN', 'TERROR', 'TERROR', 'TAX_FNCACT_AUTHORITIES', 'EPU_POLICY_AUTHORITIES', 'TAX_FNCACT_VICTIMS', 'CRISISLEX_T08_MISSINGFOUNDTRAPPEDPEOPLE', 'SECURITY_SERVICES', 'SECURITY_SERVICES', 'SECURITY_SERVICES', 'SECURITY_SERVICES', 'SECURITY_SERVICES', 'SECURITY_SERVICES', 'SECURITY_SERVICES', 'SECURITY_SERVICES', 'SECURITY_SERVICES', 'SECURITY_SERVICES', 'SECURITY_SERVICES', 'TAX_FNCACT_POLICE', 'TAX_FNCACT_POLICE', 'TAX_FNCACT_POLICE', 'TAX_FNCACT_POLICE', 'TAX_FNCACT_POLICE', 'TAX_FNCACT_POLICE', 'TAX_FNCACT_POLICE', 'TAX_FNCACT_POLICE', 'TAX_FNCACT_POLICE', 'TAX_FNCACT_POLICE', 'TAX_FNCACT_POLICE', 'CRISISLEX_C07_SAFETY', 'CRISISLEX_C07_SAFETY', 'CRISISLEX_C07_SAFETY', 'CRISISLEX_C07_SAFETY', 'CRISISLEX_C07_SAFETY', 'CRISISLEX_C07_SAFETY', 'CRISISLEX_C07_SAFETY', 'CRISISLEX_C07_SAFETY', 'CRISISLEX_C07_SAFETY', 'CRISISLEX_C07_SAFETY', 'CRISISLEX_C07_SAFETY', 'WB_2024_ANTI_CORRUPTION_AUTHORITIES', 'WB_2024_ANTI_CORRUPTION_AUTHORITIES', 'WB_2024_ANTI_CORRUPTION_AUTHORITIES', 'WB_2024_ANTI_CORRUPTION_AUTHORITIES', 'WB_696_PUBLIC_SECTOR_MANAGEMENT', 'WB_696_PUBLIC_SECTOR_MANAGEMENT', 'WB_696_PUBLIC_SECTOR_MANAGEMENT', 'WB_696_PUBLIC_SECTOR_MANAGEMENT', 'WB_840_JUSTICE', 'WB_840_JUSTICE', 'WB_840_JUSTICE', 'WB_840_JUSTICE', 'WB_2025_INVESTIGATION', 'WB_2025_INVESTIGATION', 'WB_2025_INVESTIGATION', 'WB_2025_INVESTIGATION', 'WB_831_GOVERNANCE', 'WB_831_GOVERNANCE', 'WB_831_GOVERNANCE', 'WB_831_GOVERNANCE', 'WB_832_ANTI_CORRUPTION', 'WB_832_ANTI_CORRUPTION', 'WB_832_ANTI_CORRUPTION', 'WB_832_ANTI_CORRUPTION', 'WB_1014_CRIMINAL_JUSTICE', 'WB_1014_CRIMINAL_JUSTICE', 'WB_1014_CRIMINAL_JUSTICE', 'WB_1014_CRIMINAL_JUSTICE', 'WB_1428_INJURY', 'WB_1406_DISEASES', 'WB_621_HEALTH_NUTRITION_AND_POPULATION', 'WB_1427_NON_COMMUNICABLE_DISEASE_AND_INJURY', 'WOUND', 'WOUND', 'WOUND', 'CRISISLEX_C03_WELLBEING_HEALTH', 'CRISISLEX_C03_WELLBEING_HEALTH', 'CRISISLEX_C03_WELLBEING_HEALTH', 'GENERAL_HEALTH', 'GENERAL_HEALTH', 'MEDICAL', 'MEDICAL', 'SOC_POINTSOFINTEREST_HOSPITAL', 'SOC_POINTSOFINTEREST_HOSPITAL', 'KILL', 'CRISISLEX_CRISISLEXREC', 'CRISISLEX_T02_INJURED', 'CRISISLEX_T03_DEAD']",-7.56578947368421
20260412101500-475,20260412101500,smh.com.au,https://www.smh.com.au/national/girl-drowns-in-queensland-river-20260412-p5znad.html,"['NATURAL_DISASTER_DROWNS', 'KILL', 'NATURAL_DISASTER_DROWNED']",-6.45161290322581
20260412101500-476,20260412101500,road.cc,https://road.cc/news/womens-peloton-in-two-minds-over-paris-roubaix-date-switch-and-reduced-tv-time,"['MEDIA_MSM', 'MEDIA_MSM', 'MEDIA_MSM', 'MEDIA_MSM', 'TAX_FNCACT_QUEEN', 'TAX_FNCACT_CHAMPION', 'TAX_FNCACT_CHAMPION']",1.26582278481013
20260412101500-477,20260412101500,athens-times.com,https://athens-times.com/thessaloniki-64-year-old-man-killed-and-dumped-from-bridge-in-evkarpiya/,"['CRISISLEX_T03_DEAD', 'EPU_CATS_MIGRATION_FEAR_FEAR', 'EPU_CATS_MIGRATION_FEAR_FEAR', 'WB_1428_INJURY', 'WB_1428_INJURY', 'WB_1406_DISEASES', 'WB_1406_DISEASES', 'WB_621_HEALTH_NUTRITION_AND_POPULATION', 'WB_621_HEALTH_NUTRITION_AND_POPULATION', 'WB_1427_NON_COMMUNICABLE_DISEASE_AND_INJURY', 'WB_1427_NON_COMMUNICABLE_DISEASE_AND_INJURY', 'CRISISLEX_CRISISLEXREC', 'CRISISLEX_CRISISLEXREC', 'CRISISLEX_T02_INJURED', 'CRISISLEX_T02_INJURED', 'MARITIME', 'MARITIME', 'MARITIME', 'WB_2024_ANTI_CORRUPTION_AUTHORITIES', 'WB_2025_INVESTIGATION', 'WB_831_GOVERNANCE', 'WB_832_ANTI_CORRUPTION', 'TAX_DISEASE_TRAUMA', 'CRISISLEX_T11_UPDATESSYMPATHY', 'SECURITY_SERVICES', 'TAX_FNCACT_POLICE', 'TAX_FNCACT_MAN', 'TAX_ETHNICITY_GREEK', 'TAX_WORLDLANGUAGES_GREEK', 'ORGANIZED_CRIME', 'WB_2453_ORGANIZED_CRIME', 'WB_2433_CONFLICT_AND_VIOLENCE', 'WB_2432_FRAGILITY_CONFLICT_AND_VIOLENCE', 'TAX_DISEASE_HEAD_INJURIES', 'TAX_FNCACT_VICTIM', 'TAX_FNCACT_VICTIM', 'WB_696_PUBLIC_SECTOR_MANAGEMENT', 'WB_696_PUBLIC_SECTOR_MANAGEMENT', 'WB_696_PUBLIC_SECTOR_MANAGEMENT', 'WB_696_PUBLIC_SECTOR_MANAGEMENT', 'WB_840_JUSTICE', 'WB_840_JUSTICE', 'WB_840_JUSTICE', 'WB_840_JUSTICE', 'WB_1014_CRIMINAL_JUSTICE', 'WB_1014_CRIMINAL_JUSTICE', 'WB_1014_CRIMINAL_JUSTICE', 'WB_1014_CRIMINAL_JUSTICE', 'WB_135_TRANSPORT', 'ARREST', 'SOC_GENERALCRIME', 'CRISISLEX_C07_SAFETY']",-10.1321585903084
20260412101500-478,20260412101500,moneycontrol.com,https://www.moneycontrol.com/entertainment/asha-bhosle-should-have-some-shame-mohammed-rafi-s-son-shahid-rafi-s-shocking-claims-resurface-after-singer-s-demise-at-92-article-13886721.html,"['TAX_ETHNICITY_INDIAN', 'TAX_FNCACT_SINGER', 'TAX_FNCACT_SINGER', 'TAX_FNCACT_SINGER', 'TAX_FNCACT_SINGER', 'GENERAL_HEALTH', 'MEDICAL', 'AFFECT', 'PROTEST', 'STRIKE', 'TAX_FNCACT_FATHER', 'TAX_FNCACT_FATHER', 'TAX_FNCACT_FATHER', 'TAX_FNCACT_FATHER', 'TAX_FNCACT_FATHER', 'TAX_FNCACT_FATHER', 'TAX_FNCACT_FATHER', 'TAX_FNCACT_FATHER', 'WB_2203_HUMAN_RIGHTS', 'WB_2482_RECONCILIATION', 'WB_2519_RESPONSES_TO_HUMAN_RIGHTS_ABUSES', 'WB_2432_FRAGILITY_CONFLICT_AND_VIOLENCE', 'EPU_ECONOMY_HISTORIC', 'EPU_ECONOMY_HISTORIC', 'MEDIA_MSM', 'TAX_FNCACT_JOURNALIST', 'MANMADE_DISASTER_IMPLIED', 'CRISISLEX_CRISISLEXREC', 'TAX_FNCACT_ACTRESS', 'INFO_RUMOR', 'TAX_WORLDLANGUAGES_HINDI', 'WB_2670_JOBS', 'WB_2670_JOBS', 'WB_2670_JOBS', 'WB_696_PUBLIC_SECTOR_MANAGEMENT', 'WB_696_PUBLIC_SECTOR_MANAGEMENT', 'WB_696_PUBLIC_SECTOR_MANAGEMENT', 'WB_2048_COMPENSATION_CAREERS_AND_INCENTIVES', 'WB_2048_COMPENSATION_CAREERS_AND_INCENTIVES', 'WB_2048_COMPENSATION_CAREERS_AND_INCENTIVES', 'WB_723_PUBLIC_ADMINISTRATION', 'WB_723_PUBLIC_ADMINISTRATION', 'WB_723_PUBLIC_ADMINISTRATION', 'WB_724_HUMAN_RESOURCES_FOR_PUBLIC_SECTOR', 'WB_724_HUMAN_RESOURCES_FOR_PUBLIC_SECTOR', 'WB_724_HUMAN_RESOURCES_FOR_PUBLIC_SECTOR', 'TAX_FNCACT_CLERIC', 'TAX_FNCACT_COMPOSER']",-4.10958904109589
20260412101500-479,20260412101500,livelaw.in,https://www.livelaw.in/job-updates/senior-consultant-legal-vacancy-at-national-disaster-management-authority-530014,"['LEGISLATION', 'LEGISLATION', 'LEGISLATION', 'EPU_POLICY_LAW', 'EPU_POLICY_LAW', 'EPU_POLICY_LAW', 'WB_699_URBAN_DEVELOPMENT', 'WB_820_DISASTER_RISK_MANAGEMENT', 'CRISISLEX_O02_RESPONSEAGENCIESATCRISIS', 'CRISISLEX_CRISISLEXREC', 'TAX_FNCACT_OFFICIAL', 'EDUCATION', 'SOC_POINTSOFINTEREST_UNIVERSITY', 'TAX_ETHNICITY_ENGLISH', 'TAX_WORLDLANGUAGES_ENGLISH', 'GENERAL_GOVERNMENT', 'EPU_POLICY_GOVERNMENT', 'TAX_FNCACT_CONSULTANT', 'TAX_FNCACT_CONSULTANT']",3.77358490566038
20260412101500-480,20260412101500,idler.co.uk,https://www.idler.co.uk/article/thought-for-the-week-all-you-need-is-love/,"['TAX_FNCACT_PHILOSOPHER', 'TAX_FNCACT_PHILOSOPHER', 'TAX_FNCACT_PHILOSOPHER', 'TAX_WORLDLANGUAGES_HEBREW', 'WB_1160_SHOCKS_AND_VULNERABILITY', 'WB_695_POVERTY', 'TAX_ECON_PRICE', 'UNGP_FORESTS_RIVERS_OCEANS', 'IDEOLOGY', 'IDEOLOGY', 'IDEOLOGY', 'IDEOLOGY', 'IDEOLOGY', 'IDEOLOGY', 'TAX_FNCACT_GUIDE', 'EDUCATION', 'WB_470_EDUCATION', 'CRISISLEX_C03_WELLBEING_HEALTH', 'CRISISLEX_T02_INJURED', 'CRISISLEX_T11_UPDATESSYMPATHY', 'TAX_FNCACT_AGENT', 'EPU_ECONOMY_HISTORIC']",1.60183066361556
20260412101500-481,20260412101500,news.az,https://news.az/news/new-zealand-floods-and-evacuations-as-cyclone-vaianu-lashes-north-island,"['NATURAL_DISASTER_FLOODS', 'NATURAL_DISASTER_FLOODS', 'NATURAL_DISASTER_CYCLONE', 'NATURAL_DISASTER_CYCLONE', 'NATURAL_DISASTER_CYCLONE', 'NATURAL_DISASTER_CYCLONE', 'NATURAL_DISASTER_CYCLONE', 'NATURAL_DISASTER_CYCLONE', 'NATURAL_DISASTER_CYCLONE', 'NATURAL_DISASTER_HEAVY_RAIN', 'CRISISLEX_O01_WEATHER', 'TAX_FNCACT_AUTHORITIES', 'TAX_FNCACT_AUTHORITIES', 'EPU_POLICY_AUTHORITIES', 'EPU_POLICY_AUTHORITIES', 'TAX_FNCACT_MINISTER', 'MANMADE_DISASTER_POWER_OUTAGES', 'MANMADE_DISASTER_POWER_OUTAGES', 'POWER_OUTAGE', 'POWER_OUTAGE', 'CRISISLEX_T01_CAUTION_ADVICE', 'CRISISLEX_T01_CAUTION_ADVICE', 'DISPLACED', 'SOC_POINTSOFINTEREST_AIRPORTS', 'WB_135_TRANSPORT', 'WB_1803_TRANSPORT_INFRASTRUCTURE', 'WB_1804_AIRPORTS', 'NATURAL_DISASTER_FLOODING', 'CRISISLEX_C06_WATER_SANITATION', 'SHORTAGE', 'SHORTAGE', 'NATURAL_DISASTER_EXTREME_WEATHER', 'ENV_CLIMATECHANGE', 'UNGP_CLIMATE_CHANGE_ACTION', 'DELAY', 'USPEC_UNCERTAINTY1', 'NATURAL_DISASTER_NATURAL_DISASTERS', 'KILL', 'CRISISLEX_T03_DEAD', 'AFFECT', 'EVACUATION', 'CRISISLEX_CRISISLEXREC', 'CRISISLEX_T09_DISPLACEDRELOCATEDEVACUATED', 'MANMADE_DISASTER_IMPLIED', 'NATURAL_DISASTER_DESTRUCTIVE_WINDS']",-6.21359223300971
20260412101500-482,20260412101500,internationalviewpoint.org,https://internationalviewpoint.org/Trump-s-failure-makes-him-more-dangerous-than-ever,"['GENERAL_GOVERNMENT', 'ENV_OIL', 'LEADER', 'LEADER', 'TAX_FNCACT_PRESIDENT', 'TAX_FNCACT_PRESIDENT', 'USPEC_POLITICS_GENERAL1', 'USPEC_POLITICS_GENERAL1', 'NEGOTIATIONS', 'TAX_POLITICAL_PARTY_REPUBLICAN', 'TAX_POLITICAL_PARTY_REPUBLICAN', 'CONSTITUTIONAL', 'TAX_FNCACT_CRIMINAL', 'WB_2433_CONFLICT_AND_VIOLENCE', 'WB_2465_REVOLUTIONARY_VIOLENCE', 'WB_2462_POLITICAL_VIOLENCE_AND_WAR', 'EPU_POLICY_WHITE_HOUSE', 'EPU_POLICY_WHITE_HOUSE', 'ALLIANCE', 'TAX_FNCACT_CHILD', 'WOUND', 'CRISISLEX_T02_INJURED', 'SCANDAL', 'PROTEST', 'TAX_ECON_PRICE', 'TAX_ECON_PRICE', 'TAX_ECON_PRICE', 'ARMEDCONFLICT', 'ARMEDCONFLICT', 'ARMEDCONFLICT', 'ARMEDCONFLICT', 'EPU_CATS_NATIONAL_SECURITY', 'EPU_CATS_NATIONAL_SECURITY', 'EPU_CATS_NATIONAL_SECURITY', 'EPU_CATS_NATIONAL_SECURITY', 'UNGP_FORESTS_RIVERS_OCEANS', 'SOC_GENERALCRIME', 'EPU_CATS_MIGRATION_FEAR_FEAR', 'TAX_ETHNICITY_IRANIANS', 'TAX_POLITICAL_PARTY_REPUBLICAN_PARTY', 'CRISISLEX_C07_SAFETY', 'CRISISLEX_C07_SAFETY', 'KILL', 'SLFID_DICTATORSHIP', 'SLFID_DICTATORSHIP', 'EPU_ECONOMY', 'EPU_ECONOMY_HISTORIC', 'SELF_IDENTIFIED_ATROCITY', 'WB_2507_HUMAN_RIGHTS_ABUSES_AND_VIOLATIONS', 'WB_2203_HUMAN_RIGHTS', 'WB_2510_WAR_CRIMES', 'WB_2432_FRAGILITY_CONFLICT_AND_VIOLENCE', 'TAX_FNCACT_PILOTS', 'TAX_DISEASE_IMPOTENCE', 'EPU_POLICY_POLITICAL', 'TAX_FNCACT_VICTIM', 'TAX_FNCACT_JUDGE', 'TAX_ETHNICITY_IRANIAN', 'TAX_ETHNICITY_IRANIAN', 'GENERAL_HEALTH', 'MEDICAL', 'TAX_FNCACT_SECRETARY', 'MANMADE_DISASTER_IMPLIED', 'TAX_FNCACT_EMPEROR', 'CRISISLEX_CRISISLEXREC', 'MARITIME_INCIDENT', 'MARITIME', 'MILITARY', 'ECON_STOCKMARKET']",-5.39053905390539
20260412101500-483,20260412101500,theyeshivaworld.com,https://www.theyeshivaworld.com/news/israel-news/2534342/netanyahu-supreme-court-must-dismiss-unconstitutional-petitions-has-no-authority-to-dismiss-a-minister.html,"['TAX_FNCACT_CRIMINAL', 'CONSTITUTIONAL', 'CONSTITUTIONAL', 'CONSTITUTIONAL', 'CONSTITUTIONAL', 'TRIAL', 'TRIAL', 'TRIAL', 'TRIAL', 'TRIAL', 'TAX_FNCACT_ATTORNEY', 'TAX_FNCACT_ATTORNEY', 'TAX_FNCACT_ATTORNEY', 'TAX_FNCACT_ATTORNEY', 'TAX_FNCACT_ATTORNEY', 'USPEC_POLICY1', 'EPU_POLICY_POLICY', 'POLITICAL_TURMOIL', 'EXTREMISM', 'SECURITY_SERVICES', 'SECURITY_SERVICES', 'TAX_FNCACT_POLICE', 'TAX_FNCACT_POLICE', 'SOVEREIGNTY', 'GENERAL_GOVERNMENT', 'GENERAL_GOVERNMENT', 'GENERAL_GOVERNMENT', 'GENERAL_GOVERNMENT', 'GENERAL_GOVERNMENT', 'GENERAL_GOVERNMENT', 'GENERAL_GOVERNMENT', 'EPU_POLICY_GOVERNMENT', 'EPU_POLICY_GOVERNMENT', 'EPU_POLICY_GOVERNMENT', 'EPU_POLICY_GOVERNMENT', 'EPU_POLICY_GOVERNMENT', 'EPU_POLICY_GOVERNMENT', 'EPU_POLICY_GOVERNMENT', 'CRISISLEX_C07_SAFETY', 'CRISISLEX_CRISISLEXREC', 'TAX_FNCACT_MINISTERS', 'LEADER', 'LEADER', 'LEADER', 'TAX_FNCACT_PRIME_MINISTER', 'TAX_FNCACT_PRIME_MINISTER', 'TAX_FNCACT_PRIME_MINISTER', 'IDEOLOGY', 'TAX_FNCACT_OFFICERS', 'NATURAL_DISASTER_FLOODING', 'CRISISLEX_C06_WATER_SANITATION', 'TAX_FNCACT_CITIZENS', 'DEMOCRACY', 'UNGP_POLITICAL_FREEDOMS', 'EPU_POLICY_POLITICAL', 'EPU_POLICY_POLITICAL', 'WB_2470_PEACE_OPERATIONS_AND_CONFLICT_MANAGEMENT', 'WB_2432_FRAGILITY_CONFLICT_AND_VIOLENCE', 'WB_2490_NATIONAL_PROTECTION_AND_SECURITY', 'EPU_CATS_NATIONAL_SECURITY', 'LEGISLATION', 'EPU_POLICY_LAW', 'ELECTION', 'MILITARY', 'TAX_FNCACT_SOLDIERS', 'WB_2024_ANTI_CORRUPTION_AUTHORITIES', 'WB_2025_INVESTIGATION', 'WB_831_GOVERNANCE', 'WB_832_ANTI_CORRUPTION', 'WB_1014_CRIMINAL_JUSTICE', 'UNGP_FORESTS_RIVERS_OCEANS', 'UNGP_FORESTS_RIVERS_OCEANS', 'TAX_FNCACT_MINISTER', 'TAX_FNCACT_MINISTER', 'TAX_FNCACT_MINISTER', 'TAX_FNCACT_MINISTER', 'TAX_FNCACT_MINISTER', 'TAX_FNCACT_MINISTER', 'TAX_FNCACT_MINISTER', 'TAX_FNCACT_MINISTER', 'TAX_FNCACT_MINISTER', 'TAX_FNCACT_MINISTER', 'TAX_FNCACT_MINISTER', 'TAX_FNCACT_MINISTER', 'TAX_FNCACT_MINISTER', 'TAX_FNCACT_MINISTER', 'TAX_FNCACT_MINISTER', 'TAX_FNCACT_MINISTER', 'TAX_FNCACT_MINISTER', 'WB_696_PUBLIC_SECTOR_MANAGEMENT', 'WB_840_JUSTICE', 'WB_2433_CONFLICT_AND_VIOLENCE']",-3.86473429951691
20260412101500-484,20260412101500,countypress.co.uk,https://www.countypress.co.uk/news/national/26014009.dublin-fuel-protesters-ambushed-late-night-garda-operation-spokesman-says/,"['DISASTER_FIRE', 'CRISISLEX_T01_CAUTION_ADVICE', 'ARREST', 'LEGISLATION', 'EPU_POLICY_LAW', 'TAX_FNCACT_EXECUTIVE', 'TAX_FNCACT_REPRESENTATIVE', 'MILITARY', 'TAX_FNCACT_WORKERS', 'CRISISLEX_O01_WEATHER', 'GENERAL_HEALTH', 'WB_635_PUBLIC_HEALTH', 'WB_2165_HEALTH_EMERGENCIES', 'WB_621_HEALTH_NUTRITION_AND_POPULATION', 'WB_1324_EMERGENCY_MEDICAL_SERVICES', 'EDUCATION', 'SOC_POINTSOFINTEREST_SCHOOLS', 'TAX_FNCACT_CHIEF', 'RURAL', 'TAX_FNCACT_CHIEF_EXECUTIVE', 'TAX_FNCACT_COMMISSIONER', 'TAX_FNCACT_COMMISSIONER', 'UNGP_CRIME_VIOLENCE', 'MEDIA_SOCIAL', 'WB_652_ICT_APPLICATIONS', 'WB_662_SOCIAL_MEDIA', 'WB_658_ENTERPRISE_APPLICATIONS', 'TAX_FNCACT_SPOKESWOMAN', 'EPU_ECONOMY_HISTORIC', 'MANMADE_DISASTER_IMPLIED', 'MANMADE_DISASTER_IMPLIED', 'MANMADE_DISASTER_IMPLIED', 'WB_539_OIL_AND_GAS_POLICY_STRATEGY_AND_INSTITUTIONS', 'WB_539_OIL_AND_GAS_POLICY_STRATEGY_AND_INSTITUTIONS', 'WB_539_OIL_AND_GAS_POLICY_STRATEGY_AND_INSTITUTIONS', 'WB_507_ENERGY_AND_EXTRACTIVES', 'WB_507_ENERGY_AND_EXTRACTIVES', 'WB_507_ENERGY_AND_EXTRACTIVES', 'WB_548_PPP_IN_OIL_AND_GAS', 'WB_548_PPP_IN_OIL_AND_GAS', 'WB_548_PPP_IN_OIL_AND_GAS', 'WB_2298_REFINERIES', 'WB_2298_REFINERIES', 'WB_2298_REFINERIES', 'TAX_ECON_PRICE', 'TAX_ECON_PRICE', 'TAX_ECON_PRICE', 'GENERAL_GOVERNMENT', 'GENERAL_GOVERNMENT', 'GENERAL_GOVERNMENT', 'GENERAL_GOVERNMENT', 'GENERAL_GOVERNMENT', 'GENERAL_GOVERNMENT', 'EPU_POLICY_GOVERNMENT', 'EPU_POLICY_GOVERNMENT', 'EPU_POLICY_GOVERNMENT', 'EPU_POLICY_GOVERNMENT', 'EPU_POLICY_GOVERNMENT', 'EPU_POLICY_GOVERNMENT', 'UNGP_FORESTS_RIVERS_OCEANS', 'UNGP_FORESTS_RIVERS_OCEANS', 'UNGP_FORESTS_RIVERS_OCEANS', 'TAX_FNCACT_MINISTERS', 'TAX_FNCACT_SPOKESMEN', 'CRISISLEX_O02_RESPONSEAGENCIESATCRISIS', 'CRISISLEX_CRISISLEXREC', 'CRISISLEX_CRISISLEXREC', 'TAX_MILITARY_TITLE_OFFICERS', 'TAX_FNCACT_OFFICERS', 'BLOCKADE', 'BLOCKADE', 'BLOCKADE', 'BLOCKADE', 'BLOCKADE', 'SEIGE', 'SEIGE', 'SEIGE', 'SEIGE', 'SEIGE', 'WB_678_DIGITAL_GOVERNMENT', 'WB_694_BROADCAST_AND_MEDIA', 'WB_133_INFORMATION_AND_COMMUNICATION_TECHNOLOGIES', 'ALLIANCE', 'ALLIANCE', 'TAX_FNCACT_STREET_CLEANERS', 'WB_135_TRANSPORT', 'WB_135_TRANSPORT', 'PROTEST', 'PROTEST', 'PROTEST', 'PROTEST', 'PROTEST', 'PROTEST', 'PROTEST', 'ENV_OIL', 'ENV_OIL', 'ENV_OIL', 'LEADER', 'TAX_FNCACT_PRESIDENT', 'USPEC_POLITICS_GENERAL1', 'SOC_RANSOM', 'ARMEDCONFLICT', 'AFFECT', 'TAX_FNCACT_SPOKESMAN', 'TAX_ETHNICITY_IRISH', 'TAX_ETHNICITY_IRISH', 'TAX_ETHNICITY_IRISH', 'TAX_WORLDLANGUAGES_IRISH', 'TAX_WORLDLANGUAGES_IRISH', 'TAX_WORLDLANGUAGES_IRISH', 'SHORTAGE', 'SECURITY_SERVICES', 'SECURITY_SERVICES', 'SECURITY_SERVICES', 'TAX_FNCACT_POLICE', 'TAX_FNCACT_POLICE', 'TAX_FNCACT_POLICE', 'CRISISLEX_C07_SAFETY', 'CRISISLEX_C07_SAFETY', 'CRISISLEX_C07_SAFETY', 'AGRICULTURE', 'MEDICAL', 'SOC_POINTSOFINTEREST_HOSPITALS', 'TAX_FNCACT_SUPPORTERS', 'KILL']",-5.88235294117647
20260412101500-485,20260412101500,countypress.co.uk,https://www.countypress.co.uk/news/national/26014070.eamonn-holmes-doing-okay-following-stroke-says-son/,"['MANMADE_DISASTER_IMPLIED', 'TAX_DISEASE_STROKE', 'TAX_DISEASE_STROKE', 'TAX_FNCACT_EXECUTIVE', 'WB_1160_SHOCKS_AND_VULNERABILITY', 'WB_1160_SHOCKS_AND_VULNERABILITY', 'WB_695_POVERTY', 'WB_695_POVERTY', 'LEGISLATION', 'EPU_POLICY_LAW', 'TAX_FNCACT_CHIEF_EXECUTIVE', 'GENERAL_HEALTH', 'MEDICAL', 'CRISISLEX_C03_WELLBEING_HEALTH', 'AFFECT', 'TAX_FNCACT_FATHER', 'TAX_FNCACT_CHIEF', 'TAX_FNCACT_PRESENTER', 'SOC_POINTSOFINTEREST_HOSPITAL', 'SOC_POINTSOFINTEREST_HOSPITAL', 'WB_2670_JOBS', 'WB_696_PUBLIC_SECTOR_MANAGEMENT', 'WB_2048_COMPENSATION_CAREERS_AND_INCENTIVES', 'WB_723_PUBLIC_ADMINISTRATION', 'WB_724_HUMAN_RESOURCES_FOR_PUBLIC_SECTOR', 'TAX_FNCACT_SPOKESPERSON']",0.87719298245614
20260412101500-486,20260412101500,wiltshiretimes.co.uk,https://www.wiltshiretimes.co.uk/news/national/26014084.russia-ukraine-trade-blame-violating-orthodox-easter-ceasefire/,"['DRONES', 'DRONES', 'DRONES', 'CRISISLEX_CRISISLEXREC', 'TAX_WORLDLANGUAGES_RUSSIA', 'TAX_WORLDLANGUAGES_RUSSIA', 'TAX_WORLDLANGUAGES_RUSSIA', 'TAX_WORLDLANGUAGES_RUSSIA', 'TAX_WORLDLANGUAGES_RUSSIA', 'TAX_ETHNICITY_UKRAINIAN', 'TAX_ETHNICITY_UKRAINIAN', 'TAX_ETHNICITY_UKRAINIAN', 'TAX_ETHNICITY_UKRAINIAN', 'TAX_ETHNICITY_UKRAINIAN', 'TAX_WORLDLANGUAGES_UKRAINIAN', 'TAX_WORLDLANGUAGES_UKRAINIAN', 'TAX_WORLDLANGUAGES_UKRAINIAN', 'TAX_WORLDLANGUAGES_UKRAINIAN', 'TAX_WORLDLANGUAGES_UKRAINIAN', 'CEASEFIRE', 'CEASEFIRE', 'CEASEFIRE', 'CEASEFIRE', 'CEASEFIRE', 'LEADER', 'LEADER', 'TAX_FNCACT_PRESIDENT', 'TAX_FNCACT_PRESIDENT', 'USPEC_POLITICS_GENERAL1', 'USPEC_POLITICS_GENERAL1', 'DISASTER_FIRE', 'CRISISLEX_T04_INFRASTRUCTURE', 'TAX_MILITARY_TITLE_OFFICER', 'TAX_FNCACT_OFFICER', 'CRISISLEX_O02_RESPONSEAGENCIESATCRISIS', 'TAX_ETHNICITY_RUSSIAN', 'TAX_ETHNICITY_RUSSIAN', 'TAX_ETHNICITY_RUSSIAN', 'TAX_ETHNICITY_RUSSIAN', 'TAX_WORLDLANGUAGES_RUSSIAN', 'TAX_WORLDLANGUAGES_RUSSIAN', 'TAX_WORLDLANGUAGES_RUSSIAN', 'TAX_WORLDLANGUAGES_RUSSIAN', 'TAX_WEAPONS_DRONE_STRIKE', 'TAX_RELIGION_ORTHODOX', 'WOUND', 'CRISISLEX_C03_WELLBEING_HEALTH', 'CRISISLEX_T02_INJURED', 'EPU_CATS_NATIONAL_SECURITY', 'TAX_FOODSTAPLES_BREAD', 'TAX_FOODSTAPLES_BREAD', 'TAX_WEAPONS_BOMBS', 'CRISISLEX_T01_CAUTION_ADVICE', 'TAX_FNCACT_MILITARY_OFFICER', 'ARMEDCONFLICT']",-9.74576271186441
20260412101500-487,20260412101500,metalunderground.com,http://www.metalunderground.com/news/details.cfm?newsid=161189,"['TAX_WORLDLANGUAGES_SWEDISH', 'TAX_WORLDLANGUAGES_SWEDISH', 'TAX_WORLDFISH_SARDINES', 'TAX_ETHNICITY_CZECH', 'TAX_ETHNICITY_CZECH', 'TAX_ETHNICITY_CZECH', 'TAX_ETHNICITY_CZECH', 'TAX_WORLDLANGUAGES_CZECH', 'TAX_WORLDLANGUAGES_CZECH', 'TAX_WORLDLANGUAGES_CZECH', 'TAX_WORLDLANGUAGES_CZECH', 'TAX_WORLDLANGUAGES_NORWEGIAN', 'WB_1458_HEALTH_PROMOTION_AND_DISEASE_PREVENTION', 'WB_1541_DEWORMING', 'WB_635_PUBLIC_HEALTH', 'WB_621_HEALTH_NUTRITION_AND_POPULATION', 'WB_503_SCHOOL_HEALTH', 'MANMADE_DISASTER_IMPLIED', 'GENERAL_GOVERNMENT', 'GENERAL_GOVERNMENT', 'GENERAL_GOVERNMENT', 'GENERAL_GOVERNMENT', 'TAX_FNCACT_BOSS', 'CRISISLEX_T01_CAUTION_ADVICE', 'TAX_WORLDFISH_FISH', 'TAX_FNCACT_OFFICIAL', 'TAX_FNCACT_WRITER', 'CRISISLEX_CRISISLEXREC', 'CRISISLEX_CRISISLEXREC', 'CRISISLEX_CRISISLEXREC', 'CRISISLEX_CRISISLEXREC', 'USPEC_UNCERTAINTY1', 'UNGP_CRIME_VIOLENCE', 'UNGP_CRIME_VIOLENCE', 'KILL', 'TAX_FNCACT_GUITARIST', 'TAX_FNCACT_DRUMMER', 'TAX_FNCACT_DRUMMER', 'TAX_FNCACT_DRUMMER', 'ARMEDCONFLICT', 'EPU_CATS_NATIONAL_SECURITY', 'TAX_ETHNICITY_BLACK']",-1.38888888888889
20260412101500-488,20260412101500,floydct.com,https://www.floydct.com/online_features/press_releases/apo-deadline-apo-investors-with-losses-in-excess-of-100k-have-opportunity-to-lead-apollo/article_7c44c865-117e-5a16-99e3-ff13a06faa80.html,"['WB_696_PUBLIC_SECTOR_MANAGEMENT', 'WB_2048_COMPENSATION_CAREERS_AND_INCENTIVES', 'WB_723_PUBLIC_ADMINISTRATION', 'WB_724_HUMAN_RESOURCES_FOR_PUBLIC_SECTOR', 'EPU_ECONOMY_HISTORIC', 'EPU_ECONOMY_HISTORIC', 'EPU_ECONOMY_HISTORIC', 'LEGISLATION', 'LEGISLATION', 'LEGISLATION', 'LEGISLATION', 'LEGISLATION', 'LEGISLATION', 'LEGISLATION', 'LEGISLATION', 'LEGISLATION', 'EPU_POLICY_LAW', 'EPU_POLICY_LAW', 'EPU_POLICY_LAW', 'EPU_POLICY_LAW', 'EPU_POLICY_LAW', 'EPU_POLICY_LAW', 'EPU_POLICY_LAW', 'EPU_POLICY_LAW', 'EPU_POLICY_LAW', 'TAX_FNCACT_ATTORNEY', 'TAX_FNCACT_ATTORNEYS', 'TAX_FNCACT_REPRESENTATIVE', 'TAX_FNCACT_INVESTOR', 'TAX_FNCACT_INVESTOR', 'TAX_FNCACT_LEADERS', 'UNGP_FORESTS_RIVERS_OCEANS', 'TAX_FNCACT_LAWYERS', 'EPU_CATS_REGULATION', 'EPU_CATS_REGULATION', 'EPU_CATS_REGULATION', 'EPU_CATS_REGULATION', 'EPU_CATS_REGULATION', 'EPU_CATS_REGULATION', 'EPU_CATS_REGULATION', 'EPU_CATS_REGULATION', 'EPU_CATS_REGULATION', 'TAX_FNCACT_PEER', 'USPEC_POLITICS_GENERAL1', 'ECON_WORLDCURRENCIES_DOLLARS', 'TAX_ETHNICITY_BLACK', 'TAX_ECON_PRICE', 'TRIAL', 'TRIAL', 'TRIAL', 'TAX_ETHNICITY_CHINESE', 'TAX_WORLDLANGUAGES_CHINESE']",-2.4045261669024
20260412101500-489,20260412101500,el-balad.com,https://www.el-balad.com/16910453,"['KILL', 'CRISISLEX_CRISISLEXREC', 'CRISISLEX_T02_INJURED', 'CRISISLEX_T03_DEAD', 'MEDIA_MSM', 'UNGP_FORESTS_RIVERS_OCEANS', 'DELAY', 'USPEC_UNCERTAINTY1', 'TAX_FNCACT_OFFICIAL']",-0.705467372134039
20260412101500-490,20260412101500,aol.co.uk,https://www.aol.co.uk/articles/eamonn-holmes-doing-okay-following-090156262.html,"['TAX_FNCACT_EXECUTIVE', 'WB_1160_SHOCKS_AND_VULNERABILITY', 'WB_1160_SHOCKS_AND_VULNERABILITY', 'WB_695_POVERTY', 'WB_695_POVERTY', 'MANMADE_DISASTER_IMPLIED', 'TAX_DISEASE_STROKE', 'TAX_DISEASE_STROKE', 'TAX_DISEASE_STROKE', 'AFFECT', 'TAX_FNCACT_FATHER', 'GENERAL_HEALTH', 'MEDICAL', 'CRISISLEX_C03_WELLBEING_HEALTH', 'TAX_FNCACT_CHIEF_EXECUTIVE', 'TAX_FNCACT_PRESENTER', 'TAX_FNCACT_PRESENTER', 'TAX_FNCACT_CHIEF', 'TAX_FNCACT_SPOKESPERSON', 'WB_2670_JOBS', 'WB_696_PUBLIC_SECTOR_MANAGEMENT', 'WB_2048_COMPENSATION_CAREERS_AND_INCENTIVES', 'WB_723_PUBLIC_ADMINISTRATION', 'WB_724_HUMAN_RESOURCES_FOR_PUBLIC_SECTOR', 'SOC_POINTSOFINTEREST_HOSPITAL', 'SOC_POINTSOFINTEREST_HOSPITAL']",0.838574423480084
20260412101500-491,20260412101500,wiltshiretimes.co.uk,https://www.wiltshiretimes.co.uk/news/national/26014070.eamonn-holmes-doing-okay-following-stroke-says-son/,"['TAX_FNCACT_CHIEF_EXECUTIVE', 'GENERAL_HEALTH', 'MEDICAL', 'CRISISLEX_C03_WELLBEING_HEALTH', 'AFFECT', 'TAX_FNCACT_FATHER', 'MANMADE_DISASTER_IMPLIED', 'TAX_DISEASE_STROKE', 'TAX_DISEASE_STROKE', 'TAX_FNCACT_EXECUTIVE', 'WB_1160_SHOCKS_AND_VULNERABILITY', 'WB_1160_SHOCKS_AND_VULNERABILITY', 'WB_695_POVERTY', 'WB_695_POVERTY', 'LEGISLATION', 'EPU_POLICY_LAW', 'WB_2670_JOBS', 'WB_696_PUBLIC_SECTOR_MANAGEMENT', 'WB_2048_COMPENSATION_CAREERS_AND_INCENTIVES', 'WB_723_PUBLIC_ADMINISTRATION', 'WB_724_HUMAN_RESOURCES_FOR_PUBLIC_SECTOR', 'SOC_POINTSOFINTEREST_HOSPITAL', 'SOC_POINTSOFINTEREST_HOSPITAL', 'TAX_FNCACT_SPOKESPERSON', 'TAX_FNCACT_CHIEF', 'TAX_FNCACT_PRESENTER']",0.87719298245614
20260412101500-492,20260412101500,kashmirreader.com,https://kashmirreader.com/2026/04/12/ujh-multipurpose-project-cleared-to-boost-irrigation-border-security-in-kathua/,"['TAX_FNCACT_MINISTER', 'TAX_FNCACT_MINISTER', 'TAX_FNCACT_MINISTER', 'TAX_FNCACT_MINISTER', 'TAX_FNCACT_MINISTER', 'TAX_FNCACT_MINISTER', 'TAX_FNCACT_MINISTER', 'TAX_FNCACT_MINISTER', 'TAX_FNCACT_MINISTER', 'TAX_FNCACT_MINISTER', 'TAX_FNCACT_MINISTER', 'LEADER']",-0.736377025036819
20260412101500-493,20260412101500,post-journal.com,https://www.post-journal.com/obituaries/2026/04/raymond-c-brown-sr/,['CRISISLEX_T11_UPDATESSYMPATHY'],11.1111111111111
20260412101500-494,20260412101500,indiatimes.com,https://economictimes.indiatimes.com/magazines/panache/asha-bhosle-taught-her-granddaughter-one-important-lesson-for-the-future-who-is-zanai-bhosle/articleshow/130205151.cms,"['ECON_ENTREPRENEURSHIP', 'TAX_FNCACT_ARTIST', 'EPU_ECONOMY_HISTORIC', 'MEDIA_SOCIAL', 'TAX_FNCACT_SINGER', 'TAX_FNCACT_SINGER', 'TAX_DISEASE_FATIGUE', 'GENERAL_HEALTH', 'MEDICAL', 'SOC_POINTSOFINTEREST_HOSPITAL', 'CRISISLEX_C03_WELLBEING_HEALTH', 'MARITIME_INCIDENT', 'MARITIME', 'MANMADE_DISASTER_IMPLIED', 'WB_1467_EDUCATION_FOR_ALL', 'WB_470_EDUCATION', 'WB_2131_EMPLOYABILITY_SKILLS_AND_JOBS', 'WB_1484_EDUCATION_SKILLS_DEVELOPMENT_AND_LABOR_MARKET', 'CRISISLEX_CRISISLEXREC', 'TAX_DISEASE_INFECTION', 'TAX_DISEASE_INFECTION', 'TAX_FNCACT_VETERAN', 'ARREST', 'UNGP_FORESTS_RIVERS_OCEANS', 'UNGP_FORESTS_RIVERS_OCEANS']",3.52941176470588
20260412101500-495,20260412101500,knpr.org,https://knpr.org/npr/2026-04-12/why-are-co-headlining-tours-having-a-moment,"['TAX_ETHNICITY_CANADIAN', 'TAX_ETHNICITY_CANADIAN', 'TAX_WORLDLANGUAGES_LATIN', 'MARITIME_INCIDENT', 'MARITIME', 'CRISISLEX_T11_UPDATESSYMPATHY', 'TAX_FNCACT_ARTIST', 'TAX_FNCACT_ARTIST', 'USPEC_POLICY1', 'EPU_ECONOMY', 'EPU_ECONOMY_HISTORIC', 'WB_678_DIGITAL_GOVERNMENT', 'WB_2943_SWITCHES', 'WB_667_ICT_INFRASTRUCTURE', 'WB_672_NETWORK_MANAGEMENT', 'WB_133_INFORMATION_AND_COMMUNICATION_TECHNOLOGIES', 'TAX_FNCACT_COWBOY', 'UNGP_FORESTS_RIVERS_OCEANS', 'TAX_ETHNICITY_AMERICANS', 'TAX_RELIGION_CHRISTIAN', 'TAX_ETHNICITY_CHRISTIAN', 'WB_696_PUBLIC_SECTOR_MANAGEMENT', 'WB_696_PUBLIC_SECTOR_MANAGEMENT', 'WB_696_PUBLIC_SECTOR_MANAGEMENT', 'WB_840_JUSTICE', 'WB_840_JUSTICE', 'WB_840_JUSTICE', 'TAX_FNCACT_LADY', 'EPU_CATS_REGULATION', 'CRISISLEX_CRISISLEXREC', 'TAX_FNCACT_DIRECTOR', 'EPU_POLICY_SPENDING', 'TAX_ETHNICITY_JAPANESE', 'TAX_WORLDLANGUAGES_JAPANESE', 'TAX_FNCACT_AGENT', 'TAX_ETHNICITY_FRENCH', 'TAX_WORLDLANGUAGES_FRENCH', 'MANMADE_DISASTER_IMPLIED', 'TAX_FNCACT_DRIVER', 'TAX_FNCACT_ARTISTS', 'TAX_FNCACT_ARTISTS', 'TAX_FNCACT_ARTISTS', 'TAX_FNCACT_ARTISTS', 'TAX_FNCACT_ARTISTS', 'TAX_FNCACT_ARTISTS', 'TAX_FNCACT_ARTISTS', 'TAX_FNCACT_ARTISTS', 'EPU_CATS_MIGRATION_FEAR_FEAR', 'TAX_FNCACT_PEERS', 'TAX_ECON_PRICE', 'TAX_ECON_PRICE', 'TAX_WORLDLANGUAGES_MUNDOS', 'TAX_FNCACT_PRODUCER', 'KILL', 'TAX_FNCACT_SINGERS']",3.42417889587701
20260412101500-496,20260412101500,fool.com,https://www.fool.com/investing/2026/04/12/2-cruise-line-stocks-to-buy-even-in-todays-market/?source=iedfolrf0000001,"['EPU_ECONOMY', 'EPU_ECONOMY_HISTORIC', 'ECON_IPO', 'TAX_FNCACT_HUNTERS', 'EDUCATION', 'WB_470_EDUCATION', 'MARITIME_INCIDENT', 'MARITIME_INCIDENT', 'MARITIME', 'MARITIME', 'FUELPRICES', 'NATURAL_DISASTER_ICE', 'MANMADE_DISASTER_IMPLIED', 'MANMADE_DISASTER_IMPLIED', 'USPEC_POLICY1', 'EPU_UNCERTAINTY', 'TAX_ECON_PRICE', 'TAX_ECON_PRICE', 'TAX_ECON_PRICE', 'TAX_ECON_PRICE', 'UNGP_FORESTS_RIVERS_OCEANS', 'WB_698_TRADE', 'ECON_STOCKMARKET']",-0.46875
20260412101500-497,20260412101500,hotaugusta.com,https://hotaugusta.com/2026/04/12/this-day-in-hip-hop-and-rb-history-april-12/,"['TAX_FNCACT_SINGER', 'TAX_WORLDFISH_BASS', 'TAX_ETHNICITY_AMERICAN']",7.92079207920792
20260412101500-498,20260412101500,bostonglobe.com,https://www.bostonglobe.com/2026/04/12/nation/lessons-in-70s-made-us-world-economies-less-vulnerable-to-oil-shocks/,"['EPU_POLICY_WHITE_HOUSE', 'MEDIA_MSM', 'WB_2433_CONFLICT_AND_VIOLENCE', 'WB_2465_REVOLUTIONARY_VIOLENCE', 'WB_2432_FRAGILITY_CONFLICT_AND_VIOLENCE', 'WB_2462_POLITICAL_VIOLENCE_AND_WAR', 'TAX_ETHNICITY_JAPANESE', 'TAX_WORLDLANGUAGES_JAPANESE', 'WB_539_OIL_AND_GAS_POLICY_STRATEGY_AND_INSTITUTIONS', 'WB_539_OIL_AND_GAS_POLICY_STRATEGY_AND_INSTITUTIONS', 'WB_2303_FRACKING', 'WB_2303_FRACKING', 'WB_2273_UPSTREAM_OIL_AND_GAS', 'WB_2273_UPSTREAM_OIL_AND_GAS', 'NATURAL_DISASTER_TSUNAMI', 'PUBLIC_TRANSPORT', 'EPU_CATS_REGULATION', 'WB_1160_SHOCKS_AND_VULNERABILITY', 'WB_1160_SHOCKS_AND_VULNERABILITY', 'WB_1160_SHOCKS_AND_VULNERABILITY', 'WB_1160_SHOCKS_AND_VULNERABILITY', 'WB_695_POVERTY', 'WB_695_POVERTY', 'WB_695_POVERTY', 'WB_695_POVERTY', 'ECON_TAXATION', 'EPU_POLICY_TAX', 'EPU_CATS_TAXES', 'EPU_POLICY_GOVERNMENT', 'EPU_POLICY_POLICY', 'EPU_POLICY_POLICY', 'EDUCATION', 'TAX_FNCACT_PROFESSOR', 'ARMEDCONFLICT', 'EPU_CATS_NATIONAL_SECURITY', 'CRISISLEX_CRISISLEXREC', 'ECON_CENTRALBANK', 'WB_1235_CENTRAL_BANKS', 'WB_318_FINANCIAL_ARCHITECTURE_AND_BANKING', 'WB_1920_FINANCIAL_SECTOR_DEVELOPMENT', 'WB_1234_BANKING_INSTITUTIONS', 'WB_175_FERTILIZERS', 'WB_174_CROP_PRODUCTION', 'WB_435_AGRICULTURE_AND_FOOD_SECURITY', 'WB_1949_CLIMATE_SMART_AGRICULTURE', 'USPEC_POLICY1', 'USPEC_POLICY1', 'USPEC_POLICY1', 'USPEC_POLICY1', 'USPEC_POLICY1', 'USPEC_POLICY1', 'USPEC_POLICY1', 'USPEC_POLICY1', 'USPEC_POLICY1', 'USPEC_POLICY1', 'USPEC_POLICY1', 'USPEC_POLICY1', 'EPU_ECONOMY', 'EPU_ECONOMY', 'EPU_ECONOMY', 'EPU_ECONOMY', 'EPU_ECONOMY', 'EPU_ECONOMY', 'EPU_ECONOMY', 'EPU_ECONOMY', 'EPU_ECONOMY', 'EPU_ECONOMY', 'EPU_ECONOMY', 'EPU_ECONOMY', 'EPU_ECONOMY_HISTORIC', 'EPU_ECONOMY_HISTORIC', 'EPU_ECONOMY_HISTORIC', 'EPU_ECONOMY_HISTORIC', 'EPU_ECONOMY_HISTORIC', 'EPU_ECONOMY_HISTORIC', 'EPU_ECONOMY_HISTORIC', 'EPU_ECONOMY_HISTORIC', 'EPU_ECONOMY_HISTORIC', 'EPU_ECONOMY_HISTORIC', 'EPU_ECONOMY_HISTORIC', 'EPU_ECONOMY_HISTORIC', 'ENV_SOLAR', 'AGRICULTURE', 'TAX_FNCACT_FARMERS', 'AFFECT', 'TAX_FNCACT_EXECUTIVE', 'LEGISLATION', 'EPU_POLICY_LAW', 'CRISISLEX_T06_SUPPLIES', 'ENV_NATURALGAS', 'ENV_NATURALGAS', 'CRISISLEX_C04_LOGISTICS_TRANSPORT', 'TAX_FNCACT_LAWMAKERS', 'EPU_POLICY_LAWMAKERS', 'ENV_OIL', 'ENV_OIL', 'ENV_OIL', 'ENV_OIL', 'ENV_OIL', 'ENV_OIL', 'ENV_OIL', 'ENV_OIL', 'ENV_OIL', 'ENV_OIL', 'ENV_OIL', 'ENV_OIL', 'ENV_OIL', 'ENV_OIL', 'ENV_OIL', 'ENV_OIL', 'ENV_OIL', 'ENV_OIL', 'ENV_OIL', 'ENV_OIL', 'ENV_OIL', 'ENV_OIL', 'ENV_OIL', 'ENV_OIL', 'ENV_OIL', 'ENV_OIL', 'ENV_OIL', 'ENV_OIL', 'ENV_OIL', 'LEADER', 'LEADER', 'TAX_FNCACT_PRESIDENT', 'TAX_FNCACT_PRESIDENT', 'USPEC_POLITICS_GENERAL1', 'USPEC_POLITICS_GENERAL1', 'TAX_FNCACT_DIRECTOR', 'TAX_FNCACT_DIRECTOR', 'WB_137_WATER', 'MANMADE_DISASTER_IMPLIED', 'UNGP_FORESTS_RIVERS_OCEANS', 'UNGP_FORESTS_RIVERS_OCEANS', 'TAX_ECON_PRICE', 'SHORTAGE', 'SHORTAGE', 'EPU_POLICY_FEDERAL_RESERVE', 'EPU_POLICY_FEDERAL_RESERVE', 'EPU_CATS_MONETARY_POLICY', 'EPU_CATS_MONETARY_POLICY', 'BAN', 'WB_507_ENERGY_AND_EXTRACTIVES', 'WB_507_ENERGY_AND_EXTRACTIVES', 'WB_533_ENERGY_EFFICIENCY', 'WB_533_ENERGY_EFFICIENCY', 'UNREST_BELLIGERENT', 'WB_508_POWER_SYSTEMS', 'WB_509_NUCLEAR_ENERGY', 'GENERAL_GOVERNMENT', 'EPU_POLICY_CONGRESS', 'ECON_INTEREST_RATES', 'ECON_INTEREST_RATES', 'EPU_POLICY_INTEREST_RATES', 'EPU_POLICY_INTEREST_RATES', 'TAX_ETHNICITY_AMERICAN', 'TAX_ETHNICITY_AMERICAN', 'USPEC_UNCERTAINTY1', 'TAX_FNCACT_COOK', 'ENV_COAL', 'TAX_ETHNICITY_PERSIAN', 'TAX_WORLDLANGUAGES_PERSIAN', 'TAX_FNCACT_KING', 'ECON_OILPRICE', 'ECON_OILPRICE', 'WB_135_TRANSPORT', 'TAX_ETHNICITY_IRANIAN', 'SANCTIONS', 'SANCTIONS', 'SANCTIONS', 'ECON_DEVELOPMENTORGS_WORLD_BANK', 'SOC_POINTSOFINTEREST_UNIVERSITY', 'SOC_POINTSOFINTEREST_UNIVERSITY', 'SOC_POINTSOFINTEREST_UNIVERSITY', 'SOC_POINTSOFINTEREST_UNIVERSITY', 'NATURAL_DISASTER_EARTHQUAKE', 'CRISISLEX_T01_CAUTION_ADVICE', 'WB_1150_VOLATILITY', 'ECON_INFLATION', 'ECON_INFLATION', 'WB_1104_MACROECONOMIC_VULNERABILITY_AND_DEBT', 'WB_1104_MACROECONOMIC_VULNERABILITY_AND_DEBT', 'WB_442_INFLATION', 'WB_442_INFLATION', 'TAX_FNCACT_EXECUTIVE_DIRECTOR']",-2.6080476900149
20260412101500-499,20260412101500,wiky.com,https://wiky.com/2026/04/11/big-screens-bigger-fandom-bts-brings-arirang-tour-to-amc-theaters/,"['GENERAL_HEALTH', 'TAX_FNCACT_TECHNICIAN', 'CRISISLEX_T11_UPDATESSYMPATHY', 'TAX_ETHNICITY_KOREAN', 'TAX_WORLDLANGUAGES_KOREAN', 'MILITARY', 'MILITARY', 'MILITARY', 'TAX_FNCACT_ARTIST', 'TAX_FNCACT_PERFORMER']",3.27868852459016
20260412101500-500,20260412101500,pakistantoday.com.pk,https://www.pakistantoday.com.pk/2026/04/12/hailey-and-justin-bieber-unveil-rhode-skincare-collaboration-at-coachella,[],5.10440835266821
20260412101500-501,20260412101500,athens-times.com,https://athens-times.com/new-tugboats-built-in-eleusis-set-to-upgrade-greek-port-infrastructure/,"['TAX_FNCACT_DIRECTOR', 'WB_696_PUBLIC_SECTOR_MANAGEMENT', 'WB_840_JUSTICE', 'WB_1014_CRIMINAL_JUSTICE', 'TAX_WORLDMAMMALS_HUMAN', 'LEADER', 'TAX_FNCACT_PRESIDENT', 'USPEC_POLITICS_GENERAL1', 'EPU_POLICY_REGULATORY', 'EPU_POLICY_REGULATORY', 'EPU_POLICY_REGULATORY', 'WB_135_TRANSPORT', 'WB_135_TRANSPORT', 'WB_1803_TRANSPORT_INFRASTRUCTURE', 'WB_1803_TRANSPORT_INFRASTRUCTURE', 'WB_167_PORTS', 'WB_167_PORTS', 'UNGP_FORESTS_RIVERS_OCEANS', 'MARITIME_INCIDENT', 'MARITIME_INCIDENT', 'MARITIME_INCIDENT', 'MARITIME', 'MARITIME', 'MARITIME', 'MANMADE_DISASTER_IMPLIED', 'MANMADE_DISASTER_IMPLIED', 'MANMADE_DISASTER_IMPLIED', 'TAX_ETHNICITY_GREEK', 'TAX_WORLDLANGUAGES_GREEK', 'TAX_DISEASE_EMERGENCIES', 'TAX_WORLDMAMMALS_DRILLS', 'CRISISLEX_O02_RESPONSEAGENCIESATCRISIS', 'CRISISLEX_O02_RESPONSEAGENCIESATCRISIS', 'USPEC_POLICY1', 'USPEC_POLICY1', 'TAX_FNCACT_MANAGING_DIRECTOR']",5.14285714285714
20260412101500-502,20260412101500,aol.co.uk,https://www.aol.co.uk/articles/streeting-blasts-trump-incendiary-provocative-091023862.html,"['USPEC_POLICY1', 'USPEC_POLICY1', 'EPU_POLICY_SPENDING', 'EPU_POLICY_SPENDING', 'LEADER', 'LEADER', 'LEADER', 'LEADER', 'LEADER', 'LEADER', 'LEADER', 'TAX_FNCACT_PRESIDENT', 'TAX_FNCACT_PRESIDENT', 'TAX_FNCACT_PRESIDENT', 'TAX_FNCACT_PRESIDENT', 'TAX_FNCACT_PRESIDENT', 'TAX_FNCACT_PRESIDENT', 'TAX_FNCACT_PRESIDENT', 'USPEC_POLITICS_GENERAL1', 'USPEC_POLITICS_GENERAL1', 'USPEC_POLITICS_GENERAL1', 'USPEC_POLITICS_GENERAL1', 'USPEC_POLITICS_GENERAL1', 'USPEC_POLITICS_GENERAL1', 'USPEC_POLITICS_GENERAL1', 'TAX_FNCACT_CANDIDATE', 'MEDIA_SOCIAL', 'WB_652_ICT_APPLICATIONS', 'WB_662_SOCIAL_MEDIA', 'WB_658_ENTERPRISE_APPLICATIONS', 'KILL', 'KILL', 'CRISISLEX_T03_DEAD', 'CRISISLEX_T03_DEAD', 'GENERAL_GOVERNMENT', 'EPU_POLICY_GOVERNMENT', 'ARMEDCONFLICT', 'ARMEDCONFLICT', 'EPU_CATS_NATIONAL_SECURITY', 'EPU_CATS_NATIONAL_SECURITY', 'EPU_POLICY_REFORM', 'UNGP_FORESTS_RIVERS_OCEANS', 'UNGP_FORESTS_RIVERS_OCEANS', 'CRISISLEX_C07_SAFETY', 'DELAY', 'CRISISLEX_C04_LOGISTICS_TRANSPORT', 'CRISISLEX_T11_UPDATESSYMPATHY', 'TAX_FNCACT_PRIME_MINISTER', 'TAX_FNCACT_PRIME_MINISTER', 'TAX_FNCACT_PRIME_MINISTER', 'WB_678_DIGITAL_GOVERNMENT', 'WB_694_BROADCAST_AND_MEDIA', 'WB_133_INFORMATION_AND_COMMUNICATION_TECHNOLOGIES', 'CRISISLEX_CRISISLEXREC', 'DEMOCRACY', 'TAX_FNCACT_JUDGE', 'TAX_FNCACT_SECRETARY', 'TAX_FNCACT_SECRETARY', 'TAX_FNCACT_SECRETARY', 'TAX_FNCACT_SECRETARY', 'TAX_FNCACT_SECRETARY', 'GENERAL_HEALTH', 'GENERAL_HEALTH', 'GENERAL_HEALTH', 'GENERAL_HEALTH', 'GENERAL_HEALTH', 'GENERAL_HEALTH', 'MEDICAL', 'MEDICAL', 'MEDICAL', 'MEDICAL', 'MEDICAL', 'MEDICAL', 'USPEC_UNCERTAINTY1', 'TAX_FNCACT_LEADER', 'TAX_FNCACT_LEADER', 'TAX_FNCACT_MINISTER', 'TAX_FNCACT_MINISTER', 'TAX_FNCACT_MINISTER', 'TAX_FNCACT_MINISTER', 'TAX_FNCACT_MINISTER', 'SLFID_MILITARY_READINESS']",-2.65017667844523
20260412101500-503,20260412101500,moneycontrol.com,https://www.moneycontrol.com/world/iran-s-parliament-speaker-ghalibaf-says-us-failed-to-build-trust-in-talks-as-negotiations-stall-in-islamabad-article-13886726.html,"['TAX_ETHNICITY_AMERICAN', 'TAX_ETHNICITY_AMERICAN', 'CRISISLEX_C07_SAFETY', 'TAX_FNCACT_REPRESENTATIVES', 'TAX_FNCACT_REPRESENTATIVES', 'CRISISLEX_CRISISLEXREC', 'CRISISLEX_CRISISLEXREC', 'ARMEDCONFLICT', 'WB_2462_POLITICAL_VIOLENCE_AND_WAR', 'WMD', 'MARITIME_INCIDENT', 'MARITIME', 'TAX_FNCACT_MEDIATOR', 'TAX_FNCACT_MEDIATOR', 'LEADER', 'LEADER', 'LEADER', 'TAX_FNCACT_PRESIDENT', 'TAX_FNCACT_PRESIDENT', 'TAX_FNCACT_PRESIDENT', 'USPEC_POLITICS_GENERAL1', 'USPEC_POLITICS_GENERAL1', 'USPEC_POLITICS_GENERAL1', 'TAX_FNCACT_OFFICIALS', 'NEGOTIATIONS', 'NEGOTIATIONS', 'NEGOTIATIONS', 'NEGOTIATIONS', 'NEGOTIATIONS', 'NEGOTIATIONS', 'NEGOTIATIONS', 'WB_696_PUBLIC_SECTOR_MANAGEMENT', 'WB_696_PUBLIC_SECTOR_MANAGEMENT', 'WB_696_PUBLIC_SECTOR_MANAGEMENT', 'WB_696_PUBLIC_SECTOR_MANAGEMENT', 'WB_696_PUBLIC_SECTOR_MANAGEMENT', 'WB_696_PUBLIC_SECTOR_MANAGEMENT', 'WB_696_PUBLIC_SECTOR_MANAGEMENT', 'WB_840_JUSTICE', 'WB_840_JUSTICE', 'WB_840_JUSTICE', 'WB_840_JUSTICE', 'WB_840_JUSTICE', 'WB_840_JUSTICE', 'WB_840_JUSTICE', 'WB_2473_DIPLOMACY_AND_NEGOTIATIONS', 'WB_2473_DIPLOMACY_AND_NEGOTIATIONS', 'WB_2473_DIPLOMACY_AND_NEGOTIATIONS', 'WB_2473_DIPLOMACY_AND_NEGOTIATIONS', 'WB_2473_DIPLOMACY_AND_NEGOTIATIONS', 'WB_2473_DIPLOMACY_AND_NEGOTIATIONS', 'WB_2473_DIPLOMACY_AND_NEGOTIATIONS', 'WB_939_NEGOTIATION', 'WB_939_NEGOTIATION', 'WB_939_NEGOTIATION', 'WB_939_NEGOTIATION', 'WB_939_NEGOTIATION', 'WB_939_NEGOTIATION', 'WB_939_NEGOTIATION', 'WB_2470_PEACE_OPERATIONS_AND_CONFLICT_MANAGEMENT', 'WB_2470_PEACE_OPERATIONS_AND_CONFLICT_MANAGEMENT', 'WB_2470_PEACE_OPERATIONS_AND_CONFLICT_MANAGEMENT', 'WB_2470_PEACE_OPERATIONS_AND_CONFLICT_MANAGEMENT', 'WB_2470_PEACE_OPERATIONS_AND_CONFLICT_MANAGEMENT', 'WB_2470_PEACE_OPERATIONS_AND_CONFLICT_MANAGEMENT', 'WB_2470_PEACE_OPERATIONS_AND_CONFLICT_MANAGEMENT', 'WB_936_ALTERNATIVE_DISPUTE_RESOLUTION', 'WB_936_ALTERNATIVE_DISPUTE_RESOLUTION', 'WB_936_ALTERNATIVE_DISPUTE_RESOLUTION', 'WB_936_ALTERNATIVE_DISPUTE_RESOLUTION', 'WB_936_ALTERNATIVE_DISPUTE_RESOLUTION', 'WB_936_ALTERNATIVE_DISPUTE_RESOLUTION', 'WB_936_ALTERNATIVE_DISPUTE_RESOLUTION', 'WB_2432_FRAGILITY_CONFLICT_AND_VIOLENCE', 'WB_2432_FRAGILITY_CONFLICT_AND_VIOLENCE', 'WB_2432_FRAGILITY_CONFLICT_AND_VIOLENCE', 'WB_2432_FRAGILITY_CONFLICT_AND_VIOLENCE', 'WB_2432_FRAGILITY_CONFLICT_AND_VIOLENCE', 'WB_2432_FRAGILITY_CONFLICT_AND_VIOLENCE', 'WB_2432_FRAGILITY_CONFLICT_AND_VIOLENCE', 'WB_843_DISPUTE_RESOLUTION', 'WB_843_DISPUTE_RESOLUTION', 'WB_843_DISPUTE_RESOLUTION', 'WB_843_DISPUTE_RESOLUTION', 'WB_843_DISPUTE_RESOLUTION', 'WB_843_DISPUTE_RESOLUTION', 'WB_843_DISPUTE_RESOLUTION', 'WB_2471_PEACEKEEPING', 'WB_2471_PEACEKEEPING', 'WB_2471_PEACEKEEPING', 'WB_2471_PEACEKEEPING', 'WB_2471_PEACEKEEPING', 'WB_2471_PEACEKEEPING', 'WB_2471_PEACEKEEPING', 'TAX_FNCACT_VICE_PRESIDENT', 'TAX_FNCACT_SPEAKER', 'MANMADE_DISASTER_IMPLIED', 'CEASEFIRE', 'CEASEFIRE', 'IDEOLOGY', 'USPEC_UNCERTAINTY1', 'GENERAL_GOVERNMENT', 'GENERAL_GOVERNMENT', 'WB_2433_CONFLICT_AND_VIOLENCE', 'WB_2433_CONFLICT_AND_VIOLENCE', 'WB_2433_CONFLICT_AND_VIOLENCE', 'TAX_FNCACT_LEADER', 'TAX_ETHNICITY_IRANIAN', 'TAX_ETHNICITY_IRANIAN', 'TAX_ETHNICITY_IRANIAN', 'TAX_ETHNICITY_IRANIAN', 'TAX_ETHNICITY_IRANIAN', 'TAX_ETHNICITY_IRANIAN', 'TAX_ETHNICITY_IRANIAN', 'TAX_ETHNICITY_IRANIAN', 'TAX_ETHNICITY_IRANIAN', 'TAX_ETHNICITY_IRANIAN', 'TAX_ETHNICITY_IRANIAN', 'AFFECT', 'WB_678_DIGITAL_GOVERNMENT', 'WB_694_BROADCAST_AND_MEDIA', 'WB_133_INFORMATION_AND_COMMUNICATION_TECHNOLOGIES', 'PROTEST', 'TAX_FNCACT_CHILDREN', 'EPU_POLICY_POLITICAL', 'TAX_ETHNICITY_PERSIAN', 'TAX_WORLDLANGUAGES_PERSIAN']",1.48760330578512
20260412101500-504,20260412101500,jpost.com,https://www.jpost.com/israel-news/politics-and-diplomacy/article-892679,"['GENERAL_GOVERNMENT', 'GENERAL_GOVERNMENT', 'EPU_POLICY_GOVERNMENT', 'EPU_POLICY_GOVERNMENT', 'ELECTION', 'ELECTION', 'USPEC_POLITICS_GENERAL1', 'USPEC_POLITICS_GENERAL1', 'USPEC_POLITICS_GENERAL1', 'USPEC_POLITICS_GENERAL1', 'USPEC_POLITICS_GENERAL1', 'USPEC_POLITICS_GENERAL1', 'USPEC_POLITICS_GENERAL1', 'TAX_FNCACT_MANAGERS', 'TAX_FNCACT_MINISTER', 'TAX_FNCACT_MINISTER', 'EPU_POLICY_POLITICAL', 'EDUCATION', 'USPEC_POLICY1', 'USPEC_POLICY1', 'EPU_ECONOMY', 'EPU_ECONOMY', 'EPU_ECONOMY_HISTORIC', 'EPU_ECONOMY_HISTORIC', 'LEADER', 'LEADER', 'TAX_FNCACT_PRIME_MINISTER', 'TAX_FNCACT_PRIME_MINISTER', 'TAX_FNCACT_SERVANTS', 'TAX_FNCACT_PUBLIC_SERVANTS', 'WB_135_TRANSPORT', 'WB_135_TRANSPORT', 'TAX_POLITICAL_PARTY_LIKUD', 'TAX_POLITICAL_PARTY_LIKUD', 'TAX_FNCACT_CANDIDATES']",1.85185185185185
20260412101500-505,20260412101500,thewestmorlandgazette.co.uk,https://www.thewestmorlandgazette.co.uk/news/26014126.man-attacked-dangerously-control-dog-cumbria/,"['TAX_DISEASE_WOUNDS', 'CRISISLEX_CRISISLEXREC', 'TAX_FNCACT_MAN', 'TAX_FNCACT_MAN', 'SECURITY_SERVICES', 'SECURITY_SERVICES', 'SECURITY_SERVICES', 'SECURITY_SERVICES', 'TAX_FNCACT_POLICE', 'TAX_FNCACT_POLICE', 'TAX_FNCACT_POLICE', 'TAX_FNCACT_POLICE', 'CRISISLEX_C07_SAFETY', 'CRISISLEX_C07_SAFETY', 'CRISISLEX_C07_SAFETY', 'CRISISLEX_C07_SAFETY', 'TAX_WORLDMAMMALS_DOG', 'TAX_WORLDMAMMALS_DOG', 'TAX_WORLDMAMMALS_DOG', 'TAX_ETHNICITY_BLACK', 'TAX_ETHNICITY_BLACK']",-0.757575757575758
20260412101500-506,20260412101500,livelaw.in,https://www.livelaw.in/top-stories/supreme-court-jane-kaushik-relief-transgender-persons-separate-vacancies-teaching-positions-in-schools-530009,"['USPEC_POLICY1', 'USPEC_POLICY1', 'USPEC_POLICY1', 'EPU_POLICY_POLICY', 'EPU_POLICY_POLICY', 'EPU_POLICY_POLICY', 'GENERAL_GOVERNMENT', 'GENERAL_GOVERNMENT', 'EPU_POLICY_GOVERNMENT', 'EPU_POLICY_GOVERNMENT', 'TAX_FNCACT_AUTHORITIES', 'CRISISLEX_CRISISLEXREC', 'EPU_POLICY_AUTHORITIES', 'SOC_POINTSOFINTEREST_SCHOOLS', 'SOC_POINTSOFINTEREST_SCHOOLS', 'SOC_POINTSOFINTEREST_SCHOOLS', 'SOC_POINTSOFINTEREST_SCHOOLS', 'WB_615_GENDER', 'WB_615_GENDER', 'WB_615_GENDER', 'WB_696_PUBLIC_SECTOR_MANAGEMENT', 'WB_696_PUBLIC_SECTOR_MANAGEMENT', 'WB_696_PUBLIC_SECTOR_MANAGEMENT', 'WB_696_PUBLIC_SECTOR_MANAGEMENT', 'WB_840_JUSTICE', 'WB_840_JUSTICE', 'WB_840_JUSTICE', 'WB_840_JUSTICE', 'WB_700_INEQUALITY_AND_SHARED_PROSPERITY', 'WB_700_INEQUALITY_AND_SHARED_PROSPERITY', 'WB_1167_EQUALITY_OF_OPPORTUNITIES', 'WB_1167_EQUALITY_OF_OPPORTUNITIES', 'WB_695_POVERTY', 'WB_695_POVERTY', 'LGBT', 'LGBT', 'LGBT', 'LGBT', 'LGBT', 'LGBT', 'LGBT', 'LGBT', 'LGBT', 'WB_470_EDUCATION', 'WB_470_EDUCATION', 'TAX_FNCACT_TEACHER', 'TAX_FNCACT_TEACHER', 'WB_498_EDUCATION_FINANCE', 'WB_1540_ECONOMICS_OF_EDUCATION', 'WB_1490_PRIVATE_EDUCATION', 'WB_2745_JOB_QUALITY_AND_LABOR_MARKET_PERFORMANCE', 'WB_2745_JOB_QUALITY_AND_LABOR_MARKET_PERFORMANCE', 'WB_2670_JOBS', 'WB_2670_JOBS', 'WB_2689_JOBS_DIAGNOSTICS', 'WB_2689_JOBS_DIAGNOSTICS', 'WB_2748_EMPLOYMENT', 'WB_2748_EMPLOYMENT', 'TAX_FNCACT_JUDGE', 'RECRUITMENT', 'DISCRIMINATION', 'UNGP_FREEDOM_FROM_DISCRIMINATION', 'WB_2048_COMPENSATION_CAREERS_AND_INCENTIVES', 'WB_723_PUBLIC_ADMINISTRATION', 'WB_724_HUMAN_RESOURCES_FOR_PUBLIC_SECTOR', 'USPEC_POLITICS_GENERAL1', 'USPEC_POLITICS_GENERAL1', 'USPEC_POLITICS_GENERAL1', 'USPEC_POLITICS_GENERAL1', 'USPEC_POLITICS_GENERAL1', 'EDUCATION', 'EDUCATION', 'EDUCATION']",1.18343195266272
20260412101500-507,20260412101500,dailypioneer.com,https://dailypioneer.com/news/preparations-for-tripura-tribal-council-polls-complete-official,"['EPU_CATS_REGULATION', 'EPU_CATS_FINANCIAL_REGULATION', 'TAX_WORLDLANGUAGES_TRIPURA', 'TAX_WORLDLANGUAGES_TRIPURA', 'TAX_WORLDLANGUAGES_TRIPURA', 'TAX_FNCACT_CANDIDATES', 'TAX_FNCACT_SECRETARY', 'EPU_POLICY_POLITICAL', 'TAX_FNCACT_OFFICIAL', 'MEDIA_MSM', 'TAX_FNCACT_AUTHORITIES', 'CRISISLEX_CRISISLEXREC', 'EPU_POLICY_AUTHORITIES', 'CRISISLEX_C07_SAFETY', 'USPEC_POLITICS_GENERAL1', 'SECURITY_SERVICES', 'TAX_FNCACT_POLICE', 'ELECTION', 'ELECTION']",0.561797752808989
20260412101500-508,20260412101500,wiltshiretimes.co.uk,https://www.wiltshiretimes.co.uk/news/national/26014009.dublin-fuel-protesters-ambushed-late-night-garda-operation-spokesman-says/,"['TAX_MILITARY_TITLE_OFFICERS', 'TAX_FNCACT_OFFICERS', 'WB_678_DIGITAL_GOVERNMENT', 'WB_694_BROADCAST_AND_MEDIA', 'WB_133_INFORMATION_AND_COMMUNICATION_TECHNOLOGIES', 'BLOCKADE', 'BLOCKADE', 'BLOCKADE', 'BLOCKADE', 'BLOCKADE', 'SEIGE', 'SEIGE', 'SEIGE', 'SEIGE', 'SEIGE', 'ALLIANCE', 'ALLIANCE', 'WB_135_TRANSPORT', 'WB_135_TRANSPORT', 'PROTEST', 'PROTEST', 'PROTEST', 'PROTEST', 'PROTEST', 'PROTEST', 'PROTEST', 'TAX_FNCACT_STREET_CLEANERS', 'AFFECT', 'ARMEDCONFLICT', 'SOC_RANSOM', 'ENV_OIL', 'ENV_OIL', 'ENV_OIL', 'LEADER', 'TAX_FNCACT_PRESIDENT', 'USPEC_POLITICS_GENERAL1', 'TAX_FNCACT_SPOKESMAN', 'MEDICAL', 'SOC_POINTSOFINTEREST_HOSPITALS', 'AGRICULTURE', 'SECURITY_SERVICES', 'SECURITY_SERVICES', 'SECURITY_SERVICES', 'TAX_FNCACT_POLICE', 'TAX_FNCACT_POLICE', 'TAX_FNCACT_POLICE', 'CRISISLEX_C07_SAFETY', 'CRISISLEX_C07_SAFETY', 'CRISISLEX_C07_SAFETY', 'TAX_ETHNICITY_IRISH', 'TAX_ETHNICITY_IRISH', 'TAX_ETHNICITY_IRISH', 'TAX_WORLDLANGUAGES_IRISH', 'TAX_WORLDLANGUAGES_IRISH', 'TAX_WORLDLANGUAGES_IRISH', 'SHORTAGE', 'KILL', 'TAX_FNCACT_SUPPORTERS', 'ARREST', 'DISASTER_FIRE', 'CRISISLEX_T01_CAUTION_ADVICE', 'TAX_FNCACT_REPRESENTATIVE', 'TAX_FNCACT_EXECUTIVE', 'LEGISLATION', 'EPU_POLICY_LAW', 'GENERAL_HEALTH', 'WB_635_PUBLIC_HEALTH', 'WB_2165_HEALTH_EMERGENCIES', 'WB_621_HEALTH_NUTRITION_AND_POPULATION', 'WB_1324_EMERGENCY_MEDICAL_SERVICES', 'CRISISLEX_O01_WEATHER', 'TAX_FNCACT_WORKERS', 'MILITARY', 'TAX_FNCACT_CHIEF', 'EDUCATION', 'SOC_POINTSOFINTEREST_SCHOOLS', 'TAX_FNCACT_CHIEF_EXECUTIVE', 'TAX_FNCACT_COMMISSIONER', 'TAX_FNCACT_COMMISSIONER', 'RURAL', 'MANMADE_DISASTER_IMPLIED', 'MANMADE_DISASTER_IMPLIED', 'MANMADE_DISASTER_IMPLIED', 'WB_539_OIL_AND_GAS_POLICY_STRATEGY_AND_INSTITUTIONS', 'WB_539_OIL_AND_GAS_POLICY_STRATEGY_AND_INSTITUTIONS', 'WB_539_OIL_AND_GAS_POLICY_STRATEGY_AND_INSTITUTIONS', 'WB_507_ENERGY_AND_EXTRACTIVES', 'WB_507_ENERGY_AND_EXTRACTIVES', 'WB_507_ENERGY_AND_EXTRACTIVES', 'WB_548_PPP_IN_OIL_AND_GAS', 'WB_548_PPP_IN_OIL_AND_GAS', 'WB_548_PPP_IN_OIL_AND_GAS', 'WB_2298_REFINERIES', 'WB_2298_REFINERIES', 'WB_2298_REFINERIES', 'EPU_ECONOMY_HISTORIC', 'TAX_FNCACT_SPOKESWOMAN', 'MEDIA_SOCIAL', 'WB_652_ICT_APPLICATIONS', 'WB_662_SOCIAL_MEDIA', 'WB_658_ENTERPRISE_APPLICATIONS', 'UNGP_CRIME_VIOLENCE', 'GENERAL_GOVERNMENT', 'GENERAL_GOVERNMENT', 'GENERAL_GOVERNMENT', 'GENERAL_GOVERNMENT', 'GENERAL_GOVERNMENT', 'GENERAL_GOVERNMENT', 'EPU_POLICY_GOVERNMENT', 'EPU_POLICY_GOVERNMENT', 'EPU_POLICY_GOVERNMENT', 'EPU_POLICY_GOVERNMENT', 'EPU_POLICY_GOVERNMENT', 'EPU_POLICY_GOVERNMENT', 'TAX_ECON_PRICE', 'TAX_ECON_PRICE', 'TAX_ECON_PRICE', 'CRISISLEX_O02_RESPONSEAGENCIESATCRISIS', 'CRISISLEX_CRISISLEXREC', 'CRISISLEX_CRISISLEXREC', 'TAX_FNCACT_MINISTERS', 'TAX_FNCACT_SPOKESMEN', 'UNGP_FORESTS_RIVERS_OCEANS', 'UNGP_FORESTS_RIVERS_OCEANS', 'UNGP_FORESTS_RIVERS_OCEANS']",-5.88235294117647
20260412101500-509,20260412101500,herefordtimes.com,https://www.herefordtimes.com/news/26013976.herefordshire-b-road-will-closed-two-weeks/,"['WB_168_ROADS_AND_HIGHWAYS', 'WB_135_TRANSPORT', 'WB_1809_HIGHWAYS', 'WB_1803_TRANSPORT_INFRASTRUCTURE', 'AGRICULTURE', 'CRISISLEX_T11_UPDATESSYMPATHY', 'CLOSURE']",-1.31578947368421
20260412101500-510,20260412101500,aceshowbiz.com,https://www.aceshowbiz.com/news/view/00253444.html,"['PROTEST', 'STRIKE', 'AFFECT', 'TAX_FNCACT_OFFICIAL', 'TAX_FNCACT_ARTIST', 'WB_2670_JOBS', 'WB_696_PUBLIC_SECTOR_MANAGEMENT', 'WB_2048_COMPENSATION_CAREERS_AND_INCENTIVES', 'WB_723_PUBLIC_ADMINISTRATION', 'WB_724_HUMAN_RESOURCES_FOR_PUBLIC_SECTOR', 'MEDIA_MSM', 'EDUCATION', 'MANMADE_DISASTER_IMPLIED', 'SOC_POINTSOFINTEREST_SCHOOL', 'SOC_POINTSOFINTEREST_HIGH_SCHOOL']",3.55329949238579
20260412101500-511,20260412101500,kashmirreader.com,https://kashmirreader.com/2026/04/12/prolonged-delay-in-jk-statehood-restoration-unacceptable-congress/,"['MOVEMENT_GENERAL', 'GRIEVANCES', 'LEADER', 'TAX_FNCACT_PRESIDENTS', 'TAX_FNCACT_COORDINATORS', 'TAX_ETHNICITY_INDIGENOUS', 'TAX_ETHNICITY_INDIGENOUS', 'ETH_INDIGINOUS', 'ETH_INDIGINOUS', 'GENERAL_GOVERNMENT', 'GENERAL_GOVERNMENT', 'GENERAL_GOVERNMENT', 'GENERAL_GOVERNMENT', 'GENERAL_GOVERNMENT', 'GENERAL_GOVERNMENT', 'USPEC_POLITICS_GENERAL1', 'USPEC_POLITICS_GENERAL1', 'USPEC_POLITICS_GENERAL1', 'USPEC_POLITICS_GENERAL1', 'USPEC_POLITICS_GENERAL1', 'USPEC_POLITICS_GENERAL1', 'EPU_POLICY_CONGRESS', 'EPU_POLICY_CONGRESS', 'EPU_POLICY_CONGRESS', 'EPU_POLICY_CONGRESS', 'EPU_POLICY_CONGRESS', 'EPU_POLICY_CONGRESS', 'TAX_FNCACT_PRESIDENT', 'TAX_FNCACT_LEADERS', 'DELAY', 'DELAY', 'USPEC_UNCERTAINTY1', 'USPEC_UNCERTAINTY1', 'UNGP_FORESTS_RIVERS_OCEANS', 'EPU_POLICY_POLITICAL']",2.04918032786885
20260412101500-512,20260412101500,borgenproject.org,https://borgenproject.org/surf-therapy/,"['GENERAL_HEALTH', 'GENERAL_HEALTH', 'GENERAL_HEALTH', 'GENERAL_HEALTH', 'GENERAL_HEALTH', 'GENERAL_HEALTH', 'GENERAL_HEALTH', 'EDUCATION']",-0.992063492063493
20260412101500-513,20260412101500,moneycontrol.com,https://www.moneycontrol.com/entertainment/asha-bhosle-net-worth-from-luxury-properties-to-global-restaurant-chains-a-look-at-legendary-singer-s-wealth-article-13886725.html,"['MANMADE_DISASTER_IMPLIED', 'MANMADE_DISASTER_IMPLIED', 'EPU_ECONOMY_HISTORIC', 'EPU_ECONOMY_HISTORIC', 'ECON_HOUSING_PRICES', 'ECON_HOUSING_PRICES', 'TAX_FNCACT_MUSICIAN', 'TAX_ETHNICITY_BURMAN', 'TAX_ETHNICITY_ARAB', 'TAX_FNCACT_SINGER', 'TAX_FNCACT_SINGER', 'TAX_FNCACT_SINGER', 'TAX_ETHNICITY_INDIAN', 'TAX_ETHNICITY_INDIAN', 'TAX_ETHNICITY_INDIAN', 'TAX_FNCACT_SINGERS', 'TAX_FNCACT_SINGERS', 'TAX_FNCACT_SINGERS', 'GENERAL_HEALTH', 'MEDICAL', 'SOC_POINTSOFINTEREST_HOSPITAL', 'CRISISLEX_C03_WELLBEING_HEALTH', 'TAX_WORLDLANGUAGES_HINDI', 'WB_2670_JOBS', 'WB_2670_JOBS', 'WB_2670_JOBS', 'WB_696_PUBLIC_SECTOR_MANAGEMENT', 'WB_696_PUBLIC_SECTOR_MANAGEMENT', 'WB_696_PUBLIC_SECTOR_MANAGEMENT', 'WB_2048_COMPENSATION_CAREERS_AND_INCENTIVES', 'WB_2048_COMPENSATION_CAREERS_AND_INCENTIVES', 'WB_2048_COMPENSATION_CAREERS_AND_INCENTIVES', 'WB_723_PUBLIC_ADMINISTRATION', 'WB_723_PUBLIC_ADMINISTRATION', 'WB_723_PUBLIC_ADMINISTRATION', 'WB_724_HUMAN_RESOURCES_FOR_PUBLIC_SECTOR', 'WB_724_HUMAN_RESOURCES_FOR_PUBLIC_SECTOR', 'WB_724_HUMAN_RESOURCES_FOR_PUBLIC_SECTOR', 'MEDIA_MSM', 'TAX_FNCACT_ARTISTS', 'CRISISLEX_CRISISLEXREC']",2.78637770897833
20260412101500-514,20260412101500,newjerseytelegraph.com,http://www.newjerseytelegraph.com/news/278978000/pope-leo-again-calls-for-an-end-to-u-s-israel-war-in-iran,"['CEASEFIRE', 'EPU_POLICY_POLITICAL', 'TAX_FNCACT_LEADERS', 'TAX_FNCACT_LEADERS', 'TAX_FNCACT_LEADERS', 'TAX_FNCACT_LEADERS', 'TAX_FNCACT_PRIESTS', 'TAX_FNCACT_OFFICIALS', 'CRISISLEX_CRISISLEXREC', 'AFFECT', 'TAX_FNCACT_POPE', 'TAX_FNCACT_POPE', 'TAX_FNCACT_POPE', 'TAX_ETHNICITY_IRANIAN', 'LEADER', 'TAX_FNCACT_POLITICAL_LEADERS', 'TAX_FNCACT_DIPLOMAT', 'ARMEDCONFLICT', 'ARMEDCONFLICT', 'ARMEDCONFLICT', 'ARMEDCONFLICT', 'ARMEDCONFLICT', 'ARMEDCONFLICT', 'ARMEDCONFLICT', 'ARMEDCONFLICT', 'EPU_CATS_NATIONAL_SECURITY', 'EPU_CATS_NATIONAL_SECURITY', 'EPU_CATS_NATIONAL_SECURITY', 'EPU_CATS_NATIONAL_SECURITY', 'EPU_CATS_NATIONAL_SECURITY', 'EPU_CATS_NATIONAL_SECURITY', 'EPU_CATS_NATIONAL_SECURITY', 'EPU_CATS_NATIONAL_SECURITY', 'UNREST_BELLIGERENT', 'WB_2433_CONFLICT_AND_VIOLENCE', 'WB_2433_CONFLICT_AND_VIOLENCE', 'WB_2432_FRAGILITY_CONFLICT_AND_VIOLENCE', 'WB_2432_FRAGILITY_CONFLICT_AND_VIOLENCE', 'UNGP_CRIME_VIOLENCE', 'UNGP_CRIME_VIOLENCE', 'TAX_TERROR_GROUP_HEZBOLLAH', 'TAX_POLITICAL_PARTY_HEZBOLLAH', 'TAX_RELIGION_CHRISTIAN', 'TAX_RELIGION_CHRISTIAN', 'TAX_ETHNICITY_CHRISTIAN', 'TAX_ETHNICITY_CHRISTIAN', 'RELIGION', 'RELIGION', 'CRISISLEX_T11_UPDATESSYMPATHY', 'CRISISLEX_T11_UPDATESSYMPATHY', 'CRISISLEX_T11_UPDATESSYMPATHY']",-3.98936170212766
20260412101500-515,20260412101500,news.az,https://news.az/news/ansarullah-official-zionist-lobby-sabotaged-us-iran-peace-talks,"['NEGOTIATIONS', 'NEGOTIATIONS', 'NEGOTIATIONS', 'WB_696_PUBLIC_SECTOR_MANAGEMENT', 'WB_696_PUBLIC_SECTOR_MANAGEMENT', 'WB_696_PUBLIC_SECTOR_MANAGEMENT', 'WB_840_JUSTICE', 'WB_840_JUSTICE', 'WB_840_JUSTICE', 'WB_2473_DIPLOMACY_AND_NEGOTIATIONS', 'WB_2473_DIPLOMACY_AND_NEGOTIATIONS', 'WB_2473_DIPLOMACY_AND_NEGOTIATIONS', 'WB_939_NEGOTIATION', 'WB_939_NEGOTIATION', 'WB_939_NEGOTIATION', 'WB_2470_PEACE_OPERATIONS_AND_CONFLICT_MANAGEMENT', 'WB_2470_PEACE_OPERATIONS_AND_CONFLICT_MANAGEMENT', 'WB_2470_PEACE_OPERATIONS_AND_CONFLICT_MANAGEMENT', 'WB_936_ALTERNATIVE_DISPUTE_RESOLUTION', 'WB_936_ALTERNATIVE_DISPUTE_RESOLUTION', 'WB_936_ALTERNATIVE_DISPUTE_RESOLUTION', 'WB_2432_FRAGILITY_CONFLICT_AND_VIOLENCE', 'WB_2432_FRAGILITY_CONFLICT_AND_VIOLENCE', 'WB_2432_FRAGILITY_CONFLICT_AND_VIOLENCE', 'WB_843_DISPUTE_RESOLUTION', 'WB_843_DISPUTE_RESOLUTION', 'WB_843_DISPUTE_RESOLUTION', 'WB_2471_PEACEKEEPING', 'WB_2471_PEACEKEEPING', 'WB_2471_PEACEKEEPING', 'ARMEDCONFLICT', 'EPU_CATS_NATIONAL_SECURITY', 'CRISISLEX_C03_WELLBEING_HEALTH', 'CRISISLEX_T02_INJURED', 'GENERAL_GOVERNMENT', 'GENERAL_GOVERNMENT', 'TAX_ETHNICITY_EUROPEANS', 'EPU_POLICY_POLITICAL', 'EPU_POLICY_POLITICAL', 'TAX_ETHNICITY_AMERICANS', 'MOVEMENT_GENERAL', 'ECON_INFLATION', 'WB_1104_MACROECONOMIC_VULNERABILITY_AND_DEBT', 'WB_442_INFLATION', 'CRISISLEX_CRISISLEXREC', 'CRISISLEX_CRISISLEXREC', 'TAX_ETHNICITY_ARAB']",-4.58715596330275
20260412101500-516,20260412101500,camdencourier.com.au,https://www.camdencourier.com.au/story/9216082/cheddar-village-uncover-the-real-home-of-global-cheese/,"['UNGP_FORESTS_RIVERS_OCEANS', 'TAX_FNCACT_WORKERS', 'TAX_FNCACT_BABY', 'TAX_ETHNICITY_TURKISH', 'TAX_WORLDLANGUAGES_TURKISH', 'SCIENCE', 'PUBLIC_TRANSPORT', 'WB_1331_HEALTH_TECHNOLOGIES', 'WB_1358_GENERIC_DRUGS', 'WB_1350_PHARMACEUTICALS', 'WB_135_TRANSPORT', 'WB_135_TRANSPORT', 'TAX_ETHNICITY_ENGLISH', 'TAX_WORLDLANGUAGES_ENGLISH', 'TOURISM', 'TOURISM', 'TAX_FNCACT_TOURISTS', 'TAX_FNCACT_TOURISTS', 'TAX_FNCACT_VICTIM', 'TAX_FNCACT_CHILDREN', 'SOC_POINTSOFINTEREST_AIRPORT', 'WB_1803_TRANSPORT_INFRASTRUCTURE', 'WB_1804_AIRPORTS', 'AGRICULTURE', 'TAX_FNCACT_FARMERS', 'ARMEDCONFLICT', 'TAX_FNCACT_MAN', 'TAX_FNCACT_MAN', 'TAX_FNCACT_FARMER', 'TAX_ECON_PRICE', 'TAX_ECON_PRICE', 'TAX_FOODSTAPLES_MILK', 'TAX_FOODSTAPLES_MILK', 'TAX_FOODSTAPLES_MILK', 'TAX_FNCACT_TOURIST', 'TAX_WORLDMAMMALS_HUMAN', 'EPU_ECONOMY_HISTORIC', 'NATURAL_DISASTER_BLIZZARD', 'WB_621_HEALTH_NUTRITION_AND_POPULATION', 'WB_1448_DEMOGRAPHIC_CHANGE', 'WB_643_AGING_POPULATION', 'TAX_FNCACT_ASSISTANT']",0.8
20260412101500-517,20260412101500,kezi.com,https://www.kezi.com/news/local/sweet-home-police-host-annual-march-to-prevent-child-abuse/article_e1177ab0-c6ae-4384-97ab-0a2ff4bb1ae9.html,"['TAX_MILITARY_TITLE_OFFICER', 'TAX_FNCACT_OFFICER', 'WB_2024_ANTI_CORRUPTION_AUTHORITIES', 'WB_696_PUBLIC_SECTOR_MANAGEMENT', 'WB_831_GOVERNANCE', 'WB_832_ANTI_CORRUPTION', 'WB_2026_PREVENTION', 'MOVEMENT_GENERAL', 'SECURITY_SERVICES', 'SECURITY_SERVICES', 'SECURITY_SERVICES', 'SECURITY_SERVICES', 'TAX_FNCACT_POLICE', 'TAX_FNCACT_POLICE', 'TAX_FNCACT_POLICE', 'TAX_FNCACT_POLICE', 'CRISISLEX_C07_SAFETY', 'CRISISLEX_C07_SAFETY', 'CRISISLEX_C07_SAFETY', 'CRISISLEX_C07_SAFETY', 'TAX_FNCACT_INCUMBENT', 'TAX_FNCACT_ORGANIZERS', 'TAX_FNCACT_CHILD', 'TAX_FNCACT_CHILD', 'TAX_FNCACT_CHILD', 'TAX_FNCACT_CHILD', 'TAX_FNCACT_CHILD', 'TAX_FNCACT_CHILD', 'TAX_FNCACT_CHILD', 'APPOINTMENT', 'UNGP_FORESTS_RIVERS_OCEANS', 'TAX_FNCACT_MANAGER', 'TAX_FNCACT_CHILDREN', 'TAX_FNCACT_CHILDREN', 'TAX_FNCACT_CHILDREN']",0.571428571428571
20260412101500-518,20260412101500,rediff.com,https://www.rediff.com/news/report/vance-leaves-pakistan-after-mission-fails/20260412.htm,"['TAX_FNCACT_GUARD', 'TAX_FNCACT_GUARD', 'WB_2478_PEACE_PROCESSES_AND_DIALOGUE', 'WB_2478_PEACE_PROCESSES_AND_DIALOGUE', 'WB_2478_PEACE_PROCESSES_AND_DIALOGUE', 'WB_2478_PEACE_PROCESSES_AND_DIALOGUE', 'WB_2478_PEACE_PROCESSES_AND_DIALOGUE', 'WB_2478_PEACE_PROCESSES_AND_DIALOGUE', 'WB_2478_PEACE_PROCESSES_AND_DIALOGUE', 'WB_2478_PEACE_PROCESSES_AND_DIALOGUE', 'TAX_FNCACT_SOLDIERS', 'TAX_FNCACT_MINISTER', 'TAX_FNCACT_MINISTER', 'MILITARY', 'WB_2433_CONFLICT_AND_VIOLENCE', 'WB_2432_FRAGILITY_CONFLICT_AND_VIOLENCE', 'PUBLIC_TRANSPORT', 'TAX_FNCACT_PRIME_MINISTER', 'TAX_FNCACT_OFFICERS', 'TAX_FNCACT_OFFICERS', 'PROTEST', 'TAX_FNCACT_MARSHAL', 'ACT_FORCEPOSTURE', 'TAX_ETHNICITY_IRANIAN', 'ARMEDCONFLICT', 'EPU_CATS_NATIONAL_SECURITY', 'TAX_FNCACT_MILITARY_PERSONNEL', 'TAX_FNCACT_MAN', 'TAX_FNCACT_MAN', 'SECURITY_SERVICES', 'SECURITY_SERVICES', 'SECURITY_SERVICES', 'SECURITY_SERVICES', 'TAX_FNCACT_POLICE', 'TAX_FNCACT_POLICE', 'TAX_FNCACT_POLICE', 'TAX_FNCACT_POLICE', 'MARITIME_INCIDENT', 'MARITIME', 'WMD', 'TAX_FNCACT_DEPUTY', 'TAX_FNCACT_OFFICER', 'TAX_FNCACT_FIELD_MARSHAL', 'CRISISLEX_C07_SAFETY', 'CRISISLEX_C07_SAFETY', 'CRISISLEX_C07_SAFETY', 'CRISISLEX_C07_SAFETY', 'CRISISLEX_C07_SAFETY', 'CEASEFIRE', 'MEDIA_MSM', 'TAX_FNCACT_VICE_PRESIDENT', 'TAX_FNCACT_VICE_PRESIDENT', 'TAX_FNCACT_VICE_PRESIDENT', 'NEGOTIATIONS', 'NEGOTIATIONS', 'WB_696_PUBLIC_SECTOR_MANAGEMENT', 'WB_696_PUBLIC_SECTOR_MANAGEMENT', 'WB_840_JUSTICE', 'WB_840_JUSTICE', 'WB_2473_DIPLOMACY_AND_NEGOTIATIONS', 'WB_2473_DIPLOMACY_AND_NEGOTIATIONS', 'WB_939_NEGOTIATION', 'WB_939_NEGOTIATION', 'WB_2470_PEACE_OPERATIONS_AND_CONFLICT_MANAGEMENT', 'WB_2470_PEACE_OPERATIONS_AND_CONFLICT_MANAGEMENT', 'WB_936_ALTERNATIVE_DISPUTE_RESOLUTION', 'WB_936_ALTERNATIVE_DISPUTE_RESOLUTION', 'WB_843_DISPUTE_RESOLUTION', 'WB_843_DISPUTE_RESOLUTION', 'WB_2471_PEACEKEEPING', 'WB_2471_PEACEKEEPING', 'LEADER', 'LEADER', 'LEADER', 'LEADER', 'TAX_FNCACT_PRESIDENT', 'TAX_FNCACT_PRESIDENT', 'TAX_FNCACT_PRESIDENT', 'TAX_FNCACT_PRESIDENT', 'USPEC_POLITICS_GENERAL1', 'USPEC_POLITICS_GENERAL1', 'USPEC_POLITICS_GENERAL1', 'USPEC_POLITICS_GENERAL1', 'TAX_FNCACT_OFFICIALS', 'TAX_FNCACT_POLICE_OFFICER', 'CRISISLEX_CRISISLEXREC', 'SEIGE', 'SEIGE', 'CHECKPOINT', 'CHECKPOINT', 'UNREST_CHECKPOINT', 'UNREST_CHECKPOINT', 'SANCTIONS', 'SANCTIONS', 'SANCTIONS', 'TAX_FNCACT_FOREIGN_MINISTER', 'MANMADE_DISASTER_IMPLIED']",-1.89655172413793
20260412101500-519,20260412101500,dailypioneer.com,https://dailypioneer.com/news/goyal-holds-talks-with-saudi-trade-minister-on-strengthening-supply-chains,"['WB_696_PUBLIC_SECTOR_MANAGEMENT', 'WB_840_JUSTICE', 'WB_2473_DIPLOMACY_AND_NEGOTIATIONS', 'WB_939_NEGOTIATION', 'WB_2470_PEACE_OPERATIONS_AND_CONFLICT_MANAGEMENT', 'WB_936_ALTERNATIVE_DISPUTE_RESOLUTION', 'WB_2432_FRAGILITY_CONFLICT_AND_VIOLENCE', 'WB_843_DISPUTE_RESOLUTION', 'WB_2471_PEACEKEEPING', 'EPU_ECONOMY_HISTORIC', 'EPU_CATS_TRADE_POLICY', 'NEGOTIATIONS', 'WB_159_TRANSBOUNDARY_WATER', 'WB_137_WATER', 'WB_698_TRADE', 'WB_698_TRADE', 'WB_698_TRADE', 'WB_698_TRADE', 'WB_698_TRADE', 'TAX_ETHNICITY_ASIAN', 'WB_775_TRADE_POLICY_AND_INTEGRATION', 'WB_2575_TRADE_POLICY_AND_INVESTMENT_AGREEMENTS', 'WB_2581_PREFERENTIAL_TRADE_AND_INVESTMENT_AGREEMENTS', 'TAX_ECON_FREETRADEAGREEMENTS_FREE_TRADE_AGREEMENT', 'ECON_FREETRADE', 'TAX_ECON_FREETRADEAGREEMENTS_GULF_COOPERATION_COUNCIL', 'TAX_FNCACT_MINISTER', 'TAX_FNCACT_MINISTER', 'CRISISLEX_CRISISLEXREC', 'WB_2433_CONFLICT_AND_VIOLENCE', 'WB_2433_CONFLICT_AND_VIOLENCE', 'TAX_FNCACT_MINISTERS']",0.0
20260412101500-520,20260412101500,rediff.com,https://tv.rediff.com/news/indian-engineer-investigated-for-corruption-after-discovery-of-14-crore-in-assets/379863,"['TAX_FNCACT_ENGINEER', 'CRISISLEX_C07_SAFETY', 'TAX_FNCACT_ASSISTANT', 'WB_2024_ANTI_CORRUPTION_AUTHORITIES', 'WB_696_PUBLIC_SECTOR_MANAGEMENT', 'WB_840_JUSTICE', 'WB_2025_INVESTIGATION', 'WB_831_GOVERNANCE', 'WB_832_ANTI_CORRUPTION', 'WB_1014_CRIMINAL_JUSTICE', 'WB_2936_GOLD', 'WB_507_ENERGY_AND_EXTRACTIVES', 'WB_895_MINING_SYSTEMS', 'WB_1699_METAL_ORE_MINING', 'TAX_FNCACT_EXECUTIVE']",0.0
20260412101500-521,20260412101500,pinkvilla.com,https://www.pinkvilla.com/entertainment/hollywood/batman-begins-dunkirk-actor-john-nolan-passes-away-at-87-christopher-nolan-mourns-uncle-1402224,"['WB_2670_JOBS', 'WB_696_PUBLIC_SECTOR_MANAGEMENT', 'WB_2048_COMPENSATION_CAREERS_AND_INCENTIVES', 'WB_723_PUBLIC_ADMINISTRATION', 'WB_724_HUMAN_RESOURCES_FOR_PUBLIC_SECTOR', 'UNGP_FORESTS_RIVERS_OCEANS', 'TAX_FNCACT_VETERAN', 'TAX_FNCACT_ACTOR', 'TAX_FNCACT_ACTOR', 'CRISISLEX_CRISISLEXREC', 'TAX_FNCACT_BOARD_MEMBER', 'TAX_FNCACT_KNIGHT', 'TAX_FNCACT_ACTRESS', 'TAX_FNCACT_CHILDREN', 'TAX_FNCACT_ARTIST', 'MEDIA_MSM', 'MEDIA_MSM', 'MEDIA_MSM', 'TAX_FNCACT_SCREENWRITER']",4.95495495495495
20260412101500-522,20260412101500,runews24.ru,https://runews24.ru/eng/?ysclid=mhbvf9s81i517751452&browser=standard,"['TAX_ETHNICITY_RUSSIAN', 'TAX_WORLDLANGUAGES_RUSSIAN', 'TAX_WORLDLANGUAGES_RUSSIA', 'TAX_WORLDLANGUAGES_RUSSIA', 'TAX_WORLDLANGUAGES_RUSSIA', 'TOURISM', 'TOURISM', 'TAX_FNCACT_TOURISTS', 'TAX_FNCACT_TOURISTS', 'WB_566_ENVIRONMENT_AND_NATURAL_RESOURCES', 'WB_3007_NATIONAL_PARKS', 'WB_1833_PROTECTED_AREAS_SYSTEMS', 'WB_1829_ECOSYSTEM_MANAGEMENT', 'TAX_ETHNICITY_POLES', 'WB_1777_FORESTS', 'WB_590_ECOSYSTEMS', 'UNGP_FORESTS_RIVERS_OCEANS']",7.54716981132075
20260412101500-523,20260412101500,wimbledonguardian.co.uk,https://www.wimbledonguardian.co.uk/news/national/26014070.eamonn-holmes-doing-okay-following-stroke-says-son/,"['WB_2670_JOBS', 'WB_696_PUBLIC_SECTOR_MANAGEMENT', 'WB_2048_COMPENSATION_CAREERS_AND_INCENTIVES', 'WB_723_PUBLIC_ADMINISTRATION', 'WB_724_HUMAN_RESOURCES_FOR_PUBLIC_SECTOR', 'SOC_POINTSOFINTEREST_HOSPITAL', 'SOC_POINTSOFINTEREST_HOSPITAL', 'TAX_FNCACT_SPOKESPERSON', 'TAX_FNCACT_CHIEF', 'TAX_FNCACT_PRESENTER', 'TAX_FNCACT_CHIEF_EXECUTIVE', 'GENERAL_HEALTH', 'MEDICAL', 'CRISISLEX_C03_WELLBEING_HEALTH', 'AFFECT', 'TAX_FNCACT_FATHER', 'MANMADE_DISASTER_IMPLIED', 'TAX_DISEASE_STROKE', 'TAX_DISEASE_STROKE', 'TAX_FNCACT_EXECUTIVE', 'WB_1160_SHOCKS_AND_VULNERABILITY', 'WB_1160_SHOCKS_AND_VULNERABILITY', 'WB_695_POVERTY', 'WB_695_POVERTY', 'LEGISLATION', 'EPU_POLICY_LAW']",0.87719298245614
20260412101500-524,20260412101500,clactonandfrintongazette.co.uk,https://www.clactonandfrintongazette.co.uk/news/national/26014084.russia-ukraine-trade-blame-violating-orthodox-easter-ceasefire/,"['TAX_ETHNICITY_RUSSIAN', 'TAX_ETHNICITY_RUSSIAN', 'TAX_ETHNICITY_RUSSIAN', 'TAX_ETHNICITY_RUSSIAN', 'TAX_WORLDLANGUAGES_RUSSIAN', 'TAX_WORLDLANGUAGES_RUSSIAN', 'TAX_WORLDLANGUAGES_RUSSIAN', 'TAX_WORLDLANGUAGES_RUSSIAN', 'CRISISLEX_O02_RESPONSEAGENCIESATCRISIS', 'DISASTER_FIRE', 'CRISISLEX_T04_INFRASTRUCTURE', 'TAX_MILITARY_TITLE_OFFICER', 'TAX_FNCACT_OFFICER', 'TAX_FOODSTAPLES_BREAD', 'TAX_FOODSTAPLES_BREAD', 'TAX_RELIGION_ORTHODOX', 'WOUND', 'CRISISLEX_C03_WELLBEING_HEALTH', 'CRISISLEX_T02_INJURED', 'EPU_CATS_NATIONAL_SECURITY', 'TAX_WEAPONS_DRONE_STRIKE', 'TAX_FNCACT_MILITARY_OFFICER', 'ARMEDCONFLICT', 'TAX_WEAPONS_BOMBS', 'CRISISLEX_T01_CAUTION_ADVICE', 'TAX_WORLDLANGUAGES_RUSSIA', 'TAX_WORLDLANGUAGES_RUSSIA', 'TAX_WORLDLANGUAGES_RUSSIA', 'TAX_WORLDLANGUAGES_RUSSIA', 'TAX_WORLDLANGUAGES_RUSSIA', 'CRISISLEX_CRISISLEXREC', 'DRONES', 'DRONES', 'DRONES', 'CEASEFIRE', 'CEASEFIRE', 'CEASEFIRE', 'CEASEFIRE', 'CEASEFIRE', 'TAX_ETHNICITY_UKRAINIAN', 'TAX_ETHNICITY_UKRAINIAN', 'TAX_ETHNICITY_UKRAINIAN', 'TAX_ETHNICITY_UKRAINIAN', 'TAX_ETHNICITY_UKRAINIAN', 'TAX_WORLDLANGUAGES_UKRAINIAN', 'TAX_WORLDLANGUAGES_UKRAINIAN', 'TAX_WORLDLANGUAGES_UKRAINIAN', 'TAX_WORLDLANGUAGES_UKRAINIAN', 'TAX_WORLDLANGUAGES_UKRAINIAN', 'LEADER', 'LEADER', 'TAX_FNCACT_PRESIDENT', 'TAX_FNCACT_PRESIDENT', 'USPEC_POLITICS_GENERAL1', 'USPEC_POLITICS_GENERAL1']",-9.74576271186441
20260412101500-525,20260412101500,pinkvilla.com,https://www.pinkvilla.com/entertainment/box-office/dhurandhar-the-revenge-box-office-collections-ranveer-singhs-film-records-good-spike-on-4th-saturday-cume-hits-rs-917-crore-1402225,"['TAX_WORLDLANGUAGES_HINDI', 'TAX_WORLDLANGUAGES_HINDI', 'TAX_WORLDLANGUAGES_HINDI', 'TAX_WORLDLANGUAGES_HINDI', 'TAX_WORLDLANGUAGES_HINDI', 'RETALIATE', 'RETALIATE', 'RETALIATE', 'RETALIATE', 'TAX_WORLDLANGUAGES_JAWAN', 'TAX_FNCACT_SPY']",-0.666666666666667
20260412101500-526,20260412101500,pakistantoday.com.pk,https://www.pakistantoday.com.pk/2026/04/12/balochistan-assembly-backs-new-district-in-pishin-revival-of-pasni-fish-harbour,"['TAX_WORLDFISH_FISH', 'TAX_WORLDFISH_FISH', 'TAX_WORLDFISH_FISH', 'AFFECT', 'TAX_FNCACT_SPEAKER', 'TAX_FNCACT_SPEAKER', 'TAX_FNCACT_SPEAKER', 'TAX_MILITARY_TITLE_CAPTAIN', 'TAX_FNCACT_CAPTAIN', 'TAX_FNCACT_SECRETARY', 'KILL', 'CRISISLEX_T01_CAUTION_ADVICE', 'TAX_ECON_PRICE', 'WB_696_PUBLIC_SECTOR_MANAGEMENT', 'WB_831_GOVERNANCE', 'SOC_POINTSOFINTEREST_HEADQUARTERS', 'SOC_POINTSOFINTEREST_POLICE_STATIONS', 'SECURITY_SERVICES', 'SECURITY_SERVICES', 'TAX_FNCACT_POLICE', 'TAX_FNCACT_POLICE', 'CRISISLEX_C07_SAFETY', 'CRISISLEX_C07_SAFETY', 'TAX_FNCACT_EMPLOYEES', 'GENERAL_HEALTH', 'MEDICAL', 'SOC_POINTSOFINTEREST_HOSPITAL', 'CRISISLEX_C03_WELLBEING_HEALTH', 'TAX_FNCACT_POLICE_CHIEF', 'LEGISLATION', 'TAX_FNCACT_AUTHORITIES', 'TAX_FNCACT_AUTHORITIES', 'CRISISLEX_CRISISLEXREC', 'CRISISLEX_CRISISLEXREC', 'EPU_POLICY_AUTHORITIES', 'EPU_POLICY_AUTHORITIES', 'TAX_FNCACT_MINISTER', 'MANMADE_DISASTER_IMPLIED', 'TAX_FNCACT_CHIEF', 'TAX_FNCACT_CHIEF', 'CLOSURE', 'LEADER', 'TAX_FNCACT_LAWMAKER', 'USPEC_POLITICS_GENERAL1']",0.43010752688172
20260412101500-527,20260412101500,wharfedaleobserver.co.uk,https://www.wharfedaleobserver.co.uk/news/national/26014084.russia-ukraine-trade-blame-violating-orthodox-easter-ceasefire/,"['TAX_WORLDLANGUAGES_RUSSIA', 'TAX_WORLDLANGUAGES_RUSSIA', 'TAX_WORLDLANGUAGES_RUSSIA', 'TAX_WORLDLANGUAGES_RUSSIA', 'TAX_WORLDLANGUAGES_RUSSIA', 'CRISISLEX_CRISISLEXREC', 'DRONES', 'DRONES', 'DRONES', 'LEADER', 'LEADER', 'TAX_FNCACT_PRESIDENT', 'TAX_FNCACT_PRESIDENT', 'USPEC_POLITICS_GENERAL1', 'USPEC_POLITICS_GENERAL1', 'CEASEFIRE', 'CEASEFIRE', 'CEASEFIRE', 'CEASEFIRE', 'CEASEFIRE', 'TAX_ETHNICITY_UKRAINIAN', 'TAX_ETHNICITY_UKRAINIAN', 'TAX_ETHNICITY_UKRAINIAN', 'TAX_ETHNICITY_UKRAINIAN', 'TAX_ETHNICITY_UKRAINIAN', 'TAX_WORLDLANGUAGES_UKRAINIAN', 'TAX_WORLDLANGUAGES_UKRAINIAN', 'TAX_WORLDLANGUAGES_UKRAINIAN', 'TAX_WORLDLANGUAGES_UKRAINIAN', 'TAX_WORLDLANGUAGES_UKRAINIAN', 'TAX_ETHNICITY_RUSSIAN', 'TAX_ETHNICITY_RUSSIAN', 'TAX_ETHNICITY_RUSSIAN', 'TAX_ETHNICITY_RUSSIAN', 'TAX_WORLDLANGUAGES_RUSSIAN', 'TAX_WORLDLANGUAGES_RUSSIAN', 'TAX_WORLDLANGUAGES_RUSSIAN', 'TAX_WORLDLANGUAGES_RUSSIAN', 'CRISISLEX_O02_RESPONSEAGENCIESATCRISIS', 'DISASTER_FIRE', 'CRISISLEX_T04_INFRASTRUCTURE', 'TAX_MILITARY_TITLE_OFFICER', 'TAX_FNCACT_OFFICER', 'ARMEDCONFLICT', 'TAX_FNCACT_MILITARY_OFFICER', 'TAX_WEAPONS_BOMBS', 'CRISISLEX_T01_CAUTION_ADVICE', 'TAX_FOODSTAPLES_BREAD', 'TAX_FOODSTAPLES_BREAD', 'WOUND', 'CRISISLEX_C03_WELLBEING_HEALTH', 'CRISISLEX_T02_INJURED', 'EPU_CATS_NATIONAL_SECURITY', 'TAX_RELIGION_ORTHODOX', 'TAX_WEAPONS_DRONE_STRIKE']",-9.74576271186441
20260412101500-528,20260412101500,el-balad.com,https://www.el-balad.com/16910442,[],0.121802679658952
20260412101500-529,20260412101500,clickorlando.com,https://www.clickorlando.com/news/world/2026/04/12/russia-and-ukraine-accuse-each-other-of-violating-orthodox-easter-ceasefire/,"['TAX_WEAPONS_BOMBS', 'CRISISLEX_T01_CAUTION_ADVICE', 'TAX_FNCACT_MILITARY_OFFICER', 'WOUND', 'CRISISLEX_C03_WELLBEING_HEALTH', 'CRISISLEX_T02_INJURED', 'TAX_RELIGION_ORTHODOX', 'EPU_CATS_NATIONAL_SECURITY', 'TAX_MILITARY_TITLE_OFFICER', 'TAX_FNCACT_OFFICER', 'TAX_ETHNICITY_RUSSIAN', 'TAX_ETHNICITY_RUSSIAN', 'TAX_ETHNICITY_RUSSIAN', 'TAX_WORLDLANGUAGES_RUSSIAN', 'TAX_WORLDLANGUAGES_RUSSIAN', 'TAX_WORLDLANGUAGES_RUSSIAN', 'LEADER', 'LEADER', 'TAX_FNCACT_PRESIDENT', 'TAX_FNCACT_PRESIDENT', 'USPEC_POLITICS_GENERAL1', 'USPEC_POLITICS_GENERAL1', 'TAX_ETHNICITY_UKRAINIAN', 'TAX_ETHNICITY_UKRAINIAN', 'TAX_ETHNICITY_UKRAINIAN', 'TAX_WORLDLANGUAGES_UKRAINIAN', 'TAX_WORLDLANGUAGES_UKRAINIAN', 'TAX_WORLDLANGUAGES_UKRAINIAN', 'CEASEFIRE', 'CEASEFIRE', 'CEASEFIRE', 'CEASEFIRE', 'CEASEFIRE', 'CEASEFIRE', 'DRONES', 'DRONES', 'TAX_WORLDLANGUAGES_RUSSIA', 'TAX_WORLDLANGUAGES_RUSSIA', 'TAX_WORLDLANGUAGES_RUSSIA', 'TAX_WORLDLANGUAGES_RUSSIA', 'TAX_WORLDLANGUAGES_RUSSIA', 'CRISISLEX_CRISISLEXREC']",-8.7962962962963
20260412101500-530,20260412101500,theage.com.au,https://www.theage.com.au/national/convicted-rapist-found-after-detention-escape-20260412-p5znaa.html,"['IMMIGRATION', 'WB_2670_JOBS', 'WB_2769_JOBS_STRATEGIES', 'WB_2837_IMMIGRATION', 'WB_2836_MIGRATION_POLICIES_AND_JOBS', 'EPU_CATS_MIGRATION_FEAR_MIGRATION', 'RAPE', 'RAPE', 'ORGANIZED_CRIME', 'WB_2433_CONFLICT_AND_VIOLENCE', 'WB_2452_GANGS', 'WB_2445_NON_STATE_SECURITY_ACTORS', 'WB_696_PUBLIC_SECTOR_MANAGEMENT', 'WB_696_PUBLIC_SECTOR_MANAGEMENT', 'WB_840_JUSTICE', 'WB_840_JUSTICE', 'WB_2495_DETENTION_PRISON_AND_CORRECTIONS_REFORM', 'WB_2495_DETENTION_PRISON_AND_CORRECTIONS_REFORM', 'WB_2470_PEACE_OPERATIONS_AND_CONFLICT_MANAGEMENT', 'WB_2470_PEACE_OPERATIONS_AND_CONFLICT_MANAGEMENT', 'WB_2432_FRAGILITY_CONFLICT_AND_VIOLENCE', 'WB_2432_FRAGILITY_CONFLICT_AND_VIOLENCE', 'WB_1014_CRIMINAL_JUSTICE', 'WB_1014_CRIMINAL_JUSTICE', 'WB_2490_NATIONAL_PROTECTION_AND_SECURITY', 'WB_2490_NATIONAL_PROTECTION_AND_SECURITY']",-14.2857142857143
20260412101500-531,20260412101500,rollingstone.com,https://www.rollingstone.com/tv-movies/tv-movie-news/snl-weekend-update-roasts-jd-vance-failed-iran-deal-weird-wife-comments-1235545379/,"['TAX_ETHNICITY_IRANIAN', 'MANMADE_DISASTER_IMPLIED', 'MANMADE_DISASTER_IMPLIED', 'TAX_FNCACT_VICE_PRESIDENT', 'TAX_FNCACT_VICE_PRESIDENT', 'CRISISLEX_T11_UPDATESSYMPATHY', 'NEGOTIATIONS', 'LEADER', 'LEADER', 'TAX_FNCACT_PRESIDENT', 'TAX_FNCACT_PRESIDENT', 'USPEC_POLITICS_GENERAL1', 'USPEC_POLITICS_GENERAL1', 'CEASEFIRE', 'MEDIA_MSM', 'TAX_FNCACT_REPORTER', 'ARMEDCONFLICT', 'EPU_CATS_NATIONAL_SECURITY', 'TAX_FNCACT_LADY', 'KILL', 'CRISISLEX_CRISISLEXREC', 'CRISISLEX_T02_INJURED', 'CRISISLEX_T03_DEAD', 'TAX_ETHNICITY_IRANIANS']",-4.04411764705882
20260412101500-532,20260412101500,smh.com.au,https://www.smh.com.au/national/police-probe-if-kill-car-was-being-driven-by-kill-crew-for-hire-20260412-p5znae.html,"['SECURITY_SERVICES', 'TAX_FNCACT_POLICE', 'CRISISLEX_C07_SAFETY', 'KILL', 'KILL', 'KILL', 'MANMADE_DISASTER_IMPLIED', 'MANMADE_DISASTER_IMPLIED']",-12.2448979591837
20260412101500-533,20260412101500,sydneysun.com,http://www.sydneysun.com/news/278978002/man-held-for-allegedly-damaging-us-military-aircraft-at-shannon-airport,"['MANMADE_DISASTER_IMPLIED', 'SOC_POINTSOFINTEREST_AIRPORT', 'SOC_POINTSOFINTEREST_AIRPORT', 'SOC_POINTSOFINTEREST_AIRPORT', 'SOC_POINTSOFINTEREST_AIRPORT', 'SOC_POINTSOFINTEREST_AIRPORT', 'SOC_POINTSOFINTEREST_AIRPORT', 'SOC_POINTSOFINTEREST_AIRPORT', 'WB_135_TRANSPORT', 'WB_135_TRANSPORT', 'WB_135_TRANSPORT', 'WB_135_TRANSPORT', 'WB_135_TRANSPORT', 'WB_135_TRANSPORT', 'WB_135_TRANSPORT', 'WB_1803_TRANSPORT_INFRASTRUCTURE', 'WB_1803_TRANSPORT_INFRASTRUCTURE', 'WB_1803_TRANSPORT_INFRASTRUCTURE', 'WB_1803_TRANSPORT_INFRASTRUCTURE', 'WB_1803_TRANSPORT_INFRASTRUCTURE', 'WB_1803_TRANSPORT_INFRASTRUCTURE', 'WB_1803_TRANSPORT_INFRASTRUCTURE', 'WB_1804_AIRPORTS', 'WB_1804_AIRPORTS', 'WB_1804_AIRPORTS', 'WB_1804_AIRPORTS', 'WB_1804_AIRPORTS', 'WB_1804_AIRPORTS', 'WB_1804_AIRPORTS', 'TAX_FNCACT_CRIMINAL', 'TAX_FNCACT_CRIMINAL', 'TAX_FNCACT_CRIMINAL', 'CRISISLEX_CRISISLEXREC', 'CRISISLEX_CRISISLEXREC', 'WB_678_DIGITAL_GOVERNMENT', 'WB_694_BROADCAST_AND_MEDIA', 'WB_133_INFORMATION_AND_COMMUNICATION_TECHNOLOGIES', 'ARREST', 'ARREST', 'ARREST', 'ARREST', 'ARREST', 'SOC_GENERALCRIME', 'SOC_GENERALCRIME', 'SOC_GENERALCRIME', 'SOC_GENERALCRIME', 'SOC_GENERALCRIME', 'CRISISLEX_C07_SAFETY', 'CRISISLEX_C07_SAFETY', 'CRISISLEX_C07_SAFETY', 'CRISISLEX_C07_SAFETY', 'CRISISLEX_C07_SAFETY', 'TAX_FNCACT_POLICE_OFFICER', 'MEDIA_SOCIAL', 'WB_652_ICT_APPLICATIONS', 'WB_662_SOCIAL_MEDIA', 'WB_658_ENTERPRISE_APPLICATIONS', 'TAX_FNCACT_WOMEN', 'GENERAL_HEALTH', 'MEDICAL', 'SOC_POINTSOFINTEREST_HOSPITAL', 'CRISISLEX_C03_WELLBEING_HEALTH', 'TAX_FNCACT_SPOKESPERSON', 'CRISISLEX_C04_LOGISTICS_TRANSPORT', 'SECURITY_SERVICES', 'SECURITY_SERVICES', 'SECURITY_SERVICES', 'SECURITY_SERVICES', 'SECURITY_SERVICES', 'TAX_FNCACT_POLICE', 'TAX_FNCACT_POLICE', 'TAX_FNCACT_POLICE', 'TAX_FNCACT_POLICE', 'TAX_FNCACT_POLICE', 'TAX_FNCACT_MAN', 'TAX_FNCACT_MAN', 'TAX_FNCACT_MAN', 'WB_1014_CRIMINAL_JUSTICE', 'WB_696_PUBLIC_SECTOR_MANAGEMENT', 'WB_840_JUSTICE', 'TAX_FNCACT_OFFICER']",-7.52688172043011
20260412101500-534,20260412101500,dailypioneer.com,https://dailypioneer.com/news/dr-rajib-mukhapadhyay-honoured-with-miiccia-legend-enterprise-award-2026,"['EPU_ECONOMY_HISTORIC', 'EPU_ECONOMY_HISTORIC', 'WB_2745_JOB_QUALITY_AND_LABOR_MARKET_PERFORMANCE', 'WB_2670_JOBS', 'WB_2689_JOBS_DIAGNOSTICS', 'WB_2748_EMPLOYMENT', 'WB_1467_EDUCATION_FOR_ALL', 'WB_1467_EDUCATION_FOR_ALL', 'WB_470_EDUCATION', 'WB_470_EDUCATION', 'WB_2131_EMPLOYABILITY_SKILLS_AND_JOBS', 'WB_2131_EMPLOYABILITY_SKILLS_AND_JOBS', 'WB_1484_EDUCATION_SKILLS_DEVELOPMENT_AND_LABOR_MARKET', 'WB_1484_EDUCATION_SKILLS_DEVELOPMENT_AND_LABOR_MARKET', 'TAX_ETHNICITY_INDIAN', 'AGRICULTURE', 'AGRICULTURE']",4.16666666666667
20260412101500-535,20260412101500,eadt.co.uk,https://www.eadt.co.uk/news/26013535.el-nino-will-affect-weather-suffolk/,"['TAX_FNCACT_DRIVERS', 'TAX_FNCACT_SPOKESMAN', 'TAX_FNCACT_SPOKESMAN', 'UNGP_FORESTS_RIVERS_OCEANS', 'UNGP_FORESTS_RIVERS_OCEANS', 'TAX_FNCACT_CHILD', 'TAX_ETHNICITY_SPANISH', 'TAX_WORLDLANGUAGES_SPANISH', 'TAX_ETHNICITY_PERUVIAN', 'MARITIME', 'TAX_FNCACT_FISHERMEN', 'AFFECT']",0.0
20260412101500-536,20260412101500,pakistantoday.com.pk,https://www.pakistantoday.com.pk/2026/04/12/pakistans-first-lithium-ion-battery-plant-to-begin-operations-in-korangi,[],2.59365994236311
20260412101500-537,20260412101500,livelaw.in,https://www.livelaw.in/round-ups/weekly/supreme-court-weekly-roundup-march-30-to-april-05-2026-529964,"['GENERAL_GOVERNMENT', 'GENERAL_GOVERNMENT', 'EPU_POLICY_GOVERNMENT', 'EPU_POLICY_GOVERNMENT', 'TAX_WORLDLANGUAGES_MAHARASHTRA', 'ECON_TAXATION', 'ECON_TAXATION', 'USPEC_POLICY1', 'USPEC_POLICY1', 'EPU_POLICY_TAX', 'EPU_POLICY_TAX', 'EPU_CATS_TAXES', 'EPU_CATS_TAXES', 'EPU_ECONOMY_HISTORIC']",-9.25925925925926
20260412101500-538,20260412101500,pakistantoday.com.pk,https://www.pakistantoday.com.pk/2026/04/12/trump-administration-unveils-plans-for-giant-triumphal-arch-in-washington,"['TAX_ETHNICITY_AMERICANS', 'MEDIA_SOCIAL', 'WB_652_ICT_APPLICATIONS', 'WB_662_SOCIAL_MEDIA', 'WB_658_ENTERPRISE_APPLICATIONS', 'WB_696_PUBLIC_SECTOR_MANAGEMENT', 'WB_840_JUSTICE', 'WB_678_DIGITAL_GOVERNMENT', 'WB_694_BROADCAST_AND_MEDIA', 'WB_133_INFORMATION_AND_COMMUNICATION_TECHNOLOGIES', 'JUSTICE', 'UNGP_CRIME_VIOLENCE', 'WB_2433_CONFLICT_AND_VIOLENCE', 'WB_2465_REVOLUTIONARY_VIOLENCE', 'WB_2432_FRAGILITY_CONFLICT_AND_VIOLENCE', 'WB_2462_POLITICAL_VIOLENCE_AND_WAR', 'TAX_FNCACT_LADY', 'LEADER', 'TAX_FNCACT_PRESIDENT', 'USPEC_POLITICS_GENERAL1', 'MARITIME', 'EPU_POLICY_WHITE_HOUSE']",5.62248995983936
20260412101500-539,20260412101500,theage.com.au,https://www.theage.com.au/national/victoria/missing-momo-fest-that-would-have-been-a-no-no-for-dumpling-lovers-20260316-p5oawr.html,"['UNGP_FORESTS_RIVERS_OCEANS', 'TAX_ETHNICITY_NEPALESE', 'TAX_ETHNICITY_NEPALESE', 'TAX_ETHNICITY_NEPALESE', 'TAX_ETHNICITY_NEPALESE', 'TAX_ETHNICITY_NEPALESE', 'TAX_ETHNICITY_NEPALESE', 'TAX_ETHNICITY_NEPALESE', 'TAX_WORLDLANGUAGES_NEPALESE', 'TAX_WORLDLANGUAGES_NEPALESE', 'TAX_WORLDLANGUAGES_NEPALESE', 'TAX_WORLDLANGUAGES_NEPALESE', 'TAX_WORLDLANGUAGES_NEPALESE', 'TAX_WORLDLANGUAGES_NEPALESE', 'TAX_WORLDLANGUAGES_NEPALESE', 'CRISISLEX_T11_UPDATESSYMPATHY', 'DELAY', 'TAX_FNCACT_PUNTERS', 'TAX_FNCACT_PUNTERS', 'TAX_WORLDMAMMALS_GOAT', 'TAX_FOODSTAPLES_MILK', 'MEDIA_MSM', 'TAX_FNCACT_REPORTER', 'TAX_ETHNICITY_AUSTRALIAN', 'EPU_ECONOMY_HISTORIC', 'AFFECT', 'TAX_ETHNICITY_TIBETAN', 'TAX_WORLDLANGUAGES_TIBETAN', 'TAX_ETHNICITY_INDIAN', 'GENERAL_HEALTH', 'HEALTH_PANDEMIC', 'WB_635_PUBLIC_HEALTH', 'WB_2165_HEALTH_EMERGENCIES', 'WB_2166_HEALTH_EMERGENCY_PREPAREDNESS_AND_DISASTER_RESPONSE', 'WB_621_HEALTH_NUTRITION_AND_POPULATION', 'WB_2167_PANDEMICS', 'UNGP_HEALTHCARE', 'TAX_FNCACT_CHILDREN', 'TAX_FNCACT_FATHER', 'MEDICAL', 'TAX_FNCACT_DOCTORS', 'CRISISLEX_C03_WELLBEING_HEALTH']",1.12570356472796
20260412101500-540,20260412101500,countypress.co.uk,https://www.countypress.co.uk/news/26014086.tesco-morrisons-sainsburys-issue-food-recalls/,"['TAX_FOODSTAPLES_WHEAT', 'TAX_FOODSTAPLES_WHEAT', 'TAX_FOODSTAPLES_WHEAT', 'TAX_FOODSTAPLES_WHEAT', 'TAX_FOODSTAPLES_WHEAT', 'TAX_FOODSTAPLES_WHEAT', 'TAX_FOODSTAPLES_WHEAT', 'TAX_FOODSTAPLES_BARLEY', 'TAX_FOODSTAPLES_BARLEY', 'TAX_FOODSTAPLES_BARLEY', 'TAX_FOODSTAPLES_BARLEY', 'TAX_FNCACT_SPOKESPERSON', 'CRISISLEX_C07_SAFETY', 'GENERAL_HEALTH', 'GENERAL_HEALTH', 'GENERAL_HEALTH', 'GENERAL_HEALTH', 'GENERAL_HEALTH', 'TAX_DISEASE_COELIAC_DISEASE', 'TAX_DISEASE_COELIAC_DISEASE', 'TAX_DISEASE_COELIAC_DISEASE', 'TAX_FNCACT_BABY', 'TAX_FNCACT_BABY', 'TAX_FNCACT_BABY', 'TAX_WORLDMAMMALS_MOUSE', 'TAX_WORLDMAMMALS_MOUSE', 'TAX_WORLDMAMMALS_MOUSE', 'TAX_WORLDMAMMALS_MOUSE', 'TAX_DISEASE_ALLERGY', 'TAX_DISEASE_ALLERGY', 'TAX_DISEASE_ALLERGY', 'TAX_DISEASE_ALLERGY', 'TAX_DISEASE_ALLERGY', 'TAX_DISEASE_ALLERGY', 'TAX_DISEASE_ALLERGY', 'TAX_DISEASE_ALLERGY', 'TAX_DISEASE_ALLERGY', 'TAX_DISEASE_ALLERGY', 'TAX_DISEASE_ALLERGY', 'TAX_DISEASE_ALLERGY', 'TAX_DISEASE_ALLERGY', 'TAX_FNCACT_PHARMACIST', 'TAX_DISEASE_DISEASE', 'TAX_DISEASE_DISEASE', 'TAX_DISEASE_DISEASE', 'WB_1406_DISEASES', 'WB_1406_DISEASES', 'WB_1406_DISEASES', 'WB_621_HEALTH_NUTRITION_AND_POPULATION', 'WB_621_HEALTH_NUTRITION_AND_POPULATION', 'WB_621_HEALTH_NUTRITION_AND_POPULATION', 'TAX_FNCACT_OFFICIAL', 'WB_698_TRADE', 'WB_698_TRADE', 'WB_698_TRADE', 'WB_698_TRADE', 'CRISISLEX_C03_WELLBEING_HEALTH', 'CRISISLEX_CRISISLEXREC', 'TAX_FOODSTAPLES_CEREALS', 'TAX_FOODSTAPLES_CEREALS', 'MEDICAL', 'MEDICAL', 'MEDICAL', 'MEDICAL', 'MEDICAL', 'MEDICAL', 'MEDICAL', 'TAX_DISEASE_NAUSEA', 'TAX_FNCACT_AUTHORITIES', 'TAX_FNCACT_AUTHORITIES', 'EPU_POLICY_AUTHORITIES', 'EPU_POLICY_AUTHORITIES', 'GOV_LOCALGOV', 'GOV_LOCALGOV', 'TAX_FOODSTAPLES_MILK', 'TAX_FOODSTAPLES_MILK', 'TAX_FOODSTAPLES_MILK', 'TAX_FOODSTAPLES_MILK', 'TAX_FOODSTAPLES_MILK', 'TAX_FOODSTAPLES_MILK', 'TAX_FOODSTAPLES_MILK', 'TAX_FOODSTAPLES_MILK', 'TAX_FOODSTAPLES_MILK', 'TAX_FOODSTAPLES_MILK', 'TAX_FOODSTAPLES_MILK', 'MEDIA_SOCIAL', 'WB_1921_PRIVATE_SECTOR_DEVELOPMENT', 'WB_346_COMPETITIVE_INDUSTRIES', 'WB_818_INDUSTRY_POLICY_AND_REAL_SECTORS', 'WB_1281_MANUFACTURING', 'AFFECT', 'AFFECT', 'AFFECT', 'AFFECT', 'AFFECT', 'AFFECT', 'AFFECT', 'AFFECT', 'AFFECT', 'AFFECT', 'AFFECT', 'AFFECT', 'UNGP_HEALTHCARE', 'UNGP_HEALTHCARE', 'UNGP_HEALTHCARE', 'UNGP_HEALTHCARE', 'CRISISLEX_O01_WEATHER', 'TAX_DISEASE_ALLERGY_TO_NUTS', 'TAX_FNCACT_CHILD', 'TAX_FNCACT_BABIES', 'TAX_FNCACT_SPOKESMAN', 'TAX_FNCACT_SPOKESMAN', 'TAX_FNCACT_SPOKESMAN', 'TAX_FNCACT_SPOKESMAN', 'TAX_FNCACT_SPOKESMAN', 'TAX_FNCACT_SPOKESMAN']",-1.75087543771886
20260412101500-541,20260412101500,moneycontrol.com,https://www.moneycontrol.com/news/india/rs-1-000-crore-plot-to-topple-tmc-mamata-fires-fresh-charge-at-bjp-13886688.html,"['TAX_FNCACT_MINISTER', 'USPEC_POLITICS_GENERAL1', 'EPU_POLICY_CONGRESS', 'TAX_FNCACT_CHIEF', 'TAX_FNCACT_CHIEF', 'TAX_FNCACT_CHIEF', 'TAKE_OFFICE', 'GENERAL_GOVERNMENT', 'GENERAL_GOVERNMENT', 'GENERAL_GOVERNMENT', 'GENERAL_GOVERNMENT', 'EPU_POLICY_GOVERNMENT', 'EPU_POLICY_GOVERNMENT', 'EPU_POLICY_GOVERNMENT', 'EPU_POLICY_GOVERNMENT', 'ELECTION', 'ELECTION', 'KIDNAP', 'TAX_FNCACT_WOMEN', 'CORRUPTION', 'CORRUPTION', 'WB_2019_ANTI_CORRUPTION_LEGISLATION', 'WB_2019_ANTI_CORRUPTION_LEGISLATION', 'WB_696_PUBLIC_SECTOR_MANAGEMENT', 'WB_696_PUBLIC_SECTOR_MANAGEMENT', 'WB_831_GOVERNANCE', 'WB_831_GOVERNANCE', 'WB_832_ANTI_CORRUPTION', 'WB_832_ANTI_CORRUPTION', 'WB_2020_BRIBERY_FRAUD_AND_COLLUSION', 'WB_2020_BRIBERY_FRAUD_AND_COLLUSION', 'LEGISLATION', 'TAX_FNCACT_LEADERS']",-7.12694877505568
20260412101500-542,20260412101500,wiltshiretimes.co.uk,https://www.wiltshiretimes.co.uk/news/national/26013936.rachel-reeves-warns-cost-british-families-businesses-iran-war/,"['ARMEDCONFLICT', 'EPU_CATS_NATIONAL_SECURITY', 'TAX_ECON_PRICE', 'TAX_ECON_PRICE', 'TAX_ECON_PRICE', 'TAX_ECON_PRICE', 'TAX_ECON_PRICE', 'TAX_ECON_PRICE', 'ALLIANCE', 'GENERAL_GOVERNMENT', 'GENERAL_GOVERNMENT', 'EPU_POLICY_GOVERNMENT', 'EPU_POLICY_GOVERNMENT', 'USPEC_POLICY1', 'EPU_UNCERTAINTY', 'IDEOLOGY', 'CLOSURE', 'CRISISLEX_CRISISLEXREC', 'EPU_ECONOMY', 'EPU_ECONOMY_HISTORIC', 'TAX_FNCACT_MINISTER', 'TAX_FNCACT_CHANCELLOR', 'TAX_FNCACT_GUIDE', 'WB_1921_PRIVATE_SECTOR_DEVELOPMENT', 'WB_346_COMPETITIVE_INDUSTRIES', 'WB_818_INDUSTRY_POLICY_AND_REAL_SECTORS', 'WB_1281_MANUFACTURING', 'ENV_OIL', 'ENV_OIL', 'NEGOTIATIONS', 'WB_696_PUBLIC_SECTOR_MANAGEMENT', 'WB_840_JUSTICE', 'WB_2473_DIPLOMACY_AND_NEGOTIATIONS', 'WB_939_NEGOTIATION', 'WB_2470_PEACE_OPERATIONS_AND_CONFLICT_MANAGEMENT', 'WB_936_ALTERNATIVE_DISPUTE_RESOLUTION', 'WB_2432_FRAGILITY_CONFLICT_AND_VIOLENCE', 'WB_843_DISPUTE_RESOLUTION', 'WB_2471_PEACEKEEPING', 'LEADER', 'TAX_FNCACT_PRIME_MINISTER', 'WB_135_TRANSPORT', 'WMD', 'FUELPRICES', 'ECON_GASOLINEPRICE', 'ECON_HEATINGOIL', 'CEASEFIRE', 'CEASEFIRE', 'MARITIME']",0.460829493087557
20260412101500-543,20260412101500,rte.ie,https://www.rte.ie/entertainment/2026/0412/1567796-eamonn-holmes-doing-ok-after-stroke-says-son/,"['TAX_FNCACT_PRESENTER', 'TAX_FNCACT_PRESENTER', 'TAX_FNCACT_PRESENTER', 'TAX_FNCACT_CHIEF', 'TAX_FNCACT_SPOKESPERSON', 'WB_2670_JOBS', 'WB_2670_JOBS', 'WB_696_PUBLIC_SECTOR_MANAGEMENT', 'WB_696_PUBLIC_SECTOR_MANAGEMENT', 'WB_2048_COMPENSATION_CAREERS_AND_INCENTIVES', 'WB_2048_COMPENSATION_CAREERS_AND_INCENTIVES', 'WB_723_PUBLIC_ADMINISTRATION', 'WB_723_PUBLIC_ADMINISTRATION', 'WB_724_HUMAN_RESOURCES_FOR_PUBLIC_SECTOR', 'WB_724_HUMAN_RESOURCES_FOR_PUBLIC_SECTOR', 'SOC_POINTSOFINTEREST_HOSPITAL', 'SOC_POINTSOFINTEREST_HOSPITAL', 'TAX_FNCACT_EXECUTIVE', 'WB_1160_SHOCKS_AND_VULNERABILITY', 'WB_1160_SHOCKS_AND_VULNERABILITY', 'WB_695_POVERTY', 'WB_695_POVERTY', 'MANMADE_DISASTER_IMPLIED', 'TAX_DISEASE_STROKE', 'TAX_DISEASE_STROKE', 'TAX_DISEASE_STROKE', 'AFFECT', 'TAX_FNCACT_FATHER', 'TAX_FNCACT_CHIEF_EXECUTIVE', 'GENERAL_HEALTH', 'MEDICAL', 'CRISISLEX_C03_WELLBEING_HEALTH']",0.419287211740042
20260412101500-544,20260412101500,pakistantoday.com.pk,https://www.pakistantoday.com.pk/2026/04/12/analysts-say-us-iran-talks-in-islamabad-may-resume-despite-no-agreement,"['TAX_FNCACT_ANALYST', 'TAX_FNCACT_ANALYST', 'TAX_FNCACT_SCHOLAR', 'MEDIA_MSM', 'IDEOLOGY', 'EPU_ECONOMY', 'EPU_ECONOMY', 'EPU_ECONOMY_HISTORIC', 'EPU_ECONOMY_HISTORIC', 'MARITIME_INCIDENT', 'MARITIME', 'MANMADE_DISASTER_IMPLIED', 'MARITIME_PIRACY', 'EPU_UNCERTAINTY', 'TAX_FNCACT_COLUMNIST', 'TAX_FNCACT_COLUMNIST', 'CRISISLEX_C07_SAFETY', 'CRISISLEX_C07_SAFETY', 'TAX_FNCACT_JOURNALIST', 'TAX_FNCACT_JOURNALIST', 'TAX_FNCACT_OFFICIALS', 'TAX_FNCACT_OFFICIALS', 'LEADER', 'LEADER', 'TAX_FNCACT_PRESIDENT', 'TAX_FNCACT_PRESIDENT', 'USPEC_POLITICS_GENERAL1', 'USPEC_POLITICS_GENERAL1', 'NEGOTIATIONS', 'NEGOTIATIONS', 'NEGOTIATIONS', 'WB_696_PUBLIC_SECTOR_MANAGEMENT', 'WB_696_PUBLIC_SECTOR_MANAGEMENT', 'WB_696_PUBLIC_SECTOR_MANAGEMENT', 'WB_840_JUSTICE', 'WB_840_JUSTICE', 'WB_840_JUSTICE', 'WB_2473_DIPLOMACY_AND_NEGOTIATIONS', 'WB_2473_DIPLOMACY_AND_NEGOTIATIONS', 'WB_2473_DIPLOMACY_AND_NEGOTIATIONS', 'WB_939_NEGOTIATION', 'WB_939_NEGOTIATION', 'WB_939_NEGOTIATION', 'WB_2470_PEACE_OPERATIONS_AND_CONFLICT_MANAGEMENT', 'WB_2470_PEACE_OPERATIONS_AND_CONFLICT_MANAGEMENT', 'WB_2470_PEACE_OPERATIONS_AND_CONFLICT_MANAGEMENT', 'WB_936_ALTERNATIVE_DISPUTE_RESOLUTION', 'WB_936_ALTERNATIVE_DISPUTE_RESOLUTION', 'WB_936_ALTERNATIVE_DISPUTE_RESOLUTION', 'WB_2432_FRAGILITY_CONFLICT_AND_VIOLENCE', 'WB_2432_FRAGILITY_CONFLICT_AND_VIOLENCE', 'WB_2432_FRAGILITY_CONFLICT_AND_VIOLENCE', 'WB_843_DISPUTE_RESOLUTION', 'WB_843_DISPUTE_RESOLUTION', 'WB_843_DISPUTE_RESOLUTION', 'WB_2471_PEACEKEEPING', 'WB_2471_PEACEKEEPING', 'WB_2471_PEACEKEEPING', 'TAX_FNCACT_VICE_PRESIDENT', 'TAX_FNCACT_VICE_PRESIDENT', 'TRIAL', 'SOC_GENERALCRIME', 'USPEC_UNCERTAINTY1', 'TAX_ETHNICITY_IRANIAN', 'TAX_ETHNICITY_IRANIAN', 'SANCTIONS', 'SANCTIONS', 'SANCTIONS', 'SANCTIONS', 'TAX_FNCACT_ANALYSTS', 'TAX_FNCACT_ANALYSTS', 'TAX_FNCACT_ANALYSTS']",-0.738007380073801
20260412101500-545,20260412101500,boredpanda.com,https://www.boredpanda.com/making-family-uncomfortable-until-they-leave/?cexp_id=150759&cexp_var=10&_f=homepage_featured,"['USPEC_POLICY1', 'USPEC_POLICY1', 'EPU_POLICY_SPENDING', 'EPU_POLICY_SPENDING', 'TAX_FNCACT_PSYCHIATRIST', 'TAX_FNCACT_WOMAN', 'CRISISLEX_T11_UPDATESSYMPATHY', 'MANMADE_DISASTER_IMPLIED', 'GEN_HOLIDAY', 'ARMEDCONFLICT', 'EPU_CATS_NATIONAL_SECURITY', 'TRIAL', 'TAX_FNCACT_MAN', 'TAX_FNCACT_MAN', 'TAX_FNCACT_MAN', 'TAX_FNCACT_MAN', 'TAX_FNCACT_MAN', 'TAX_FNCACT_MAN', 'TAX_FNCACT_MAN', 'TAX_FNCACT_MAN', 'TAX_FNCACT_MAN', 'TAX_FNCACT_MAN', 'TAX_FNCACT_BABY', 'TAX_WORLDMAMMALS_PANDA', 'ECON_STOCKMARKET', 'UNGP_FORESTS_RIVERS_OCEANS', 'TAX_FNCACT_AUTHOR']",-3.11501597444089
20260412101500-546,20260412101500,fool.com,https://www.fool.com/investing/2026/04/12/is-spacex-really-worth-more-than-tesla-heres-the-u/?source=iedfolrf0000001,"['ECON_IPO', 'WB_507_ENERGY_AND_EXTRACTIVES', 'WB_525_RENEWABLE_ENERGY', 'WB_528_SOLAR_ENERGY', 'ECON_STOCKMARKET', 'TAX_FNCACT_SPY', 'USPEC_POLICY1', 'EPU_UNCERTAINTY', 'TAX_ECON_PRICE', 'ECON_ELECTRICALDEMAND', 'UNGP_PHONE_INTERNET_ACCESS_COST', 'KILL', 'FUELPRICES', 'ECON_GASOLINEPRICE', 'ECON_HEATINGOIL', 'MANMADE_DISASTER_IMPLIED', 'ECON_ENTREPRENEURSHIP', 'ENV_SOLAR', 'WB_286_TELECOMMUNICATIONS_AND_BROADBAND_ACCESS', 'WB_286_TELECOMMUNICATIONS_AND_BROADBAND_ACCESS', 'WB_2120_SATELLITES', 'WB_2120_SATELLITES', 'WB_2329_ACCESS_AND_CONNECTIVITY', 'WB_2329_ACCESS_AND_CONNECTIVITY', 'WB_133_INFORMATION_AND_COMMUNICATION_TECHNOLOGIES', 'WB_133_INFORMATION_AND_COMMUNICATION_TECHNOLOGIES']",1.93103448275862
20260412101500-547,20260412101500,wmca.com,https://wmca.com/devotionals/crosswalk-devo/be-honest-with-god-about-your-mental-health-the-crosswalk-devotional,"['EPU_CATS_MIGRATION_FEAR_FEAR', 'TAX_FNCACT_PHYSICIAN', 'EPU_CATS_HEALTHCARE', 'MILITARY', 'TAX_FNCACT_EDITOR', 'EDUCATION', 'EDUCATION', 'SOC_POINTSOFINTEREST_UNIVERSITY', 'SOC_POINTSOFINTEREST_UNIVERSITY', 'MEDIA_SOCIAL', 'TAX_AIDGROUPS_SALVATION_ARMY', 'TAX_FNCACT_AUTHOR', 'TAX_FNCACT_AUTHOR', 'TAX_FNCACT_AUTHOR', 'CRISISLEX_T11_UPDATESSYMPATHY', 'CRISISLEX_T11_UPDATESSYMPATHY', 'CRISISLEX_T11_UPDATESSYMPATHY', 'UNGP_FORESTS_RIVERS_OCEANS', 'CRISISLEX_CRISISLEXREC', 'TAX_FNCACT_MASON', 'TAX_FNCACT_MASON', 'TAX_FNCACT_COUNSELOR', 'TAX_FNCACT_KING', 'WB_1406_DISEASES', 'WB_1406_DISEASES', 'WB_1406_DISEASES', 'WB_1406_DISEASES', 'WB_1406_DISEASES', 'WB_1406_DISEASES', 'WB_1406_DISEASES', 'WB_1406_DISEASES', 'WB_1406_DISEASES', 'WB_1406_DISEASES', 'WB_1406_DISEASES', 'WB_1406_DISEASES', 'WB_1406_DISEASES', 'WB_1406_DISEASES', 'WB_1406_DISEASES', 'WB_1406_DISEASES', 'WB_1406_DISEASES', 'WB_621_HEALTH_NUTRITION_AND_POPULATION', 'WB_621_HEALTH_NUTRITION_AND_POPULATION', 'WB_621_HEALTH_NUTRITION_AND_POPULATION', 'WB_621_HEALTH_NUTRITION_AND_POPULATION', 'WB_621_HEALTH_NUTRITION_AND_POPULATION', 'WB_621_HEALTH_NUTRITION_AND_POPULATION', 'WB_621_HEALTH_NUTRITION_AND_POPULATION', 'WB_621_HEALTH_NUTRITION_AND_POPULATION', 'WB_621_HEALTH_NUTRITION_AND_POPULATION', 'WB_621_HEALTH_NUTRITION_AND_POPULATION', 'WB_621_HEALTH_NUTRITION_AND_POPULATION', 'WB_621_HEALTH_NUTRITION_AND_POPULATION', 'WB_621_HEALTH_NUTRITION_AND_POPULATION', 'WB_621_HEALTH_NUTRITION_AND_POPULATION', 'WB_621_HEALTH_NUTRITION_AND_POPULATION', 'WB_621_HEALTH_NUTRITION_AND_POPULATION', 'WB_621_HEALTH_NUTRITION_AND_POPULATION', 'WB_1430_MENTAL_HEALTH', 'WB_1430_MENTAL_HEALTH', 'WB_1430_MENTAL_HEALTH', 'WB_1430_MENTAL_HEALTH', 'WB_1430_MENTAL_HEALTH', 'WB_1430_MENTAL_HEALTH', 'WB_1430_MENTAL_HEALTH', 'WB_1430_MENTAL_HEALTH', 'WB_1430_MENTAL_HEALTH', 'WB_1430_MENTAL_HEALTH', 'WB_1430_MENTAL_HEALTH', 'WB_1430_MENTAL_HEALTH', 'WB_1430_MENTAL_HEALTH', 'WB_1430_MENTAL_HEALTH', 'WB_1430_MENTAL_HEALTH', 'WB_1430_MENTAL_HEALTH', 'WB_1430_MENTAL_HEALTH', 'WB_1427_NON_COMMUNICABLE_DISEASE_AND_INJURY', 'WB_1427_NON_COMMUNICABLE_DISEASE_AND_INJURY', 'WB_1427_NON_COMMUNICABLE_DISEASE_AND_INJURY', 'WB_1427_NON_COMMUNICABLE_DISEASE_AND_INJURY', 'WB_1427_NON_COMMUNICABLE_DISEASE_AND_INJURY', 'WB_1427_NON_COMMUNICABLE_DISEASE_AND_INJURY', 'WB_1427_NON_COMMUNICABLE_DISEASE_AND_INJURY', 'WB_1427_NON_COMMUNICABLE_DISEASE_AND_INJURY', 'WB_1427_NON_COMMUNICABLE_DISEASE_AND_INJURY', 'WB_1427_NON_COMMUNICABLE_DISEASE_AND_INJURY', 'WB_1427_NON_COMMUNICABLE_DISEASE_AND_INJURY', 'WB_1427_NON_COMMUNICABLE_DISEASE_AND_INJURY', 'WB_1427_NON_COMMUNICABLE_DISEASE_AND_INJURY', 'WB_1427_NON_COMMUNICABLE_DISEASE_AND_INJURY', 'WB_1427_NON_COMMUNICABLE_DISEASE_AND_INJURY', 'WB_1427_NON_COMMUNICABLE_DISEASE_AND_INJURY', 'WB_1427_NON_COMMUNICABLE_DISEASE_AND_INJURY', 'WB_678_DIGITAL_GOVERNMENT', 'WB_694_BROADCAST_AND_MEDIA', 'WB_133_INFORMATION_AND_COMMUNICATION_TECHNOLOGIES', 'GENERAL_HEALTH', 'GENERAL_HEALTH', 'GENERAL_HEALTH', 'GENERAL_HEALTH', 'GENERAL_HEALTH', 'GENERAL_HEALTH', 'GENERAL_HEALTH', 'GENERAL_HEALTH', 'GENERAL_HEALTH', 'GENERAL_HEALTH', 'GENERAL_HEALTH', 'GENERAL_HEALTH', 'GENERAL_HEALTH', 'GENERAL_HEALTH', 'GENERAL_HEALTH', 'GENERAL_HEALTH', 'GENERAL_HEALTH', 'MEDICAL', 'MEDICAL', 'MEDICAL', 'MEDICAL', 'MEDICAL', 'MEDICAL', 'MEDICAL', 'MEDICAL', 'MEDICAL', 'MEDICAL', 'MEDICAL', 'MEDICAL', 'MEDICAL', 'MEDICAL', 'MEDICAL', 'MEDICAL', 'MEDICAL', 'TAX_DISEASE_DEPRESSION']",3.27181208053691
20260412101500-548,20260412101500,wysu.org,https://wysu.org/npr-national-news/2026-04-12/the-real-space-science-behind-project-hail-mary,"['WB_1614_NUTRITIONAL_PROGRAMS', 'WB_1609_FOOD_AND_IN_KIND_TRANSFERS', 'WB_1615_THERAPEUTIC', 'WB_1466_SOCIAL_ASSISTANCE', 'WB_697_SOCIAL_PROTECTION_AND_LABOR', 'WB_137_WATER', 'TAX_DISEASE_MUSCLE_WASTING', 'TAX_FNCACT_DIRECTOR', 'TAX_FNCACT_TEACHER', 'TAX_DISEASE_BACTERIA', 'TAX_WORLDMAMMALS_HUMAN', 'TAX_WORLDMAMMALS_HUMAN', 'TAX_WORLDMAMMALS_HUMAN', 'TAX_WORLDMAMMALS_HUMAN', 'TAX_WORLDMAMMALS_HUMAN', 'EDUCATION', 'EDUCATION', 'EDUCATION', 'EDUCATION', 'EDUCATION', 'MANMADE_DISASTER_IMPLIED', 'MANMADE_DISASTER_IMPLIED', 'MANMADE_DISASTER_IMPLIED', 'MANMADE_DISASTER_IMPLIED', 'MANMADE_DISASTER_IMPLIED', 'SOC_POINTSOFINTEREST_SCHOOL', 'SOC_POINTSOFINTEREST_SCHOOL', 'SOC_POINTSOFINTEREST_SCHOOL', 'SOC_POINTSOFINTEREST_SCHOOL', 'SOC_POINTSOFINTEREST_SCHOOL', 'RECRUITMENT', 'RECRUITMENT', 'RECRUITMENT', 'UNGP_FORESTS_RIVERS_OCEANS', 'TAX_WORLDMAMMALS_WHALE', 'CRISISLEX_CRISISLEXREC', 'TAX_FNCACT_PROFESSOR', 'TAX_FNCACT_PROFESSOR', 'TAX_FNCACT_PROFESSOR', 'TAX_FNCACT_PROFESSOR', 'TAX_FNCACT_PROFESSOR', 'TAX_FNCACT_PROFESSOR', 'TAX_FNCACT_ASTRONAUT', 'TAX_FNCACT_SCIENTIST', 'TAX_FNCACT_SCIENTIST', 'PROTEST', 'TAX_WORLDMAMMALS_WOLF', 'AFFECT', 'SCIENCE', 'SCIENCE', 'SCIENCE', 'SCIENCE', 'SCIENCE', 'GENERAL_HEALTH', 'GENERAL_HEALTH', 'GENERAL_HEALTH', 'MEDICAL', 'MEDICAL', 'MEDICAL', 'WB_286_TELECOMMUNICATIONS_AND_BROADBAND_ACCESS', 'WB_2120_SATELLITES', 'WB_2329_ACCESS_AND_CONNECTIVITY', 'SOC_POINTSOFINTEREST_MIDDLE_SCHOOL', 'SOC_POINTSOFINTEREST_MIDDLE_SCHOOL', 'SOC_POINTSOFINTEREST_MIDDLE_SCHOOL', 'WB_1331_HEALTH_TECHNOLOGIES', 'WB_1331_HEALTH_TECHNOLOGIES', 'WB_1331_HEALTH_TECHNOLOGIES', 'WB_1350_PHARMACEUTICALS', 'WB_1350_PHARMACEUTICALS', 'WB_1350_PHARMACEUTICALS', 'WB_621_HEALTH_NUTRITION_AND_POPULATION', 'WB_621_HEALTH_NUTRITION_AND_POPULATION', 'WB_621_HEALTH_NUTRITION_AND_POPULATION', 'ENV_SOLAR', 'ENV_SOLAR', 'ENV_SOLAR', 'ENV_SOLAR', 'ENV_SOLAR', 'TAX_FNCACT_DOCTORS', 'CRISISLEX_C03_WELLBEING_HEALTH', 'TAX_WORLDMAMMALS_HUMANS', 'TAX_WORLDMAMMALS_HUMANS', 'TAX_WORLDMAMMALS_HUMANS', 'TAX_WORLDMAMMALS_HUMANS', 'TAX_WORLDMAMMALS_HUMANS', 'TAX_DISEASE_COMA', 'TAX_DISEASE_COMA', 'TAX_DISEASE_COMA', 'TAX_DISEASE_COMA', 'TAX_DISEASE_COMA', 'WB_678_DIGITAL_GOVERNMENT', 'WB_2943_SWITCHES', 'WB_667_ICT_INFRASTRUCTURE', 'WB_672_NETWORK_MANAGEMENT', 'WB_133_INFORMATION_AND_COMMUNICATION_TECHNOLOGIES', 'MARITIME_INCIDENT', 'MARITIME', 'IDEOLOGY', 'WB_644_NUTRITION', 'KILL', 'CRISISLEX_T03_DEAD', 'TAX_DISEASE_DIAPHRAGM', 'TAX_FNCACT_BIOLOGIST', 'SOC_POINTSOFINTEREST_UNIVERSITY', 'SOC_POINTSOFINTEREST_UNIVERSITY', 'SOC_POINTSOFINTEREST_UNIVERSITY', 'SOC_POINTSOFINTEREST_UNIVERSITY', 'SOC_POINTSOFINTEREST_UNIVERSITY', 'WB_1428_INJURY', 'WB_1406_DISEASES', 'WB_1427_NON_COMMUNICABLE_DISEASE_AND_INJURY', 'CRISISLEX_T02_INJURED', 'WB_165_AIR_TRANSPORT', 'WB_135_TRANSPORT', 'WB_164_MODES_OF_TRANSPORT', 'TAX_ECON_PRICE', 'TAX_FNCACT_ENGINEER', 'TAX_WORLDBIRDS_GREY_PARROT']",-0.0847457627118642
20260412101500-549,20260412101500,athens-times.com,https://athens-times.com/trumps-suspicious-iran-post-hints-at-naval-blockade-plan-after-talks-fail/,"['WB_698_TRADE', 'MARITIME_INCIDENT', 'MARITIME', 'MANMADE_DISASTER_IMPLIED', 'USPEC_POLICY1', 'USPEC_POLICY1', 'USPEC_POLICY1', 'EPU_ECONOMY', 'EPU_ECONOMY', 'EPU_ECONOMY', 'EPU_ECONOMY_HISTORIC', 'EPU_ECONOMY_HISTORIC', 'EPU_ECONOMY_HISTORIC', 'MEDIA_MSM', 'WB_539_OIL_AND_GAS_POLICY_STRATEGY_AND_INSTITUTIONS', 'WB_507_ENERGY_AND_EXTRACTIVES', 'WB_2290_OIL_AND_GAS_EXPORT', 'WB_544_MID_AND_DOWNSTREAM_OIL_AND_GAS', 'LEADER', 'TAX_FNCACT_PRESIDENT', 'USPEC_POLITICS_GENERAL1', 'TAX_FNCACT_OFFICIALS', 'ENV_OIL', 'ENV_OIL', 'ENV_OIL', 'EPU_CATS_NATIONAL_SECURITY', 'EPU_CATS_NATIONAL_SECURITY', 'EPU_CATS_NATIONAL_SECURITY', 'NEGOTIATIONS', 'WB_696_PUBLIC_SECTOR_MANAGEMENT', 'WB_840_JUSTICE', 'WB_2473_DIPLOMACY_AND_NEGOTIATIONS', 'WB_939_NEGOTIATION', 'WB_2470_PEACE_OPERATIONS_AND_CONFLICT_MANAGEMENT', 'WB_936_ALTERNATIVE_DISPUTE_RESOLUTION', 'WB_2432_FRAGILITY_CONFLICT_AND_VIOLENCE', 'WB_843_DISPUTE_RESOLUTION', 'WB_2471_PEACEKEEPING', 'WB_678_DIGITAL_GOVERNMENT', 'WB_694_BROADCAST_AND_MEDIA', 'WB_133_INFORMATION_AND_COMMUNICATION_TECHNOLOGIES', 'CRISISLEX_CRISISLEXREC', 'TAX_ETHNICITY_IRANIAN', 'BLOCKADE', 'BLOCKADE', 'BLOCKADE', 'BLOCKADE', 'SEIGE', 'SEIGE', 'SEIGE', 'SEIGE', 'MEDIA_SOCIAL', 'WB_652_ICT_APPLICATIONS', 'WB_662_SOCIAL_MEDIA', 'WB_658_ENTERPRISE_APPLICATIONS']",-4.78260869565217
20260412101500-550,20260412101500,pakistantoday.com.pk,https://www.pakistantoday.com.pk/2026/04/12/us-appeals-court-lets-white-house-ballroom-work-continue-until-april-17,"['UNGP_FORESTS_RIVERS_OCEANS', 'EPU_POLICY_WHITE_HOUSE', 'EPU_POLICY_WHITE_HOUSE', 'EPU_POLICY_WHITE_HOUSE', 'EPU_POLICY_WHITE_HOUSE', 'TRIAL', 'CRISISLEX_C07_SAFETY', 'LEADER', 'LEADER', 'TAX_FNCACT_PRESIDENT', 'TAX_FNCACT_PRESIDENT', 'USPEC_POLITICS_GENERAL1', 'USPEC_POLITICS_GENERAL1']",-2.3121387283237
20260412101500-551,20260412101500,nbcnewyork.com,https://www.nbcnewyork.com/news/national-international/what-do-kids-mean-when-they-say-you-the-birthday/6488784/,"['TAX_FNCACT_CANDIDATE', 'TAX_ETHNICITY_BLACK', 'LITERACY', 'UNGP_EDUCATION', 'CRISISLEX_T03_DEAD', 'TAX_ETHNICITY_ENGLISH', 'TAX_WORLDLANGUAGES_ENGLISH', 'MEDIA_SOCIAL', 'WB_652_ICT_APPLICATIONS', 'WB_662_SOCIAL_MEDIA', 'WB_658_ENTERPRISE_APPLICATIONS', 'TAX_FNCACT_CLOWN', 'TAX_ETHNICITY_AMERICAN', 'WB_678_DIGITAL_GOVERNMENT', 'WB_694_BROADCAST_AND_MEDIA', 'WB_133_INFORMATION_AND_COMMUNICATION_TECHNOLOGIES']",4.55407969639469
20260412101500-552,20260412101500,smh.com.au,https://www.smh.com.au/national/victoria/metro-we-have-a-problem-tunnel-trains-being-investigated-over-possible-defect-20260410-p5zmwf.html,"['MEDIA_MSM', 'MEDIA_MSM', 'TAX_FNCACT_REPORTER', 'TAX_FNCACT_REPORTER', 'WB_135_TRANSPORT', 'PUBLIC_TRANSPORT', 'PUBLIC_TRANSPORT', 'PUBLIC_TRANSPORT', 'PUBLIC_TRANSPORT', 'PUBLIC_TRANSPORT', 'PUBLIC_TRANSPORT', 'PUBLIC_TRANSPORT', 'PUBLIC_TRANSPORT', 'TAX_FNCACT_DRIVERS', 'AFFECT', 'CRISISLEX_C04_LOGISTICS_TRANSPORT', 'MANMADE_DISASTER_IMPLIED', 'MANMADE_DISASTER_IMPLIED', 'MANMADE_DISASTER_IMPLIED', 'MANMADE_DISASTER_IMPLIED', 'TAX_FNCACT_SPOKESPERSON', 'EVACUATION', 'CRISISLEX_CRISISLEXREC', 'CRISISLEX_T09_DISPLACEDRELOCATEDEVACUATED', 'EPU_ECONOMY_HISTORIC', 'WB_2207_THEMATIC_BASED_PPPS', 'WB_2206_PUBLIC_PRIVATE_PARTNERSHIPS', 'WB_999_PPP_IN_IRRIGATION', 'TAX_FNCACT_DRIVER', 'TAX_FNCACT_DRIVER', 'TAX_FNCACT_DRIVER', 'TAX_FNCACT_DRIVER', 'WB_2745_JOB_QUALITY_AND_LABOR_MARKET_PERFORMANCE', 'WB_2670_JOBS', 'WB_2689_JOBS_DIAGNOSTICS', 'WB_2748_EMPLOYMENT']",-4.88245931283906
20260412101500-553,20260412101500,minotdailynews.com,https://www.minotdailynews.com/news/local-news/2026/04/park-district-announces-2026-movies-in-the-park/,['NATURAL_DISASTER_TWISTERS'],3.8961038961039
20260412101500-554,20260412101500,malverngazette.co.uk,https://www.malverngazette.co.uk/news/26009603.welly-wanging-worcester-worcestershire-years/,"['TAX_FNCACT_MAN', 'EDUCATION', 'SOC_POINTSOFINTEREST_SCHOOL', 'TAX_WORLDBIRDS_REDWING', 'WB_137_WATER', 'UNGP_FORESTS_RIVERS_OCEANS', 'TAX_FNCACT_WOMEN', 'TAX_FNCACT_WOMEN', 'TAX_WORLDMAMMALS_FOX', 'SOC_POINTSOFINTEREST_HIGH_SCHOOL', 'WB_1467_EDUCATION_FOR_ALL', 'WB_470_EDUCATION', 'WB_2131_EMPLOYABILITY_SKILLS_AND_JOBS', 'WB_1484_EDUCATION_SKILLS_DEVELOPMENT_AND_LABOR_MARKET']",2.35756385068762
20260412101500-555,20260412101500,jwire.com.au,https://www.jwire.com.au/no-agreement-with-iran-vance-says-after-marathon-negotiations-in-pakistan/,"['WB_2433_CONFLICT_AND_VIOLENCE', 'MEDIA_MSM', 'MEDIA_MSM', 'MEDIA_MSM', 'MEDIA_MSM', 'CRISISLEX_CRISISLEXREC', 'ALLIANCE', 'TAX_ETHNICITY_IRANIAN', 'TAX_ETHNICITY_IRANIAN', 'TAX_ETHNICITY_IRANIAN', 'TAX_ETHNICITY_IRANIAN', 'TAX_ETHNICITY_IRANIAN', 'TAX_ETHNICITY_IRANIAN', 'TAX_ETHNICITY_IRANIAN', 'TAX_ETHNICITY_IRANIAN', 'CRISISLEX_T11_UPDATESSYMPATHY', 'WMD', 'WMD', 'TAX_FNCACT_ENVOY', 'UNGP_FORESTS_RIVERS_OCEANS', 'TAX_ETHNICITY_AMERICAN', 'TAX_ETHNICITY_AMERICAN', 'TAX_ECON_PRICE', 'ARMEDCONFLICT', 'EPU_CATS_NATIONAL_SECURITY', 'TAX_ETHNICITY_IRANIANS', 'TAX_ETHNICITY_IRANIANS', 'TAX_ETHNICITY_IRANIANS', 'FUELPRICES', 'SANCTIONS', 'TAX_RELIGION_ISLAMIC', 'ENV_OIL', 'GENERAL_GOVERNMENT', 'GENERAL_GOVERNMENT', 'GENERAL_GOVERNMENT', 'LEADER', 'LEADER', 'LEADER', 'LEADER', 'LEADER', 'LEADER', 'LEADER', 'LEADER', 'LEADER', 'LEADER', 'LEADER', 'TAX_FNCACT_PRESIDENT', 'TAX_FNCACT_PRESIDENT', 'TAX_FNCACT_PRESIDENT', 'TAX_FNCACT_PRESIDENT', 'TAX_FNCACT_PRESIDENT', 'TAX_FNCACT_PRESIDENT', 'TAX_FNCACT_PRESIDENT', 'TAX_FNCACT_PRESIDENT', 'TAX_FNCACT_PRESIDENT', 'TAX_FNCACT_PRESIDENT', 'TAX_FNCACT_PRESIDENT', 'USPEC_POLITICS_GENERAL1', 'USPEC_POLITICS_GENERAL1', 'USPEC_POLITICS_GENERAL1', 'USPEC_POLITICS_GENERAL1', 'USPEC_POLITICS_GENERAL1', 'USPEC_POLITICS_GENERAL1', 'USPEC_POLITICS_GENERAL1', 'USPEC_POLITICS_GENERAL1', 'USPEC_POLITICS_GENERAL1', 'USPEC_POLITICS_GENERAL1', 'USPEC_POLITICS_GENERAL1', 'TAX_FNCACT_OFFICIALS', 'TAX_FNCACT_OFFICIALS', 'TAX_FNCACT_VICE_PRESIDENT', 'TAX_FNCACT_VICE_PRESIDENT', 'TAX_FNCACT_VICE_PRESIDENT', 'TAX_FNCACT_VICE_PRESIDENT', 'TAX_FNCACT_VICE_PRESIDENT', 'TAX_FNCACT_VICE_PRESIDENT', 'ENV_WATERWAYS', 'WB_1805_WATERWAYS', 'WB_135_TRANSPORT', 'WB_1803_TRANSPORT_INFRASTRUCTURE', 'NEGOTIATIONS', 'NEGOTIATIONS', 'NEGOTIATIONS', 'WB_696_PUBLIC_SECTOR_MANAGEMENT', 'WB_696_PUBLIC_SECTOR_MANAGEMENT', 'WB_696_PUBLIC_SECTOR_MANAGEMENT', 'WB_840_JUSTICE', 'WB_840_JUSTICE', 'WB_840_JUSTICE', 'WB_2473_DIPLOMACY_AND_NEGOTIATIONS', 'WB_2473_DIPLOMACY_AND_NEGOTIATIONS', 'WB_2473_DIPLOMACY_AND_NEGOTIATIONS', 'WB_939_NEGOTIATION', 'WB_939_NEGOTIATION', 'WB_939_NEGOTIATION', 'WB_2470_PEACE_OPERATIONS_AND_CONFLICT_MANAGEMENT', 'WB_2470_PEACE_OPERATIONS_AND_CONFLICT_MANAGEMENT', 'WB_2470_PEACE_OPERATIONS_AND_CONFLICT_MANAGEMENT', 'WB_936_ALTERNATIVE_DISPUTE_RESOLUTION', 'WB_936_ALTERNATIVE_DISPUTE_RESOLUTION', 'WB_936_ALTERNATIVE_DISPUTE_RESOLUTION', 'WB_2432_FRAGILITY_CONFLICT_AND_VIOLENCE', 'WB_2432_FRAGILITY_CONFLICT_AND_VIOLENCE', 'WB_2432_FRAGILITY_CONFLICT_AND_VIOLENCE', 'WB_843_DISPUTE_RESOLUTION', 'WB_843_DISPUTE_RESOLUTION', 'WB_843_DISPUTE_RESOLUTION', 'WB_2471_PEACEKEEPING', 'WB_2471_PEACEKEEPING', 'WB_2471_PEACEKEEPING', 'TAX_FNCACT_SPEAKER', 'CEASEFIRE']",1.29449838187702
20260412101500-556,20260412101500,peoplesreview.com.np,https://peoplesreview.com.np/2026/04/12/pm-shahs-india-visit-agreed-upon-date-to-be-fixed/,"['LEADER', 'LEADER', 'LEADER', 'LEADER', 'LEADER', 'LEADER', 'TAX_FNCACT_PRIME_MINISTER', 'TAX_FNCACT_PRIME_MINISTER', 'TAX_FNCACT_PRIME_MINISTER', 'TAX_FNCACT_PRIME_MINISTER', 'TAX_FNCACT_PRIME_MINISTER', 'TAX_FNCACT_PRIME_MINISTER', 'TAX_FNCACT_FOREIGN_MINISTERS', 'TAX_FNCACT_FOREIGN_MINISTERS', 'TAX_FNCACT_SECRETARY', 'TAX_FNCACT_SECRETARY', 'TAX_FNCACT_SECRETARY', 'TAX_FNCACT_FOREIGN_MINISTER', 'TAX_FNCACT_FOREIGN_MINISTER', 'TAX_FNCACT_FOREIGN_MINISTER', 'TAX_ETHNICITY_INDIAN', 'TAX_ETHNICITY_INDIAN', 'TAX_ETHNICITY_INDIAN', 'TAX_ETHNICITY_INDIAN', 'TAX_ETHNICITY_INDIAN', 'TAX_ETHNICITY_INDIAN', 'TAX_ETHNICITY_INDIAN', 'TAX_ETHNICITY_INDIAN', 'GENERAL_GOVERNMENT', 'EPU_POLICY_GOVERNMENT', 'TAX_WORLDLANGUAGES_BALEN', 'UNGP_FORESTS_RIVERS_OCEANS', 'USPEC_POLICY1', 'USPEC_POLICY1', 'EPU_POLICY_POLICY', 'EPU_POLICY_POLICY', 'ELECTION', 'TAX_FNCACT_MINISTER', 'TAX_FNCACT_MINISTER', 'TAX_FNCACT_MINISTER', 'TAX_FNCACT_MINISTER', 'TAX_FNCACT_MINISTER', 'TAX_FNCACT_MINISTER', 'TAX_FNCACT_MINISTER', 'TAX_FNCACT_MINISTER', 'TAX_FNCACT_MINISTER', 'TAX_FNCACT_MINISTER', 'TAX_FNCACT_MINISTER', 'TAX_FNCACT_MINISTER', 'TAX_FNCACT_MINISTER', 'TAX_FNCACT_MINISTER', 'MEDIA_MSM', 'TAX_FNCACT_MINISTERS', 'TAX_FNCACT_MINISTERS']",1.84049079754601
20260412101500-557,20260412101500,kashmirreader.com,https://kashmirreader.com/2026/04/12/armys-white-knight-corps-joins-100-days-long-anti-drug-campaign-in-jk/,"['WB_471_ECONOMIC_GROWTH', 'WB_1078_DETERMINANTS_OF_GROWTH', 'WB_1081_FINANCE_AND_GROWTH', 'WB_863_FDI_SPILLOVERS', 'LEADER', 'TAX_FNCACT_GOVERNOR', 'SECURITY_SERVICES', 'TAX_FNCACT_POLICE', 'CRISISLEX_C07_SAFETY', 'MILITARY', 'MILITARY', 'MILITARY', 'TAX_FNCACT_CHIEF', 'TAX_FNCACT_KNIGHT', 'TAX_FNCACT_KNIGHT', 'WB_1406_DISEASES', 'WB_1437_SOCIAL_DETERMINANTS_FOR_HEALTH', 'WB_1438_ALCOHOL_AND_SUBSTANCE_ABUSE', 'WB_621_HEALTH_NUTRITION_AND_POPULATION', 'WB_1427_NON_COMMUNICABLE_DISEASE_AND_INJURY', 'TAX_FNCACT_AUTHORITIES', 'CRISISLEX_CRISISLEXREC', 'EPU_POLICY_AUTHORITIES', 'SOC_POINTSOFINTEREST_SCHOOLS', 'RELIGION', 'TAX_MILITARY_TITLE_CHIEF_OF_STAFF', 'TAX_FNCACT_CHIEF_OF_STAFF', 'EDUCATION', 'SOC_POINTSOFINTEREST_SCHOOL', 'WB_1331_HEALTH_TECHNOLOGIES', 'WB_2453_ORGANIZED_CRIME', 'WB_1350_PHARMACEUTICALS', 'WB_2433_CONFLICT_AND_VIOLENCE', 'WB_2432_FRAGILITY_CONFLICT_AND_VIOLENCE', 'WB_2456_DRUGS_AND_NARCOTICS', 'GENERAL_HEALTH', 'MEDICAL', 'CRISISLEX_C03_WELLBEING_HEALTH', 'TAX_FNCACT_CHILDREN', 'TAX_FNCACT_OFFICIALS', 'TAX_FNCACT_OFFICIAL', 'TAX_FNCACT_LEADERS', 'TAX_FNCACT_LEADERS', 'ARMEDCONFLICT', 'TAX_FNCACT_SPOKESMAN', 'TAX_FNCACT_SPOKESMAN', 'TAX_FNCACT_SPOKESMAN']",3.00751879699248
